Dates,AACCHIA CI EQUITY,BCHDECH CI EQUITY,CCHIACB CI EQUITY,CELFFIB CI EQUITY,CFICOMDP CI EQUITY,CFIETFCC CI EQUITY,CFIMPIO CI EQUITY,CFIQAC CI EQUITY,DCORPCH CI EQUITY,ECH US EQUITY,FALCFIW CI EQUITY,FALCTNV CI EQUITY,IMTDECI CI EQUITY,IMTSCLI CI EQUITY,MBIARANV CI EQUITY,MBIRFANV CI EQUITY,MODUECH CI EQUITY,MRCLP CI EQUITY,TCHIEQB CI EQUITY,TOESCA CI EQUITY
2006-01-02,,,,27237.0666,,,2515.7743,,,,,,,,18836.8168,,,,,
2006-01-03,,,,27165.4857,,,2535.6311,,,,,,,,18807.8964,,,,,
2006-01-04,,,,27266.9662,,,2554.9414,,,,,,,,19210.0804,,,,,
2006-01-05,,,,27326.8131,,,2566.5017,,,,,,,,19549.3991,,,,,
2006-01-06,,,,27502.5781,,,2590.7901,,,,,,,,19861.111,,,,,
2006-01-09,,,,27500.0914,,,2590.8649,,,,,,,,19702.5523,,,,,
2006-01-10,,,,27514.4316,,,2588.2511,,,,,,,,19555.3287,,,,,
2006-01-11,,,,27513.4522,,,2591.6975,,,,,,,,19763.2241,,,,,
2006-01-12,,,,27519.993,,,2604.8445,,,,,,,,19977.4319,,,,,
2006-01-13,,,,27400.539,,,2617.0373,,,,,,,,19934.7009,,,,,
2006-01-16,,,,27382.4989,,,2597.1002,,,,,,,,19770.7602,,,,,
2006-01-17,,,,27316.8147,,,2586.8382,,,,,,,,19735.2902,,,,,
2006-01-18,,,,27326.3103,,,2573.5003,,,,,,,,19476.9442,,,,,
2006-01-19,,,,27387.9986,,,2585.435,,,,,,,,19677.0871,,,,,
2006-01-20,,,,27343.5412,,,2591.4461,,,,,,,,19701.2026,,,,,
2006-01-23,,,,27323.665,,,2577.673,,,,,,,,19484.1855,,,,,
2006-01-24,,,,27341.6602,,,2592.5641,,,,,,,,19389.6917,,,,,
2006-01-25,,,,27405.1234,,,2586.479,,,,,,,,19745.08,,,,,
2006-01-26,,,,27404.6729,,,2590.3107,,,,,,,,19895.9879,,,,,
2006-01-27,,,,27521.2075,,,2601.4764,,,,,,,,19882.9502,,,,,
2006-01-30,,,,27740.1766,,,2604.2752,,,,,,,,19874.7183,,,,,
2006-01-31,,,,27646.1019,,,2611.6009,,,,,,,,19901.1721,,,,,
2006-02-01,,,,27688.8768,,,2614.724,,,,,,,,19879.212,,,,,
2006-02-02,,,,27810.7402,,,2615.2208,,,,,,,,19863.0374,,,,,
2006-02-03,,,,27803.3509,,,2613.8587,,,,,,,,19860.7592,,,,,
2006-02-06,,,,27980.1562,,,2623.7022,,,,,,,,19761.3347,,,,,
2006-02-07,,,,27969.7087,,,2629.1081,,,,,,,,19800.7589,,,,,
2006-02-08,,,,28058.3848,,,2630.1724,,,,,,,,19795.1792,,,,,
2006-02-09,,,,28298.132,,,2641.2692,,,,,,,,19892.0077,,,,,
2006-02-10,,,,28394.8113,,,2646.9906,,,,,,,,20051.677,,,,,
2006-02-13,,,,28340.6033,,,2639.4509,,,,,,,,20110.1923,,,,,
2006-02-14,,,,28273.0964,,,2641.8364,,,,,,,,20083.812,,,,,
2006-02-15,,,,28276.8467,,,2639.6,,,,,,,,20111.0027,,,,,
2006-02-16,,,,28209.9325,,,2632.3226,,,,,,,,19981.8597,,,,,
2006-02-17,,,,28230.5608,,,2627.6318,,,,,,,,19858.1202,,,,,
2006-02-20,,,,28194.9619,,,2623.5704,,,,,,,,19859.1508,,,,,
2006-02-21,,,,28217.3552,,,2623.1942,,,,,,,,19932.4408,,,,,
2006-02-22,,,,28199.4763,,,2633.0909,,,,,,,,20140.1328,,,,,
2006-02-23,,,,28284.99,,,2639.5397,,,,,,,,20257.1018,,,,,
2006-02-24,,,,28303.3101,,,2646.9669,,,,,,,,20333.1019,,,,,
2006-02-27,,,,28388.159,,,2651.9295,,,,,,,,20411.8731,,,,,
2006-02-28,,,,28512.436,,,2666.912,,,,,,,,20537.5165,,,,,
2006-03-01,,,,28594.0571,,,2667.1822,,,,,,,,20467.6316,,,,,
2006-03-02,,,,28594.5043,,,2672.4652,,,,,,,,20465.1205,,,,,
2006-03-03,,,,28753.4064,,,2676.8829,,,,,,,,20494.0308,,,,,
2006-03-06,,,,28765.6563,,,2679.3742,,,,,,,,20453.4982,,,,,
2006-03-07,,,,28743.9171,,,2665.8984,,,,,,,,20374.1451,,,,,
2006-03-08,,,,28734.152,,,2655.9828,,,,,,,,20259.3767,,,,,
2006-03-09,,,,28770.4333,,,2665.9166,,,,,,,,20425.2603,,,,,
2006-03-10,,,,28844.3246,,,2669.2866,,,,,,,,20471.3541,,,,,
2006-03-13,,,,29091.6806,,,2688.8328,,,,,,,,20628.1348,,,,,
2006-03-14,,,,29033.9535,,,2685.8404,,,,,,,,20712.3453,,,,,
2006-03-15,,,,29098.2054,,,2709.8215,,,,,,,,20842.9097,,,,,
2006-03-16,,,,29048.5339,,,2708.6313,,,,,,,,20841.7499,,,,,
2006-03-17,,,,29090.8899,,,2716.6312,,,,,,,,20885.6205,,,,,
2006-03-20,,,,28981.3917,,,2718.4639,,,,,,,,20899.3999,,,,,
2006-03-21,,,,28863.9381,,,2705.9083,,,,,,,,20961.2039,,,,,
2006-03-22,,,,28899.7492,,,2700.9211,,,,,,,,20776.9277,,,,,
2006-03-23,,,,28987.7738,,,2713.6975,,,,,,,,20772.6787,,,,,
2006-03-24,,,,29077.0412,,,2721.5925,,,,,,,,20814.0999,,,,,
2006-03-27,,,,29083.0759,,,2727.101,,,,,,,,20821.3439,,,,,
2006-03-28,,,,29037.4567,,,2725.9865,,,,,,,,20843.7676,,,,,
2006-03-29,,,,29146.2742,,,2730.183,,,,,,,,20895.1262,,,,,
2006-03-30,,,,29143.7228,,,2732.1216,,,,,,,,20913.2121,,,,,
2006-03-31,,,,29341.6831,,,2740.3796,,,,,,,,20968.6394,,,,,
2006-04-03,,,,29497.7459,,,2753.1446,,,,,,,,20880.3847,,,,,
2006-04-04,,,,29501.7081,,,2753.7923,,,,,,,,20749.0075,,,,,
2006-04-05,,,,29497.0983,,,2748.8446,,,,,,,,20723.1132,,,,,
2006-04-06,,,,29615.6258,,,2753.9855,,,,,,,,20812.6446,,,,,
2006-04-07,,,,29704.1754,,,2755.4009,,,,,,,,20783.3474,,,,,
2006-04-10,,,,29653.3913,,,2753.7758,,,,,,,,20659.0883,,,,,
2006-04-11,,,,29578.598,,,2750.1423,,,,,,,,20472.9697,,,,,
2006-04-12,,,,29561.4711,,,2747.7009,,,,,,,,20472.7624,,,,,
2006-04-13,,,,29638.0838,,,2750.1751,,,,,,,,20635.3893,,,,,
2006-04-14,,,,29637.1422,,,2751.8518,,,,,,,,20634.0134,,,,,
2006-04-17,,,,29577.6146,,,2750.8179,,,,,,,,20860.5147,,,,,
2006-04-18,,,,29592.501,,,2764.0281,,,,,,,,21011.1362,,,,,
2006-04-19,,,,29495.198,,,2771.9998,,,,,,,,20969.0547,,,,,
2006-04-20,,,,29569.6607,,,2777.7423,,,,,,,,20997.9302,,,,,
2006-04-21,,,,29564.7706,,,2794.7435,,,,,,,,21052.9494,,,,,
2006-04-24,,,,29773.3761,,,2830.7959,,,,,,,,21069.7546,,,,,
2006-04-25,,,,29898.8782,,,2881.0907,,,,,,,,21216.1075,,,,,
2006-04-26,,,,29989.714,,,2899.2213,,,,,,,,21354.8867,,,,,
2006-04-27,,,,30208.965,,,2910.3259,,,,,,,,21492.5643,,,,,
2006-04-28,,,,30303.9634,,,2908.0605,,,,,,,,21499.896,,,,,
2006-05-01,,,,30301.1874,,,2907.6893,,,,,,,,21496.7441,,,,,
2006-05-02,,,,30436.6881,,,2905.7958,,,,,,,,21578.8293,,,,,
2006-05-03,,,,30469.1946,,,2912.2477,,,,,,,,21562.6914,,,,,
2006-05-04,,,,30366.7733,,,2903.4717,,,,,,,,21419.8827,,,,,
2006-05-05,,,,30440.4159,,,2932.0527,,,,,,,,21513.8315,,,,,
2006-05-08,,,,30468.6167,,,2944.4268,,,,,,,,21641.9759,,,,,
2006-05-09,,,,30493.8818,,,2962.0824,,,,,,,,21681.7693,,,,,
2006-05-10,,,,30635.8578,,,2955.1689,,,,,,,,21665.3601,,,,,
2006-05-11,,,,30843.3992,,,2966.2897,,,,,,,,21657.112,,,,,
2006-05-12,,,,30850.2249,,,2969.4962,,,,,,,,21542.6448,,,,,
2006-05-15,,,,31094.5235,,,2934.6773,,,,,,,,21351.3271,,,,,
2006-05-16,,,,31216.8673,,,2933.544,,,,,,,,21379.5321,,,,,
2006-05-17,,,,31349.461,,,2929.5515,,,,,,,,21136.2849,,,,,
2006-05-18,,,,31263.6791,,,2910.0814,,,,,,,,20993.7193,,,,,
2006-05-19,,,,31292.91,,,2917.0457,,,,,,,,20960.0104,,,,,
2006-05-22,,,,30869.0088,,,2870.6352,,,,,,,,20953.8156,,,,,
2006-05-23,,,,30809.6871,,,2857.7535,,,,,,,,21202.0473,,,,,
2006-05-24,,,,30666.2507,,,2840.9627,,,,,,,,20913.2883,,,,,
2006-05-25,,,,30596.0863,,,2859.7229,,,,,,,,21120.3951,,,,,
2006-05-26,,,,30576.411,,,2850.833,,,,,,,,21159.4087,,,,,
2006-05-29,,,,30607.4426,,,2849.2927,,,,,,,,21058.1101,,,,,
2006-05-30,,,,30551.6749,,,2835.1217,,,,,,,,20801.1638,,,,,
2006-05-31,,,,30437.5381,,,2840.0724,,,,,,,,21222.5047,,,,,
2006-06-01,,,,30406.4294,,,2827.0542,,,,,,,,21330.7574,,,,,
2006-06-02,,,,30454.5538,,,2847.3085,,,,,,,,21445.8522,,,,,
2006-06-05,,,,30441.8651,,,2840.4085,,,,,,,,21518.6379,,,,,
2006-06-06,,,,30688.5724,,,2827.3521,,,,,,,,21315.9712,,,,,
2006-06-07,,,,30394.5706,,,2795.7774,,,,,,,,21195.8208,,,,,
2006-06-08,,,,30268.9018,,,2768.5271,,,,,,,,20877.0498,,,,,
2006-06-09,,,,30247.6779,,,2778.8516,,,,,,,,21131.7949,,,,,
2006-06-12,,,,30244.574,,,2778.5605,,,,,,,,21126.3928,,,,,
2006-06-13,,,,29882.0858,,,2735.0025,,,,,,,,20144.502,,,,,
2006-06-14,,,,29849.5352,,,2687.0576,,,,,,,,19859.4438,,,,,
2006-06-15,,,,29577.052,,,2717.0306,,,,,,,,20609.5537,,,,,
2006-06-16,,,,29582.0918,,,2753.7665,,,,,,,,20848.8145,,,,,
2006-06-19,,,,29557.4793,,,2725.9287,,,,,,,,20693.5968,,,,,
2006-06-20,,,,29489.3307,,,2717.495,,,,,,,,20533.1968,,,,,
2006-06-21,,,,29591.4187,,,2719.4693,,,,,,,,20655.3252,,,,,
2006-06-22,,,,29497.7678,,,2717.589,,,,,,,,20738.4712,,,,,
2006-06-23,,,,29517.7412,,,2725.6259,,,,,,,,20877.3718,,,,,
2006-06-26,,,,29514.7106,,,2725.7899,,,,,,,,20801.463,,,,,
2006-06-27,,,,29596.121,,,2727.749,,,,,,,,20778.987,,,,,
2006-06-28,,,,29597.5436,,,2723.6197,,,,,,,,20722.736,,,,,
2006-06-29,,,,29666.275,,,2746.8074,,,,,,,,21304.6962,,,,,
2006-06-30,,,,29770.475,,,2777.1529,,,,,,,,21460.604,,,,,
2006-07-03,,,,29828.9709,,,2785.188,,,,,,,,21586.0828,,,,,
2006-07-04,,,,29788.7216,,,2784.8159,,,,,,,,21619.8484,,,,,
2006-07-05,,,,29660.0309,,,2762.0941,,,,,,,,21414.1202,,,,,
2006-07-06,,,,29636.4326,,,2758.0763,,,,,,,,21504.3237,,,,,
2006-07-07,,,,29563.4287,,,2749.3935,,,,,,,,21449.3791,,,,,
2006-07-10,,,,29665.6175,,,2743.8144,,,,,,,,21263.6987,,,,,
2006-07-11,,,,29667.6228,,,2743.3199,,,,,,,,21166.4298,,,,,
2006-07-12,,,,29642.2559,,,2743.0956,,,,,,,,21350.2637,,,,,
2006-07-13,,,,29580.0203,,,2733.4488,,,,,,,,21102.7605,,,,,
2006-07-14,,,,29479.159,,,2721.87,,,,,,,,20800.0405,,,,,
2006-07-17,,,,29419.0121,,,2715.2255,,,,,,,,20694.9398,,,,,
2006-07-18,,,,29419.1078,,,2713.5489,,,,,,,,20780.8758,,,,,
2006-07-19,,,,29453.5009,,,2723.8814,,,,,,,,21263.2206,,,,,
2006-07-20,,,,29512.2837,,,2734.9039,,,,,,,,21452.6063,,,,,
2006-07-21,,,,29497.1933,,,2721.4487,,,,,,,,21258.6546,,,,,
2006-07-24,,,,29520.7815,,,2721.8504,,,,,,,,21420.5643,,,,,
2006-07-25,,,,29553.672,,,2722.5151,,,,,,,,21575.8578,,,,,
2006-07-26,,,,29506.7549,,,2724.7389,,,,,,,,21744.8917,,,,,
2006-07-27,,,,29613.2267,,,2738.7372,,,,,,,,21989.0614,,,,,
2006-07-28,,,,29742.47,,,2745.9855,,,,,,,,21986.0749,,,,,
2006-07-31,,,,29856.8405,,,2751.6848,,,,,,,,21913.527,,,,,
2006-08-01,,,,29952.7992,,,2755.4833,,,,,,,,21705.019,,,,,
2006-08-02,,,,30007.1668,,,2777.1465,,,,,,,,21971.7923,,,,,
2006-08-03,,,,30019.4302,,,2781.3303,,,,,,,,21962.4528,,,,,
2006-08-04,,,,29991.3173,,,2797.6373,,,,,,,,22128.6518,,,,,
2006-08-07,,,,29988.2351,,,2794.0409,,,,,,,,22017.6474,,,,,
2006-08-08,,,,29929.2182,,,2793.5959,,,,,,,,22086.6842,,,,,
2006-08-09,,,,29934.293,,,2801.0218,,,,,,,,22204.2498,,,,,
2006-08-10,,,,29972.5014,,,2808.211,,,,,,,,22193.8897,,,,,
2006-08-11,,,,30050.0806,,,2817.5002,,,,,,,,22217.0667,,,,,
2006-08-14,,,,29978.1435,,,2813.1865,,,,,,,,22269.9874,,,,,
2006-08-15,,,,29977.1521,,,2813.0968,,,,,,,,22268.1455,,,,,
2006-08-16,,,,30024.5126,,,2816.6551,,,,,,,,22483.9464,,,,,
2006-08-17,,,,30087.6136,,,2822.9025,,,,,,,,22531.4664,,,,,
2006-08-18,,,,30127.7335,,,2823.4969,,,,,,,,22527.0897,,,,,
2006-08-21,,,,30179.9458,,,2821.9907,,,,,,,,22475.0799,,,,,
2006-08-22,,,,30252.2057,,,2832.3727,,,,,,,,22671.0917,,,,,
2006-08-23,,,,30283.0505,,,2838.4163,,,,,,,,22595.6041,,,,,
2006-08-24,,,,30243.6481,,,2840.1009,,,,,,,,22563.1592,,,,,
2006-08-25,,,,30235.3569,,,2841.1596,,,,,,,,22580.5622,,,,,
2006-08-28,,,,30343.4756,,,2856.4505,,,,,,,,22705.2297,,,,,
2006-08-29,,,,30450.2897,,,2872.3994,,,,,,,,22795.6495,,,,,
2006-08-30,,,,30445.6971,,,2885.5204,,,,,,,,22795.6495,,,,,
2006-08-31,,,,30476.8471,,,2897.4873,,,,,,,,22795.6495,,,,,
2006-09-01,,,,30491.4498,,,2905.5267,,,,,,,,23404.1361,,,,,
2006-09-04,,,,30519.802,,,2907.8412,,,,,,,,23422.7999,,,,,
2006-09-05,,,,30555.1449,,,2922.4801,,,,,,,,23422.7999,,,,,
2006-09-06,,,,30538.198,,,2917.3533,,,,,,,,23342.0515,,,,,
2006-09-07,,,,30533.4373,,,2911.0297,,,,,,,,23192.3584,,,,,
2006-09-08,,,,30529.1529,,,2904.0419,,,,,,,,23196.2366,,,,,
2006-09-11,,,,30529.299,,,2899.2224,,,,,,,,23194.5253,,,,,
2006-09-12,,,,30583.4949,,,2914.103,,,,,,,,23245.3933,,,,,
2006-09-13,,,,30589.8777,,,2919.4898,,,,,,,,23313.152,,,,,
2006-09-14,,,,30561.6612,,,2919.9343,,,,,,,,23413.6598,,,,,
2006-09-15,,,,30625.9638,,,2925.9149,,,,,,,,23468.6944,,,,,
2006-09-18,,,,30630.2569,,,2925.6277,,,,,,,,23471.233,,,,,
2006-09-19,,,,30631.6894,,,2925.5317,,,,,,,,23472.3503,,,,,
2006-09-20,,,,30650.3455,,,2943.8283,,,,,,,,23548.3917,,,,,
2006-09-21,,,,30668.2453,,,2939.5256,,,,,,,,23559.093,,,,,
2006-09-22,,,,30684.0764,,,2941.582,,,,,,,,23457.1353,,,,,
2006-09-25,,,,30731.3855,,,2945.4014,,,,,,,,23518.637,,,,,
2006-09-26,,,,30799.4393,,,2969.8483,,,,,,,,23687.4264,,,,,
2006-09-27,,,,30885.547,,,2987.9953,,,,,,,,23756.2752,,,,,
2006-09-28,,,,30900.907,,,2985.7393,,,,,,,,23705.9506,,,,,
2006-09-29,,,,30943.7339,,,2998.3663,,,,,,,,23816.8553,,,,,
2006-10-02,,,,30976.2969,,,3020.7721,,,,,,,,23921.8751,,,,,
2006-10-03,,,,30987.4354,,,3001.6602,,,,,,,,23947.2376,,,,,
2006-10-04,,,,31079.5121,,,3025.2271,,,,,,,,24103.7188,,,,,
2006-10-05,,,,31122.7719,,,3042.2706,,,,,,,,24130.3207,,,,,
2006-10-06,,,,31171.6876,,,3049.6218,,,,,,,,24057.3771,,,,,
2006-10-09,,,,31175.2322,,,3049.352,,,,,,,,24059.843,,,,,
2006-10-10,,,,31242.1017,,,3068.5845,,,,,,,,24151.8146,,,,,
2006-10-11,,,,31297.7978,,,3081.1338,,,,,,,,24158.4921,,,,,
2006-10-12,,,,31474.4063,,,3102.2483,,,,,,,,24199.8151,,,,,
2006-10-13,,,,31516.1496,,,3108.9228,,,,,,,,24252.8732,,,,,
2006-10-16,,,,31569.7927,,,3115.8483,,,,,,,,24273.0505,,,,,
2006-10-17,,,,31630.4621,,,3127.9835,,,,,,,,24286.2625,,,,,
2006-10-18,,,,31739.4146,,,3149.4448,,,,,,,,24500.9251,,,,,
2006-10-19,,,,31808.3635,,,3154.2727,,,,,,,,24531.8229,,,,,
2006-10-20,,,,31887.1754,,,3159.297,,,,,,,,24475.4287,,,,,
2006-10-23,,,,31924.5559,,,3157.598,,,,,,,,24547.1451,,,,,
2006-10-24,,,,31987.7648,,,3168.4818,,,,,,,,24618.7162,,,,,
2006-10-25,,,,32036.8252,,,3175.5663,,,,,,,,24714.4704,,,,,
2006-10-26,,,,32088.6428,,,3183.1625,,,,,,,,24761.7595,,,,,
2006-10-27,,,,32102.9991,,,3180.7278,,,,,,,,24934.94,,,,,
2006-10-30,,,,32045.4564,,,3167.5279,,,,,,,,24872.1722,,,,,
2006-10-31,,,,32031.8114,,,3181.9766,,,,,,,,24861.1119,,,,,
2006-11-01,,,,32033.0371,,,3181.9241,,,,,,,,24893.5244,,,,,
2006-11-02,,,,32029.7063,,,3184.7584,,,,,,,,24846.6735,,,,,
2006-11-03,,,,32038.459,,,3176.3458,,,,,,,,24790.7736,,,,,
2006-11-06,,,,31950.0382,,,3176.7434,,,,,,,,24814.6572,,,,,
2006-11-07,,,,32034.2408,,,3199.5228,,,,,,,,24928.31,,,,,
2006-11-08,,,,32082.8652,,,3213.7962,,,,,,,,25099.6071,,,,,
2006-11-09,,,,32141.6008,,,3228.4743,,,,,,,,25406.1064,,,,,
2006-11-10,,,,32127.6031,,,3219.6289,,,,,,,,25398.9034,,,,,
2006-11-13,,,,32245.4372,,,3225.0736,,,,,,,,25331.6797,,,,,
2006-11-14,,,,32255.5412,,,3233.595,,,,,,,,25421.6831,,,,,
2006-11-15,,,,32304.9671,,,3232.1467,,,,,,,,25712.6137,,,,,
2006-11-16,,,,32323.1074,,,3221.3008,,,,,,,,25718.6804,,,,,
2006-11-17,,,,32329.1373,,,3207.0638,,,,,,,,25662.5738,,,,,
2006-11-20,,,,32468.321,,,3203.3412,,,,,,,,25561.0397,,,,,
2006-11-21,,,,32706.9876,,,3233.8303,,,,,,,,25808.9304,,,,,
2006-11-22,,,,32885.7082,,,3244.2629,,,,,,,,25934.0432,,,,,
2006-11-23,,,,33080.5219,,,3267.8583,,,,,,,,26007.8993,,,,,
2006-11-24,,,,33092.0685,,,3272.5974,,,,,,,,25972.3,,,,,
2006-11-27,,,,33096.8643,,,3274.2774,,,,,,,,25839.9814,,,,,
2006-11-28,,,,33103.9793,,,3280.8882,,,,,,,,25645.4872,,,,,
2006-11-29,,,,33115.7932,,,3279.3355,,,,,,,,25746.7447,,,,,
2006-11-30,,,,33203.2622,,,3296.6788,,,,,,,,25846.7304,,,,,
2006-12-01,,,,33316.3252,,,3304.0836,,,,,,,,25796.226,,,,,
2006-12-04,,,,33303.501,,,3302.5607,,,,,,,,25828.2527,,,,,
2006-12-05,,,,33323.1417,,,3317.6565,,,,,,,,26007.2657,,,,,
2006-12-06,,,,33333.6025,,,3316.0977,,,,,,,,25886.4445,,,,,
2006-12-07,,,,33329.8867,,,3315.519,,,,,,,,25877.924,,,,,
2006-12-08,,,,33330.9529,,,3315.4203,,,,,,,,25877.9998,,,,,
2006-12-11,,,,33380.3722,,,3313.9797,,,,,,,,25961.3031,,,,,
2006-12-12,,,,33372.8317,,,3311.2612,,,,,,,,26059.7471,,,,,
2006-12-13,,,,33373.1886,,,3310.2932,,,,,,,,26158.9923,,,,,
2006-12-14,,,,33359.0049,,,3321.2332,,,,,,,,26263.81,,,,,
2006-12-15,,,,33397.0754,,,3336.4013,,,,,,,,26327.0666,,,,,
2006-12-18,,,,33292.8318,,,3350.3068,,,,,,,,26311.44,,,,,
2006-12-19,,,,33253.0383,,,3341.0393,,,,,,,,26276.3028,,,,,
2006-12-20,,,,33363.5098,,,3362.2734,,,,,,,,26306.535,,,,,
2006-12-21,,,,33476.1901,,,3374.5612,,,,,,,,26364.1402,,,,,
2006-12-22,,,,33500.0043,,,3377.8555,,,,,,,,26301.9919,,,,,
2006-12-25,,,,33501.9374,,,3377.5502,,,,,,,,26302.5612,,,,,
2006-12-26,,,,33524.9617,,,3378.7769,,,,,,,,26309.5557,,,,,
2006-12-27,,,,33560.913,,,3382.1719,,,,,,,,26297.793,,,,,
2006-12-28,,,,33654.8052,,,3389.6416,,,,,,,,26264.6535,,,,,
2006-12-29,,,,33732.2929,,,3409.0207,,,,,,,,26311.115,,,,,
2007-01-01,,,,33733.4136,,,3408.9363,,,,,,,,26273.0727,,,,,
2007-01-02,,,,33744.2178,,,3403.4026,,,,,,,,26286.028,,,,,
2007-01-03,,,,33904.8664,,,3418.6195,,,,,,,,26245.0569,,,,,
2007-01-04,,,,33887.434,,,3431.3274,,,,,,,,26386.9815,,,,,
2007-01-05,,,,33837.6717,,,3451.0255,,,,,,,,26273.0764,,,,,
2007-01-08,,,,33945.7859,,,3468.7812,,,,,,,,26195.7214,,,,,
2007-01-09,,,,33905.7109,,,3482.5505,,,,,,,,26382.3136,,,,,
2007-01-10,,,,33933.1065,,,3462.2818,,,,,,,,26264.584,,,,,
2007-01-11,,,,34023.0721,,,3448.8345,,,,,,,,26434.7033,,,,,
2007-01-12,,,,34081.2535,,,3460.4814,,,,,,,,26567.7589,,,,,
2007-01-15,,,,34168.1292,,,3484.863,,,,,,,,26613.8206,,,,,
2007-01-16,,,,34317.0744,,,3518.7213,,,,,,,,26739.9626,,,,,
2007-01-17,,,,34397.5065,,,3538.0947,,,,,,,,26881.0214,,,,,
2007-01-18,,,,34414.0389,,,3562.2075,,,,,,,,27011.3925,,,,,
2007-01-19,,,,34591.277,,,3584.5183,,,,,,,,27102.6332,,,,,
2007-01-22,,,,34791.1421,,,3612.1473,,,,,,,,27247.5676,,,,,
2007-01-23,,,,35155.1443,,,3636.306,,,,,,,,27231.0373,,,,,
2007-01-24,,,,35451.7118,,,3669.3359,,,,,,,,27232.4852,,,,,
2007-01-25,,,,35526.7431,,,3707.7831,,,,,,,,27437.2686,,,,,
2007-01-26,,,,35444.2669,,,3687.9676,,,,,,,,27304.0274,,,,,
2007-01-29,,,,35433.1106,,,3689.7248,,,,,,,,27217.5516,,,,,
2007-01-30,,,,35446.9038,,,3673.5228,,,,,,,,27030.5169,,,,,
2007-01-31,,,,35705.2655,,,3705.9686,,,,,,,,27332.4834,,,,,
2007-02-01,,,,36094.5808,,,3772.9847,,,,,,,,27541.2389,,,,,
2007-02-02,,,,36210.3808,,,3803.3164,,,,,,,,27594.4935,,,,,
2007-02-05,,,,36418.2034,,,3834.1168,,,,,,,,27513.0585,,,,,
2007-02-06,,,,36554.0301,,,3853.3854,,,,,,,,27564.1573,,,,,
2007-02-07,,,,36627.9703,,,3888.8851,,,,,,,,27837.8431,,,,,
2007-02-08,,,,36629.3616,,,3908.9008,,,,,,,,27844.4269,,,,,
2007-02-09,,,,36631.8218,,,3934.1129,,,,,,,,27868.8023,,,,,
2007-02-12,,,,36489.6982,,,3926.7201,,,,,,,,27858.9472,,,,,
2007-02-13,,,,36696.5488,,,3937.8998,,,,,,,,27945.2289,,,,,
2007-02-14,,,,36956.0932,,,3941.8199,,,,,,,,28328.5788,,,,,
2007-02-15,,,,36924.3959,,,3952.7184,,,,,,,,28358.4052,,,,,
2007-02-16,,,,37019.5136,,,3956.8574,,,,,,,,28372.3577,,,,,
2007-02-19,,,,37100.93,,,3949.2859,,,,,,,,28435.6115,,,,,
2007-02-20,,,,36841.6223,,,3902.7592,,,,,,,,28184.8641,,,,,
2007-02-21,,,,36710.5686,,,3842.3025,,,,,,,,27781.5019,,,,,
2007-02-22,,,,36774.3289,,,3853.6378,,,,,,,,27900.3443,,,,,
2007-02-23,,,,36687.0535,,,3855.4382,,,,,,,,27935.0975,,,,,
2007-02-26,,,,36452.6742,,,3815.5089,,,,,,,,27567.8116,,,,,
2007-02-27,,,,35393.4861,,,3736.6214,,,,,,,,27015.0948,,,,,
2007-02-28,,,,35417.755,,,3747.4757,,,,,,,,27329.3337,,,,,
2007-03-01,,,,35229.0981,,,3752.9087,,,,,,,,27293.1802,,,,,
2007-03-02,,,,35203.9284,,,3779.9399,,,,,,,,27656.869,,,,,
2007-03-05,,,,34911.1197,,,3767.9881,,,,,,,,27449.2434,,,,,
2007-03-06,,,,35329.3584,,,3789.5498,,,,,,,,27854.7015,,,,,
2007-03-07,,,,35497.852,,,3805.3538,,,,,,,,27975.2725,,,,,
2007-03-08,,,,35821.9434,,,3846.8716,,,,,,,,28221.7005,,,,,
2007-03-09,,,,36100.2084,,,3859.3011,,,,,,,,28345.9423,,,,,
2007-03-12,,,,36252.8846,,,3864.2729,,,,,,,,28429.3116,,,,,
2007-03-13,,,,36003.962,,,3854.6242,,,,,,,,28284.352,,,,,
2007-03-14,,,,35749.3538,,,3832.4429,,,,,,,,28003.9552,,,,,
2007-03-15,,,,35983.4541,,,3848.669,,,,,,,,28262.4046,,,,,
2007-03-16,,,,35888.3208,,,3856.0895,,,,,,,,28321.4651,,,,,
2007-03-19,,,,36112.0522,,,3878.248,,,,,,,,28607.8395,,,,,
2007-03-20,,,,36292.4679,,,3884.5272,,,,,,,,28677.3553,,,,,
2007-03-21,,,,36609.7764,,,3879.0821,,,,,,,,28690.2241,,,,,
2007-03-22,,,,36876.0095,,,3891.9554,,,,,,,,28691.7495,,,,,
2007-03-23,,,,36918.9246,,,3906.8504,,,,,,,,28643.5937,,,,,
2007-03-26,,,,36866.1635,,,3914.382,,,,,,,,28475.9215,,,,,
2007-03-27,,,,36963.5736,,,3919.1717,,,,,,,,28372.3925,,,,,
2007-03-28,,,,36863.6378,,,3914.5862,,,,,,,,28170.3448,,,,,
2007-03-29,,,,37127.1642,,,3920.5337,,,,,,,,28144.3182,,,,,
2007-03-30,,,,37166.9103,,,3921.9003,,,,,,,,28202.6967,,,,,
2007-04-02,,,,37228.0675,,,3923.4533,,,,,,,,28290.2981,,,,,
2007-04-03,,,,37601.4265,,,3958.9082,,,,,,,,28448.5537,,,,,
2007-04-04,,,,37506.5647,,,3968.6499,,,,,,,,28531.0522,,,,,
2007-04-05,,,,37569.6763,,,3979.2626,,,,,,,,28561.1292,,,,,
2007-04-06,,,,37568.577,,,3979.1572,,,,,,,,28562.1154,,,,,
2007-04-09,,,,37737.1409,,,3988.601,,,,,,,,28609.5122,,,,,
2007-04-10,,,,37780.1682,,,4000.8474,,,,,,,,28652.9734,,,,,
2007-04-11,,,,37675.8801,,,4009.5619,,,,,,,,28709.0152,,,,,
2007-04-12,,,,37707.2666,,,4013.2146,,,,,,,,28770.1332,,,,,
2007-04-13,,,,38116.0161,,,4042.9449,,,,,,,,28931.0721,,,,,
2007-04-16,,,,38373.3138,,,4056.4903,,,,,,,,29077.8823,,,,,
2007-04-17,,,,38802.2247,,,4080.8003,,,,,,,,29063.0342,,,,,
2007-04-18,,,,39246.7735,,,4104.638,,,,,,,,29066.2883,,,,,
2007-04-19,,,,39310.5899,,,4118.162,,,,,,,,29228.3424,,,,,
2007-04-20,,,,39743.7282,,,4174.4834,,,,,,,,29556.2488,,,,,
2007-04-23,,,,39839.0113,,,4185.1503,,,,,,,,29554.1212,,,,,
2007-04-24,,,,39678.6115,,,4182.1442,,,,,,,,29408.2156,,,,,
2007-04-25,,,,39795.0288,,,4207.3051,,,,,,,,29845.0739,,,,,
2007-04-26,,,,39875.679,,,4232.9184,,,,,,,,29922.1947,,,,,
2007-04-27,,,,39936.4852,,,4257.3998,,,,,,,,29871.9892,,,,,
2007-04-30,,,,40214.9118,,,4296.7474,,,,,,,,29868.3875,,,,,
2007-05-01,,,,40213.7338,,,4296.7996,,,,,,,,29898.7825,,,,,
2007-05-02,,,,40360.5281,,,4307.015,,,,,,,,29962.206,,,,,
2007-05-03,,,,40846.689,,,4344.339,,,,,,,,30096.4696,,,,,
2007-05-04,,,,41045.1534,,,4389.9676,,,,,,,,30263.7767,,,,,
2007-05-07,,,,41153.0775,,,4426.908,,,,,,,,30375.5945,,,,,
2007-05-08,,,,41015.5194,,,4413.6325,,,,,,,,30362.3509,,,,,
2007-05-09,,,,41390.7342,,,4438.6975,,,,,,,,30324.8485,,,,,
2007-05-10,,,,41518.5501,,,4444.6626,,,,,,,,30354.7732,,,,,
2007-05-11,,,,41683.2994,,,4439.9855,,,,,,,,30366.0416,,,,,
2007-05-14,,,,41600.0043,,,4430.2875,,,,,,,,30312.5384,,,,,
2007-05-15,,,,41651.3946,,,4396.668,,,,,,,,30167.0775,,,,,
2007-05-16,,,,41977.9718,,,4403.6783,,,,,,,,29975.9148,,,,,
2007-05-17,,,,42203.7407,,,4409.5311,,,,,,,,29943.9366,,,,,
2007-05-18,,,,42549.5367,,,4452.4404,,,,,,,,30068.0519,,,,,
2007-05-21,,,,42545.7973,,,4452.6603,,,,,,,,30072.0937,,,,,
2007-05-22,,,,42457.2019,,,4380.4712,,,,,,,,29455.4891,,,,,
2007-05-23,,,,42596.9457,,,4392.4621,,,,,,,,29452.5359,,,,,
2007-05-24,,,,42390.3131,,,4421.2775,,,,,,,,29539.6265,,,,,
2007-05-25,,,,42768.6565,,,4452.4024,,,,,,,,29604.8001,,,,,
2007-05-28,,,,43209.5878,,,4461.9748,,,,,,,,29859.7373,,,,,
2007-05-29,,,,43122.9663,,,4443.139,,,,,,,,29915.214,,,,,
2007-05-30,,,,43091.3667,,,4419.8973,,,,,,,,29874.8559,,,,,
2007-05-31,,,,43630.6538,,,4447.8541,,,,,,,,30022.3146,,,,,
2007-06-01,,,,43889.7747,,,4467.6968,,,,,,,,30186.6264,,,,,
2007-06-04,,,,43917.097,,,4469.2245,,,,,,,,30187.8264,,,,,
2007-06-05,,,,43729.0874,,,4448.9767,,,,,,,,30200.0378,,,,,
2007-06-06,,,,43431.8806,,,4448.1294,,,,,,,,30102.6321,,,,,
2007-06-07,,,,43207.1119,,,4438.1427,,,,,,,,30029.4785,,,,,
2007-06-08,,,,43172.6053,,,4430.2865,,,,,,,,30045.1569,,,,,
2007-06-11,,,,43741.161,,,4452.3805,,,,,,,,30367.2979,,,,,
2007-06-12,,,,43413.7611,,,4456.1056,,,,,,,,30425.8377,,,,,
2007-06-13,,,,43641.553,,,4463.0152,,,,,,,,30500.2095,,,,,
2007-06-14,,,,44156.5527,,,4483.9161,,,,,,,,30701.2854,,,,,
2007-06-15,,,,44625.9167,,,4502.1224,,,,,,,,30847.0602,,,,,
2007-06-18,,,,44561.8737,,,4493.5607,,,,,,,,30708.196,,,,,
2007-06-19,,,,44573.0068,,,4514.9945,,,,,,,,30863.3881,,,,,
2007-06-20,,,,44603.3707,,,4539.7129,,,,,,,,31076.2678,,,,,
2007-06-21,,,,44614.4559,,,4542.2102,,,,,,,,31013.99,,,,,
2007-06-22,,,,44837.6862,,,4565.0625,,,,,,,,30969.5919,,,,,
2007-06-25,,,,45072.0324,,,4595.7861,,,,,,,,31144.3414,,,,,
2007-06-26,,,,45230.6208,,,4618.4455,,,,,,,,31023.5563,,,,,
2007-06-27,,,,45220.8294,,,4612.7941,,,,,,,,30942.4704,,,,,
2007-06-28,,,,45677.9158,,,4655.7856,,,,,,,,31085.8378,,,,,
2007-06-29,,,,45531.1428,,,4684.6397,,,,,,,,31118.4412,,,,,
2007-07-02,,,,45613.4706,,,4684.5801,,,,,,,,31123.5954,,,,,
2007-07-03,,,,45982.7211,,,4704.9714,,,,,,,,31111.5432,,,,,
2007-07-04,,,,45921.1695,,,4707.1224,,,,,,,,30968.1614,,,,,
2007-07-05,,,,45917.3886,,,4682.1677,,,,,,,,30759.7419,,,,,
2007-07-06,,,,46173.1337,,,4672.3752,,,,,,,,30614.2669,,,,,
2007-07-09,,,,46090.986,,,4674.5831,,,,,,,,30594.9108,,,,,
2007-07-10,,,,45884.0437,,,4682.9767,,,,,,,,30556.1865,,,,,
2007-07-11,,,,45919.4662,,,4669.3101,,,,,,,,30519.1902,,,,,
2007-07-12,,,,46240.1772,,,4653.001,,,,,,,,30407.0181,,,,,
2007-07-13,,,,46225.392,,,4649.2171,,,,,,,,30379.698,,,,,
2007-07-16,,,,46221.3256,,,4648.8702,,,,,,,,30388.0527,,,,,
2007-07-17,,,,46290.7672,,,4650.7486,,,,,,,,30404.2738,,,,,
2007-07-18,,,,46258.1875,,,4653.9003,,,,,,,,30450.6586,,,,,
2007-07-19,,,,46509.8336,,,4666.5053,,,,,,,,30599.9096,,,,,
2007-07-20,,,,46342.6201,,,4676.0523,,,,,,,,30481.1398,,,,,
2007-07-23,,,,46572.8643,,,4679.9893,,,,,,,,30575.4351,,,,,
2007-07-24,,,,46485.7403,,,4707.4293,,,,,,,,30517.1066,,,,,
2007-07-25,,,,46181.4611,,,4687.7301,,,,,,,,30302.1873,,,,,
2007-07-26,,,,45428.084,,,4663.9991,,,,,,,,29937.3529,,,,,
2007-07-27,,,,45548.6606,,,4647.178,,,,,,,,30003.6224,,,,,
2007-07-30,,,,45831.4235,,,4664.098,,,,,,,,30210.928,,,,,
2007-07-31,,,,46310.6973,,,4702.3084,,,,,,,,30459.005,,,,,
2007-08-01,,,,45921.7288,,,4679.8852,,,,,,,,30075.7798,,,,,
2007-08-02,,,,46146.6299,,,4685.2164,,,,,,,,30149.3715,,,,,
2007-08-03,,,,45930.1025,,,4683.1575,,,,,,,,30222.5088,,,,,
2007-08-06,,,,45327.939,,,4626.4891,,,,,,,,29845.9847,,,,,
2007-08-07,,,,45671.7757,,,4627.8443,,,,,,,,29944.5709,,,,,
2007-08-08,,,,46242.8361,,,4632.069,,,,,,,,30126.7811,,,,,
2007-08-09,,,,45592.4751,,,4614.2575,,,,,,,,29970.5588,,,,,
2007-08-10,,,,44762.6968,,,4561.7515,,,,,,,,29454.7497,,,,,
2007-08-13,,,,44954.2961,,,4578.0414,,,,,,,,29564.7194,,,,,
2007-08-14,,,,44117.187,,,4509.9766,,,,,,,,28992.4639,,,,,
2007-08-15,,,,44110.1101,,,4509.8647,,,,,,,,28993.5129,,,,,
2007-08-16,,,,41072.7113,,,4334.6506,,,,,,,,27819.7233,,,,,
2007-08-17,,,,42277.4101,,,4414.7188,,,,,,,,28497.8319,,,,,
2007-08-20,,,,42614.9037,,,4440.0571,,,,,,,,28715.6732,,,,,
2007-08-21,,,,42685.3733,,,4471.6471,,,,,,,,29144.5598,,,,,
2007-08-22,,,,43581.3771,,,4550.2394,,,,,,,,29926.2953,,,,,
2007-08-23,,,,43927.1691,,,4552.5908,,,,,,,,29888.8349,,,,,
2007-08-24,,,,44524.5155,,,4586.625,,,,,,,,30299.1176,,,,,
2007-08-27,,,,44747.3692,,,4595.7176,,,,,,,,30568.2909,,,,,
2007-08-28,,,,44012.8719,,,4565.4323,,,,,,,,30278.4243,,,,,
2007-08-29,,,,44278.298,,,4579.5225,,,,,,,,30419.2739,,,,,
2007-08-30,,,,44412.8378,,,4618.8222,,,,,,,,30651.6001,,,,,
2007-08-31,,,,44906.0899,,,4655.676,,,,,,,,30739.5612,,,,,
2007-09-03,,,,45126.2774,,,4669.846,,,,,,,,30909.0345,,,,,
2007-09-04,,,,45500.0742,,,4671.0207,,,,,,,,30798.8229,,,,,
2007-09-05,,,,45274.5269,,,4658.6901,,,,,,,,30555.2214,,,,,
2007-09-06,,,,45545.1436,,,4651.1746,,,,,,,,30577.7945,,,,,
2007-09-07,,,,45086.8834,,,4641.6071,,,,,,,,30199.2211,,,,,
2007-09-10,,,,44494.244,,,4600.8621,,,,,,,,29953.3479,,,,,
2007-09-11,,,,44940.1572,,,4596.2895,,,,,,,,29990.212,,,,,
2007-09-12,,,,45002.2758,,,4557.1792,,,,,,,,29704.6227,,,,,
2007-09-13,,,,45199.4663,,,4566.4142,,,,,,,,29832.3539,,,,,
2007-09-14,,,,45246.9836,,,4576.6283,,,,,,,,29896.9287,,,,,
2007-09-17,,,,44949.6207,,,4576.0879,,,,,,,,29900.02,,,,,
2007-09-18,,,,45556.4505,,,4575.9074,,,,,,,,29901.0505,,,,,
2007-09-19,,,,46195.0672,,,4575.7352,,,,,,,,29902.0811,,,,,
2007-09-20,,,,46135.0062,,,4614.8695,,,,,,,,30362.7492,,,,,
2007-09-21,,,,46399.4828,,,4622.1706,,,,,,,,30302.8188,,,,,
2007-09-24,,,,46585.528,,,4604.9498,,,,,,,,30184.5717,,,,,
2007-09-25,,,,46560.6634,,,4597.6289,,,,,,,,29885.8191,,,,,
2007-09-26,,,,46863.9982,,,4595.5408,,,,,,,,29981.1439,,,,,
2007-09-27,,,,47324.5988,,,4625.7155,,,,,,,,30164.7115,,,,,
2007-09-28,,,,47445.0594,,,4657.8038,,,,,,,,30252.642,,,,,
2007-10-01,,,,48174.3529,,,4710.9115,,,,,,,,30524.4417,,,,,
2007-10-02,,,,48219.8523,,,4732.7104,,,,,,,,30663.2595,,,,,
2007-10-03,,,,47627.2839,,,4716.1328,,,,,,,,30525.2197,,,,,
2007-10-04,,,,47665.8158,,,4720.5366,,,,,,,,30427.7206,,,,,
2007-10-05,,,,48393.719,,,4746.8246,,,,,,,,30572.7927,,,,,
2007-10-08,,,,48258.7119,,,4758.5754,,,,,,,,30622.2983,,,,,
2007-10-09,,,,48735.9608,,,4784.8609,,,,,,,,30738.062,,,,,
2007-10-10,,,,48650.9611,,,4797.2699,,,,,,,,30682.4089,,,,,
2007-10-11,,,,48724.3872,,,4818.9677,,,,,,,,30671.8009,,,,,
2007-10-12,,,,49050.7212,,,4835.4093,,,,,,,,30721.5095,,,,,
2007-10-15,,,,48946.0937,,,4834.8295,,,,,,,,30724.9216,,,,,
2007-10-16,,,,48731.9865,,,4833.5439,,,,,,,,30619.7652,,,,,
2007-10-17,,,,48925.3657,,,4847.8273,,,,,,,,30752.4863,,,,,
2007-10-18,,,,49371.5738,,,4859.711,,,,,,,,30936.6749,,,,,
2007-10-19,,,,48787.4319,,,4847.4458,,,,,,,,31053.9495,,,,,
2007-10-22,,,,48349.3543,,,4833.9176,,,,,,,,30961.4224,,,,,
2007-10-23,,,,49135.7868,,,4851.3033,,,,,,,,31256.9444,,,,,
2007-10-24,,,,48990.0486,,,4838.0512,,,,,,,,31146.5164,,,,,
2007-10-25,,,,48921.3228,,,4843.58,,,,,,,,31202.9305,,,,,
2007-10-26,,,,49138.6173,,,4829.3456,,,,,,,,31331.8543,,,,,
2007-10-29,,,,49641.4279,,,4835.2224,,,,,,,,31270.2673,,,,,
2007-10-30,,,,49408.1121,,,4836.2148,,,,,,,,31291.6146,,,,,
2007-10-31,,,,49659.0438,,,4838.3912,,,,,,,,31341.8254,,,,,
2007-11-01,,,,49657.6581,,,4838.3125,,,,,,,,31451.0278,,,,,
2007-11-02,,,,49064.3584,,,4803.0224,,,,,,,,31022.1235,,,,,
2007-11-05,,,,48582.7298,,,4712.4002,,,,,,,,30426.1178,,,,,
2007-11-06,,,,49068.5312,,,4694.5559,,,,,,,,30366.5325,,,,,
2007-11-07,,,,48957.2705,,,4640.129,,,,,,,,30179.1986,,,,,
2007-11-08,,,,48727.0897,,,4598.0847,,,,,,,,30115.1477,,,,,
2007-11-09,,,,48441.0533,,,4573.2786,,,,,,,,29863.9151,,,,,
2007-11-12,,,,47567.2133,,,4566.8241,,,,,,,,29810.2622,,,,,
2007-11-13,,,,47793.3697,,,4563.9871,,,,,,,,29822.8384,,,,,
2007-11-14,,,,48754.5204,,,4579.265,,,,,,,,30044.6629,,,,,
2007-11-15,,,,48030.043,,,4567.5046,,,,,,,,30001.7516,,,,,
2007-11-16,,,,48319.7742,,,4550.464,,,49.31,,,,,29839.1514,,,,,
2007-11-19,,,,47611.7167,,,4512.3729,,,48.33,,,,,29269.284,,,,,
2007-11-20,,,,47432.2311,,,4461.8751,,,47.39,,,,,28974.4223,,,,,
2007-11-21,,,,46337.6184,,,4369.6461,,,46.0,,,,,28147.8724,,,,,
2007-11-22,,,,46362.1394,,,4399.4892,,,46.0,,,,,28308.5759,,,,,
2007-11-23,,,,46481.9708,,,4422.1319,,,46.69,,,,,28619.1495,,,,,
2007-11-26,,,,46030.3102,,,4400.6427,,,45.78,,,,,28421.4341,,,,,
2007-11-27,,,,45499.6846,,,4361.343,,,45.96,,,,,27856.5602,,,,,
2007-11-28,,,,46609.016,,,4406.7027,,,47.85,,,,,28677.6181,,,,,
2007-11-29,,,,46672.3101,,,4423.8898,,,48.5,,,,,29123.6958,,,,,
2007-11-30,,,,47042.2871,,,4485.4415,,,49.41,,,,,29286.4609,,,,,
2007-12-03,,,,46944.8484,,,4479.1161,,,49.28,,,,,29052.0709,,,,,
2007-12-04,,,,46771.1665,,,4449.2452,,,48.31,,,,,28649.9057,,,,,
2007-12-05,,,,47255.5443,,,4459.8953,,,50.03,,,,,29017.0564,,,,,
2007-12-06,,,,47395.1591,,,4487.9381,,,51.4,,,,,29492.6742,,,,,
2007-12-07,,,,47728.2697,,,4516.7873,,,51.4,,,,,29932.3433,,,,,
2007-12-10,,,,47662.6042,,,4474.5783,,,51.08,,,,,29820.5548,,,,,
2007-12-11,,,,47456.9439,,,4423.6282,,,49.53,,,,,29290.9925,,,,,
2007-12-12,,,,47318.4302,,,4385.3011,,,48.51,,,,,29119.443,,,,,
2007-12-13,,,,46227.3567,,,4262.0399,,,47.35,,,,,27948.0872,,,,,
2007-12-14,,,,45925.7724,,,4229.5211,,,47.37,,,,,27945.3769,,,,,
2007-12-17,,,,45042.8165,,,4189.356,,,45.88,,,,,27815.9659,,,,,
2007-12-18,,,,44692.061,,,4151.2388,,,46.21,,,,,27376.2974,,,,,
2007-12-19,,,,44931.0928,,,4160.3838,,,46.36,,,,,27652.74,,,,,
2007-12-20,,,,44961.1994,,,4193.8375,,,47.82,,,,,28163.432,,,,,
2007-12-21,,,,45392.9899,,,4243.7959,,,48.98,,,,,28516.215,,,,,
2007-12-24,,,,45592.0035,,,4238.2078,,,48.9491,,,,,28397.8048,,,,,
2007-12-25,,,,45590.6955,,,4238.0304,,,48.9491,,,,,28395.6598,,,,,
2007-12-26,,,,45847.8206,,,4267.268,,,48.9491,,,,,28168.8379,,,,,
2007-12-27,,,,45613.6058,,,4238.4989,,,48.4886,,,,,28262.1847,,,,,
2007-12-28,,,,45717.533,,,4268.8687,,,48.7289,,,,,28220.1679,,,,,
2007-12-31,,,,45561.1442,,,4268.315,,,48.6187,,,,,28207.5663,,,,,
2008-01-01,,,,45559.9011,,,4268.2674,,,48.6187,,,,,28205.8592,,,,,
2008-01-02,,,,45505.5735,,,4235.9322,,,47.6578,,,,,27753.4989,,,,,
2008-01-03,,,,45387.8135,,,4194.0187,,,47.7679,,,,,27522.9683,,,,,
2008-01-04,,,,44586.794,,,4117.4577,,,46.4366,,,,,27019.7328,,,,,
2008-01-07,,,,43972.8217,,,4050.9157,,,45.6358,,,,,26403.3289,,,,,
2008-01-08,,,,43969.0246,,,3984.7336,,,45.5056,,,,,26081.7678,,,,,
2008-01-09,,,,43105.8676,,,3853.469,,,45.1953,,,,,25292.5744,,,,,
2008-01-10,,,,43267.893,,,3853.469,,,46.4466,,,,,25697.2564,,,,,
2008-01-11,,,,43084.7905,,,3921.679,,,47.1272,,,,,25955.1802,,,,,
2008-01-14,,,,42605.1705,,,3915.974,,,47.3875,,,,,25752.2563,,,,,
2008-01-15,,,,41722.5322,,,3849.3962,,,45.0352,,,,,25119.4779,,,,,
2008-01-16,,,,40993.8835,,,3783.0744,,,44.1843,,,,,24390.0717,,,,,
2008-01-17,,,,40168.171,,,3732.5139,,,42.3825,,,,,24045.2803,,,,,
2008-01-18,,,,39753.9517,,,3683.5171,,,42.4225,,,,,23733.1628,,,,,
2008-01-21,,,,38482.574,,,3488.9794,,,42.4225,,,,,22195.5041,,,,,
2008-01-22,,,,38384.8489,,,3535.3503,,,42.933,,,,,22823.1452,,,,,
2008-01-23,,,,37566.8766,,,3495.6728,,,41.1412,,,,,22775.5985,,,,,
2008-01-24,,,,38843.6378,,,3661.8501,,,45.1252,,,,,23842.8941,,,,,
2008-01-25,,,,38918.8722,,,3753.4152,,,44.4846,,,,,24457.769,,,,,
2008-01-28,,,,38771.7807,,,3694.9709,,,45.4556,,,,,23672.9604,,,,,
2008-01-29,,,,39182.5364,,,3774.878,,,46.6768,,,,,24641.1904,,,,,
2008-01-30,,,,39522.835,,,3839.4995,,,46.8269,,,,,24834.7366,,,,,
2008-01-31,,,,39616.3788,,,3808.3483,,,47.7579,,,,,24638.3489,,,,,
2008-02-01,,,,40472.2249,,,3837.2486,,,47.8079,,,,,24949.3748,,,,,
2008-02-04,,,,40845.2371,,,3853.2548,,,47.8179,,,,,25020.7601,,,,,
2008-02-05,,,,40600.0099,,,3806.1277,,,45.068,,,,,24311.9933,,,,,
2008-02-06,,,,40606.7549,,,3778.5206,,,45.4556,,,,,24255.6014,,,,,
2008-02-07,,,,40482.1449,,,3769.061,,,44.8149,,,,,24265.39,,,,,
2008-02-08,,,,40555.6892,,,3779.1397,,,45.8159,,,,,24339.9641,,,,,
2008-02-11,,,,40647.9953,,,3787.7816,,,46.4966,,,,,24664.6684,,,,,
2008-02-12,,,,41233.3598,,,3829.1928,,,47.918,,,,,25576.6531,,,,,
2008-02-13,,,,41466.9128,,,3857.74,,,48.7989,,,,,26027.6673,,,,,
2008-02-14,,,,41310.3455,,,3869.116,,,48.0382,,,,,26223.093,,,,,
2008-02-15,,,,41189.0462,,,3856.264,,,47.4676,,,,,25897.4548,,,,,
2008-02-18,,,,41331.4738,,,3879.3051,,,47.4676,,,,,26254.0374,,,,,
2008-02-19,,,,41962.9848,,,3917.6259,,,47.7979,,,,,26614.8662,,,,,
2008-02-20,,,,42179.3883,,,3935.366,,,48.7989,,,,,26647.1989,,,,,
2008-02-21,,,,42656.6893,,,4003.0751,,,48.8189,,,,,26921.2314,,,,,
2008-02-22,,,,42410.8582,,,3993.1278,,,49.2093,,,,,27027.1283,,,,,
2008-02-25,,,,42714.3556,,,4021.1016,,,49.3895,,,,,27458.8948,,,,,
2008-02-26,,,,42980.2863,,,4023.3043,,,49.3194,,,,,27489.0133,,,,,
2008-02-27,,,,43269.5788,,,4035.5329,,,49.7899,,,,,27451.1603,,,,,
2008-02-28,,,,43089.406,,,4030.6645,,,50.3204,,,,,27265.2986,,,,,
2008-02-29,,,,42224.7979,,,3999.6936,,,49.0292,,,,,26790.2539,,,,,
2008-03-03,,,,42186.9996,,,3963.3163,,,48.2284,,,,,26411.1844,,,,,
2008-03-04,,,,41726.2409,,,3926.0004,,,47.5477,,,,,25819.8662,,,,,
2008-03-05,,,,41867.427,,,3904.1949,,,49.2494,,,,,26017.6369,,,,,
2008-03-06,,,,41360.8718,,,3910.0376,,,48.3084,,,,,25878.327,,,,,
2008-03-07,,,,40751.2786,,,3879.407,,,48.6288,,,,,25817.0331,,,,,
2008-03-10,,,,40055.4235,,,3866.16,,,48.2484,,,,,25616.552,,,,,
2008-03-11,,,,40169.6695,,,3862.8276,,,50.6007,,,,,26054.5354,,,,,
2008-03-12,,,,40499.5327,,,3909.6737,,,52.1122,,,,,26635.34,,,,,
2008-03-13,,,,40019.8411,,,3895.745,,,51.842,,,,,26447.9952,,,,,
2008-03-14,,,,39945.0617,,,3909.1849,,,51.3915,,,,,26561.0652,,,,,
2008-03-17,,,,39427.229,,,3860.3873,,,50.9511,,,,,26161.3592,,,,,
2008-03-18,,,,39657.2458,,,3870.7908,,,52.2852,,,,,26532.3296,,,,,
2008-03-19,,,,39533.4915,,,3895.39,,,51.2514,,,,,26322.0501,,,,,
2008-03-20,,,,39402.252,,,3894.384,,,50.0302,,,,,26453.3269,,,,,
2008-03-21,,,,39401.1712,,,3894.1671,,,50.0302,,,,,26583.4838,,,,,
2008-03-24,,,,40122.1821,,,3921.1543,,,50.4806,,,,,27055.1389,,,,,
2008-03-25,,,,40402.5838,,,3935.5901,,,51.0111,,,,,27092.3931,,,,,
2008-03-26,,,,40250.8469,,,3927.8367,,,51.0412,,,,,26902.1185,,,,,
2008-03-27,,,,40062.2038,,,3953.9767,,,51.872,,,,,26921.6722,,,,,
2008-03-28,,,,39832.506,,,3985.5822,,,52.1423,,,,,27122.5067,,,,,
2008-03-31,,,,39751.5399,,,3973.1464,,,52.7929,,,,,27408.0776,,,,,
2008-04-01,,,,40210.4162,,,3977.3315,,,53.0532,,,,,27664.6582,,,,,
2008-04-02,,,,40600.1608,,,3980.6253,,,53.1933,,,,,27453.5654,,,,,
2008-04-03,,,,41017.4217,,,3999.3095,,,53.0432,,,,,27588.0123,,,,,
2008-04-04,,,,41079.5866,,,4011.4605,,,54.0041,,,,,27748.9791,,,,,
2008-04-07,,,,41232.2595,,,4037.2,,,54.2744,,,,,27734.4101,,,,,
2008-04-08,,,,41354.8092,,,4047.3925,,,53.9139,,,,,27521.4767,,,,,
2008-04-09,,,,41203.3309,,,4043.1381,,,53.6037,,,,,27440.0174,,,,,
2008-04-10,,,,41140.8233,,,4054.7435,,,54.1343,,,,,27620.1743,,,,,
2008-04-11,,,,41737.3194,,,4077.5575,,,52.1723,,,,,27520.3611,,,,,
2008-04-14,,,,41760.9608,,,4099.2521,,,52.5527,,,,,27680.1918,,,,,
2008-04-15,,,,42277.7552,,,4130.439,,,52.5527,,,,,28101.3359,,,,,
2008-04-16,,,,43052.9634,,,4198.5441,,,53.2734,,,,,28637.1135,,,,,
2008-04-17,,,,43246.794,,,4205.2304,,,53.6938,,,,,28498.3068,,,,,
2008-04-18,,,,43436.0826,,,4244.4501,,,53.7739,,,,,28622.0034,,,,,
2008-04-21,,,,43656.8863,,,4271.0085,,,54.2244,,,,,28681.3052,,,,,
2008-04-22,,,,43484.7404,,,4267.2537,,,54.1743,,,,,28679.044,,,,,
2008-04-23,,,,42976.3593,,,4230.9602,,,54.2544,,,,,28362.7228,,,,,
2008-04-24,,,,42867.4002,,,4228.1298,,,53.2133,,,,,28333.6598,,,,,
2008-04-25,,,,43101.3448,,,4239.4206,,,53.2434,,,,,28381.4937,,,,,
2008-04-28,,,,43185.1585,,,4244.2983,,,53.1333,,,,,28243.1076,,,,,
2008-04-29,,,,42888.0394,,,4224.5404,,,51.3114,,,,,27882.7865,,,,,
2008-04-30,,,,43706.7057,,,4233.315,,,51.7199,,,,,28238.2281,,,,,
2008-05-01,,,,43705.5062,,,4241.9854,,,51.91,,,,,28237.276,,,,,
2008-05-02,,,,44932.3218,,,4253.5876,,,51.6017,,,,,28655.298,,,,,
2008-05-05,,,,45084.6512,,,4251.1847,,,51.3715,,,,,28640.979,,,,,
2008-05-06,,,,45114.8143,,,4222.8927,,,50.7509,,,,,28377.9502,,,,,
2008-05-07,,,,44950.3058,,,4200.7389,,,49.4296,,,,,27992.6925,,,,,
2008-05-08,,,,44760.5075,,,4188.4812,,,49.3795,,,,,28025.351,,,,,
2008-05-09,,,,44677.0215,,,4036.3081,,,49.0492,,,,,28020.0351,,,,,
2008-05-12,,,,44932.2167,,,4180.8688,,,49.1993,,,,,27878.8544,,,,,
2008-05-13,,,,44998.8239,,,4158.9291,,,48.9691,,,,,27704.1321,,,,,
2008-05-14,,,,45242.5054,,,4136.5714,,,49.6698,,,,,28063.6667,,,,,
2008-05-15,,,,45386.7833,,,4140.5119,,,49.7799,,,,,28147.5816,,,,,
2008-05-16,,,,45843.1463,,,4154.0552,,,50.9511,,,,,28332.8198,,,,,
2008-05-19,,,,46189.5021,,,4174.9696,,,51.3815,,,,,28619.8098,,,,,
2008-05-20,,,,46123.3475,,,4184.5177,,,51.2063,,,,,28888.9374,,,,,
2008-05-21,,,,46122.0759,,,4185.6377,,,50.2003,,,,,28929.2555,,,,,
2008-05-22,,,,45968.9703,,,4183.5233,,,51.1012,,,,,29553.2081,,,,,
2008-05-23,,,,45652.3224,,,4166.8604,,,51.1773,,,,,29909.5409,,,,,
2008-05-26,,,,45873.4485,,,4181.7886,,,51.1773,,,,,30083.4637,,,,,
2008-05-27,,,,45822.3703,,,4197.7867,,,50.7609,,,,,30455.1196,,,,,
2008-05-28,,,,46199.7939,,,4209.6219,,,50.8009,,,,,30200.8934,,,,,
2008-05-29,,,,46700.4561,,,4254.5554,,,51.7719,,,,,30089.4536,,,,,
2008-05-30,,,,46993.0883,,,4253.7458,,,51.5016,,,,,29839.1756,,,,,
2008-06-02,,,,47076.2083,,,4271.1365,,,50.4346,,,,,29574.7264,,,,,
2008-06-03,,,,47000.5857,,,4287.4203,,,50.2504,,,,,29421.6013,,,,,
2008-06-04,,,,46763.2352,,,4269.0534,,,49.6813,,,,,29021.3262,,,,,
2008-06-05,,,,47061.7893,,,4308.8724,,,51.3615,,,,,28901.5114,,,,,
2008-06-06,,,,46923.0279,,,4264.6632,,,50.0501,,,,,28365.3871,,,,,
2008-06-09,,,,46651.6845,,,4271.1847,,,49.89,,,,,27892.906,,,,,
2008-06-10,,,,46060.108,,,4277.0659,,,50.0101,,,,,27425.3909,,,,,
2008-06-11,,,,45773.5667,,,4251.8858,,,48.889,,,,,27322.9558,,,,,
2008-06-12,,,,46367.8998,,,4270.521,,,49.1473,,,,,27751.788,,,,,
2008-06-13,,,,46721.2432,,,4282.6342,,,49.2394,,,,,28110.8133,,,,,
2008-06-16,,,,46749.0762,,,4290.1704,,,48.7289,,,,,27767.2346,,,,,
2008-06-17,,,,46582.7383,,,4279.2337,,,50.2704,,,,,27527.8308,,,,,
2008-06-18,,,,46184.1099,,,4283.2143,,,50.1303,,,,,27309.9518,,,,,
2008-06-19,,,,45904.0365,,,4295.9595,,,50.851,,,,,27627.6297,,,,,
2008-06-20,,,,45775.9809,,,4269.3816,,,49.6197,,,,,27453.2098,,,,,
2008-06-23,,,,46008.6167,,,4243.7375,,,48.5887,,,,,27179.6214,,,,,
2008-06-24,,,,46040.2139,,,4231.6296,,,48.8263,,,,,27104.8445,,,,,
2008-06-25,,,,46400.4022,,,4242.9812,,,48.7277,,,,,27592.7355,,,,,
2008-06-26,,,,46340.8604,,,4237.1103,,,47.386,,,,,27399.1792,,,,,
2008-06-27,,,,46723.0441,,,4219.6762,,,46.7687,,,,,26976.324,,,,,
2008-06-30,,,,47110.9146,,,4207.4589,,,46.2221,,,,,26957.6967,,,,,
2008-07-01,,,,46580.287,,,4165.3194,,,44.6433,,,,,26662.9885,,,,,
2008-07-02,,,,45551.053,,,4123.1571,,,44.3902,,,,,26334.629,,,,,
2008-07-03,,,,44518.0663,,,4074.8219,,,43.1859,,,,,25728.7681,,,,,
2008-07-04,,,,44416.3511,,,4078.2065,,,43.1859,,,,,25628.8742,,,,,
2008-07-07,,,,44276.4414,,,4083.2928,,,44.3093,,,,,25986.1498,,,,,
2008-07-08,,,,43721.3991,,,4071.4653,,,44.5218,,,,,25934.6255,,,,,
2008-07-09,,,,43677.6655,,,4080.9459,,,44.5927,,,,,26143.7409,,,,,
2008-07-10,,,,43554.3521,,,4052.5764,,,44.3528,,,,,25997.0557,,,,,
2008-07-11,,,,43667.1676,,,4045.0991,,,43.368,,,,,25778.4078,,,,,
2008-07-14,,,,43621.2126,,,4038.757,,,43.8032,,,,,25819.9825,,,,,
2008-07-15,,,,42993.7727,,,4011.7544,,,43.8538,,,,,25782.735,,,,,
2008-07-16,,,,42992.7706,,,4011.9543,,,45.4023,,,,,25736.0725,,,,,
2008-07-17,,,,43003.7948,,,4036.023,,,45.1594,,,,,26515.6673,,,,,
2008-07-18,,,,43199.1409,,,4044.6226,,,45.0177,,,,,27213.6247,,,,,
2008-07-21,,,,43322.4548,,,4040.6841,,,46.6472,,,,,27869.3952,,,,,
2008-07-22,,,,42866.2496,,,4044.3806,,,45.8578,,,,,27756.8431,,,,,
2008-07-23,,,,43140.06,,,4079.2686,,,46.7079,,,,,28362.8589,,,,,
2008-07-24,,,,42707.7635,,,4098.7146,,,47.0318,,,,,28007.5599,,,,,
2008-07-25,,,,42448.2421,,,4131.8269,,,47.0724,,,,,28188.7399,,,,,
2008-07-28,,,,42632.7066,,,4112.8684,,,46.8719,,,,,28098.1048,,,,,
2008-07-29,,,,42706.7557,,,4120.9563,,,47.3152,,,,,28172.615,,,,,
2008-07-30,,,,43639.1473,,,4168.5226,,,47.6593,,,,,28433.8891,,,,,
2008-07-31,,,,43835.6024,,,4184.6626,,,47.9326,,,,,28544.4405,,,,,
2008-08-01,,,,43412.4362,,,4167.0884,,,47.7354,,,,,28275.5501,,,,,
2008-08-04,,,,42958.7533,,,4103.2167,,,46.5258,,,,,28139.3478,,,,,
2008-08-05,,,,42908.3086,,,4122.86,,,46.3739,,,,,28256.6863,,,,,
2008-08-06,,,,43230.6936,,,4126.7203,,,46.6776,,,,,28417.4028,,,,,
2008-08-07,,,,43074.5653,,,4143.0617,,,46.809,,,,,28618.7299,,,,,
2008-08-08,,,,42914.2438,,,4143.3444,,,46.3335,,,,,28666.1271,,,,,
2008-08-11,,,,42551.9341,,,4128.1662,,,44.6738,,,,,28172.9841,,,,,
2008-08-12,,,,42253.2904,,,4131.4704,,,44.9773,,,,,28162.5822,,,,,
2008-08-13,,,,42088.0035,,,4107.5197,,,45.0704,,,,,28168.5156,,,,,
2008-08-14,,,,42081.0158,,,4116.6784,,,44.8963,,,,,28214.3609,,,,,
2008-08-15,,,,42079.9074,,,4116.4129,,,45.2404,,,,,28188.1952,,,,,
2008-08-18,,,,41743.9608,,,4124.1093,,,44.5623,,,,,28295.6671,,,,,
2008-08-19,,,,41747.8849,,,4075.182,,,43.4186,,,,,27916.5577,,,,,
2008-08-20,,,,41987.8465,,,4057.8949,,,43.2162,,,,,27803.3941,,,,,
2008-08-21,,,,42294.9723,,,4081.8505,,,43.5401,,,,,27994.9539,,,,,
2008-08-22,,,,42199.5351,,,4099.4452,,,44.2587,,,,,28221.5124,,,,,
2008-08-25,,,,41829.9536,,,4100.1517,,,44.2506,,,,,28131.6701,,,,,
2008-08-26,,,,41789.7246,,,4098.2614,,,44.1271,,,,,28327.5046,,,,,
2008-08-27,,,,41907.9538,,,4094.5449,,,44.9368,,,,,28372.7504,,,,,
2008-08-28,,,,41938.8145,,,4080.5821,,,45.0279,,,,,28265.3628,,,,,
2008-08-29,,,,41776.388,,,4081.173,,,45.0581,,,,,28082.4201,,,,,
2008-09-01,,,,41759.8525,,,4079.3674,,,45.0581,,,,,28001.0418,,,,,
2008-09-02,,,,41347.1965,,,4070.7016,,,44.9955,,,,,28120.8461,,,,,
2008-09-03,,,,40956.2308,,,4057.9911,,,44.0765,,,,,28014.8187,,,,,
2008-09-04,,,,39992.1069,,,4022.3614,,,43.5097,,,,,27746.4477,,,,,
2008-09-05,,,,39651.7254,,,3983.924,,,42.0422,,,,,27447.9786,,,,,
2008-09-08,,,,39963.1256,,,3994.3579,,,41.688,,,,,27717.6783,,,,,
2008-09-09,,,,39099.9819,,,3959.248,,,41.2932,,,,,27466.9642,,,,,
2008-09-10,,,,38674.8619,,,3937.7426,,,41.358,,,,,27649.7676,,,,,
2008-09-11,,,,38715.956,,,3946.4009,,,41.7182,,,,,27782.8809,,,,,
2008-09-12,,,,39271.6171,,,3995.2887,,,42.3964,,,,,28380.5415,,,,,
2008-09-15,,,,38395.6641,,,3972.989,,,42.0319,,,,,28183.8864,,,,,
2008-09-16,,,,37883.1238,,,3899.0605,,,40.4836,,,,,27986.7847,,,,,
2008-09-17,,,,37188.6961,,,3865.8497,,,38.3177,,,,,27500.6085,,,,,
2008-09-18,,,,37187.7605,,,3865.6921,,,40.939,,,,,27508.5987,,,,,
2008-09-19,,,,37186.825,,,3864.5403,,,42.3863,,,,,28603.5435,,,,,
2008-09-22,,,,38776.6627,,,3885.6763,,,41.2932,,,,,28070.3266,,,,,
2008-09-23,,,,37907.2987,,,3856.8093,,,41.2224,,,,,27859.2572,,,,,
2008-09-24,,,,37770.5293,,,3870.4726,,,41.0321,,,,,27872.3886,,,,,
2008-09-25,,,,38277.579,,,3876.6724,,,42.1232,,,,,28236.4024,,,,,
2008-09-26,,,,37737.2574,,,3862.5858,,,41.4147,,,,,28142.014,,,,,
2008-09-29,,,,36049.2263,,,3768.3539,,,37.0222,,,,,26640.0935,,,,,
2008-09-30,,,,36421.1058,,,3738.1989,,,40.2103,,,,,27194.4737,,,,,
2008-10-01,,,,36625.6112,,,3734.352,,,39.2083,,,,,27188.8053,,,,,
2008-10-02,,,,35757.116,,,3670.0605,,,38.4392,,,,,26776.97,,,,,
2008-10-03,,,,35312.9571,,,3650.8436,,,38.1455,,,,,26928.5231,,,,,
2008-10-06,,,,32659.549,,,3487.5847,,,33.5408,,,,,24652.3282,,,,,
2008-10-07,,,,32272.0842,,,3440.1582,,,32.1743,,,,,24345.6868,,,,,
2008-10-08,,,,31421.748,,,3322.6081,,,29.6036,,,,,23089.4452,,,,,
2008-10-09,,,,31633.4937,,,3315.7205,,,28.3284,,,,,22858.9931,,,,,
2008-10-10,,,,29933.5706,,,3163.2635,,,25.8083,,,,,20710.9032,,,,,
2008-10-13,,,,31838.6886,,,3278.9765,,,29.8566,,,,,23280.2472,,,,,
2008-10-14,,,,32891.0755,,,3392.747,,,32.4273,,,,,24258.1933,,,,,
2008-10-15,,,,31726.8306,,,3349.4168,,,30.2109,,,,,23439.327,,,,,
2008-10-16,,,,30640.5468,,,3294.5563,,,31.3748,,,,,23908.1814,,,,,
2008-10-17,,,,31296.5872,,,3318.4984,,,31.5367,,,,,24646.2532,,,,,
2008-10-20,,,,31707.6087,,,3392.3744,,,30.555,,,,,25783.2804,,,,,
2008-10-21,,,,31664.1892,,,3406.1451,,,31.8505,,,,,25596.3259,,,,,
2008-10-22,,,,30238.6292,,,3316.7488,,,28.9154,,,,,24593.0774,,,,,
2008-10-23,,,,29973.0852,,,3301.471,,,29.3911,,,,,24518.8773,,,,,
2008-10-24,,,,29069.5699,,,3225.2471,,,27.711,,,,,23822.9491,,,,,
2008-10-27,,,,29274.0081,,,3236.6677,,,26.3143,,,,,23916.1828,,,,,
2008-10-28,,,,29781.9108,,,3253.1115,,,28.8749,,,,,24412.2494,,,,,
2008-10-29,,,,30674.0001,,,3256.005,,,29.2696,,,,,24732.135,,,,,
2008-10-30,,,,31859.2178,,,3292.9356,,,30.0388,,,,,25446.8532,,,,,
2008-10-31,,,,31866.1446,,,3292.3315,,,30.6866,,,,,25470.1138,,,,,
2008-11-03,,,,32091.3568,,,3330.6141,,,31.5063,,,,,25694.8453,,,,,
2008-11-04,,,,32749.1429,,,3399.0251,,,33.0572,,,,,26244.5375,,,,,
2008-11-05,,,,32183.8412,,,3423.9357,,,32.7006,,,,,26143.5546,,,,,
2008-11-06,,,,30878.5844,,,3421.1933,,,31.3748,,,,,25699.3501,,,,,
2008-11-07,,,,31472.0044,,,3430.4873,,,32.7715,,,,,26361.9126,,,,,
2008-11-10,,,,31570.5536,,,3469.9021,,,33.399,,,,,26833.2518,,,,,
2008-11-11,,,,31193.1065,,,3449.8199,,,32.9231,,,,,26403.6714,,,,,
2008-11-12,,,,30469.0791,,,3416.334,,,31.3748,,,,,26232.7929,,,,,
2008-11-13,,,,30033.3859,,,3407.7516,,,33.1358,,,,,26240.2929,,,,,
2008-11-14,,,,30594.8441,,,3417.3971,,,31.8909,,,,,26437.3421,,,,,
2008-11-17,,,,30424.731,,,3406.4661,,,31.7796,,,,,26318.5789,,,,,
2008-11-18,,,,30055.2256,,,3402.0588,,,32.2452,,,,,26186.1254,,,,,
2008-11-19,,,,29633.7919,,,3386.5851,,,29.7352,,,,,26114.4187,,,,,
2008-11-20,,,,29106.4694,,,3343.7425,,,28.3385,,,,,25384.0339,,,,,
2008-11-21,,,,28981.1827,,,3344.5887,,,27.3365,,,,,25304.9748,,,,,
2008-11-24,,,,30077.7453,,,3346.4183,,,27.5997,,,,,25694.3319,,,,,
2008-11-25,,,,30211.372,,,3321.4028,,,28.7939,,,,,26042.484,,,,,
2008-11-26,,,,30440.251,,,3312.6515,,,30.0489,,,,,26128.21,,,,,
2008-11-27,,,,30494.4559,,,3326.4941,,,30.0489,,,,,26404.9598,,,,,
2008-11-28,,,,30567.7458,,,3316.0131,,,29.8465,,,,,26203.5714,,,,,
2008-12-01,,,,29952.3793,,,3293.8228,,,26.8305,,,,,25383.3873,,,,,
2008-12-02,,,,29677.7483,,,3269.3172,,,27.3973,,,,,25509.7037,,,,,
2008-12-03,,,,29514.9515,,,3264.87,,,27.5794,,,,,25324.8008,,,,,
2008-12-04,,,,29499.7381,,,3264.8635,,,27.5896,,,,,25571.8456,,,,,
2008-12-05,,,,29303.9912,,,3239.5666,,,26.367,,,,,25472.3198,,,,,
2008-12-08,,,,29301.662,,,3239.4591,,,28.2272,,,,,25469.5191,,,,,
2008-12-09,,,,30238.2737,,,3232.5162,,,27.4985,,,,,25510.1348,,,,,
2008-12-10,,,,30649.3721,,,3234.0125,,,27.4681,,,,,25574.8446,,,,,
2008-12-11,,,,30884.4504,,,3236.8793,,,28.5308,,,,,25705.904,,,,,
2008-12-12,,,,30381.0354,,,3216.0538,,,28.298,,,,,25576.5272,,,,,
2008-12-15,,,,30292.7767,,,3225.254,,,28.8445,,,,,25636.8137,,,,,
2008-12-16,,,,30534.469,,,3236.648,,,29.1584,,,,,25832.6429,,,,,
2008-12-17,,,,30614.6681,,,3249.9951,,,29.8566,,,,,25972.6292,,,,,
2008-12-18,,,,30333.4808,,,3273.1555,,,29.4012,,,,,26032.2627,,,,,
2008-12-19,,,,30409.188,,,3263.4657,,,29.6036,,,,,25946.2069,,,,,
2008-12-22,,,,30059.4194,,,3292.2445,,,29.5328,,,,,25780.859,,,,,
2008-12-23,,,,29956.0301,,,3282.9795,,,29.7179,,,,,25552.2411,,,,,
2008-12-24,,,,29915.3312,,,3288.018,,,30.7136,,,,,25608.6931,,,,,
2008-12-25,,,,29914.534,,,3287.8995,,,30.7136,,,,,25601.3498,,,,,
2008-12-26,,,,30092.2867,,,3306.4423,,,30.297,,,,,25742.299,,,,,
2008-12-29,,,,29877.3118,,,3310.3874,,,29.8195,,,,,26115.0902,,,,,
2008-12-30,,,,30371.8962,,,3348.4657,,,29.85,,,,,26173.1607,,,,,
2008-12-31,,,,30518.7895,,,3348.6923,,,30.297,,,,,26195.0358,,,,,
2009-01-01,,,,30518.0019,,,3348.6416,,,30.297,,,,,26193.8328,,,,,
2009-01-02,,,,31045.6403,,,3361.6342,,,30.8355,,,,,26231.8389,,,,,
2009-01-05,,,,31751.2032,,,3356.0018,,,30.7847,,,,,26300.923,,,,,
2009-01-06,,,,32105.8251,,,3371.0613,,,31.8515,,,,,26660.5158,,,,,
2009-01-07,,,,31552.2628,,,3391.8104,,,31.4857,,,,,26392.0463,,,,,
2009-01-08,,,,31304.8287,,,3386.8444,,,31.7702,,,,,26299.5737,,,,,
2009-01-09,,,,31249.6388,,,3399.6939,,,32.4103,,,,,26531.5972,,,,,
2009-01-12,,,,30511.623,,,3385.9148,,,32.8776,,,,,26368.9131,,,,,
2009-01-13,,,,30550.7676,,,3391.1406,,,32.5119,,,,,26410.7671,,,,,
2009-01-14,,,,29988.608,,,3393.5849,,,31.4959,,,,,26655.4913,,,,,
2009-01-15,,,,30154.2531,,,3427.7405,,,31.9937,,,,,26878.054,,,,,
2009-01-16,,,,30472.0267,,,3461.9183,,,32.5525,,,,,27130.7995,,,,,
2009-01-19,,,,30587.6006,,,3468.3603,,,32.5525,,,,,27048.9462,,,,,
2009-01-20,,,,30238.2737,,,3476.8022,,,31.2927,,,,,26900.5231,,,,,
2009-01-21,,,,30317.2528,,,3487.1532,,,31.6991,,,,,26903.7907,,,,,
2009-01-22,,,,30272.8455,,,3500.9193,,,32.5119,,,,,27077.2779,,,,,
2009-01-23,,,,30229.364,,,3505.1508,,,32.9995,,,,,27138.4774,,,,,
2009-01-26,,,,30475.3517,,,3514.3373,,,33.4242,,,,,27483.4615,,,,,
2009-01-27,,,,30502.9178,,,3538.4172,,,33.8327,,,,,27958.8525,,,,,
2009-01-28,,,,30984.3184,,,3558.2939,,,34.3203,,,,,28349.826,,,,,
2009-01-29,,,,30815.7586,,,3552.47,,,34.3305,,,,,28204.5609,,,,,
2009-01-30,,,,30674.652,,,3559.8582,,,34.1883,,,,,28150.6616,,,,,
2009-02-02,,,,30559.0259,,,3554.7637,,,33.5787,,,,,27914.2372,,,,,
2009-02-03,,,,30726.7199,,,3560.186,,,33.8225,,,,,27992.9501,,,,,
2009-02-04,,,,30878.4276,,,3564.509,,,34.2289,,,,,28028.2807,,,,,
2009-02-05,,,,30965.158,,,3558.6588,,,35.2855,,,,,28098.6661,,,,,
2009-02-06,,,,31536.4412,,,3580.6916,,,36.2609,,,,,28364.2359,,,,,
2009-02-09,,,,31571.787,,,3594.2715,,,36.7384,,,,,28482.6451,,,,,
2009-02-10,,,,31090.9468,,,3594.1067,,,35.8342,,,,,28251.9578,,,,,
2009-02-11,,,,30915.5296,,,3594.5105,,,35.8647,,,,,28215.2232,,,,,
2009-02-12,,,,30516.0707,,,3596.4728,,,36.9416,,,,,28278.9046,,,,,
2009-02-13,,,,30662.6474,,,3609.6218,,,36.7587,,,,,28283.7313,,,,,
2009-02-16,,,,30624.9724,,,3606.6148,,,36.7587,,,,,28334.0002,,,,,
2009-02-17,,,,30143.7028,,,3588.6801,,,35.8139,,,,,28025.9442,,,,,
2009-02-18,,,,29922.3817,,,3584.2347,,,35.9155,,,,,28143.0142,,,,,
2009-02-19,,,,30210.041,,,3592.0421,,,35.2124,,,,,28554.9427,,,,,
2009-02-20,,,,29931.4559,,,3572.9837,,,34.2594,,,,,28349.7812,,,,,
2009-02-23,,,,29719.7786,,,3569.6957,,,33.7107,,,,,28437.199,,,,,
2009-02-24,,,,29234.7599,,,3533.2874,,,34.3711,,,,,28262.2116,,,,,
2009-02-25,,,,29324.7634,,,3513.987,,,34.2391,,,,,28227.4151,,,,,
2009-02-26,,,,29549.2302,,,3517.1094,,,33.8327,,,,,28482.1938,,,,,
2009-02-27,,,,29248.383,,,3484.0526,,,34.0359,,,,,28132.942,,,,,
2009-03-02,,,,28731.3739,,,3459.2781,,,31.7804,,,,,27505.3828,,,,,
2009-03-03,,,,28688.6396,,,3419.4232,,,31.1911,,,,,27268.6791,,,,,
2009-03-04,,,,29342.5658,,,3424.0388,,,32.393,,,,,27585.025,,,,,
2009-03-05,,,,28974.6503,,,3391.7073,,,31.2419,,,,,27194.1879,,,,,
2009-03-06,,,,28821.3024,,,3385.2046,,,32.3896,,,,,27054.4511,,,,,
2009-03-09,,,,28715.0113,,,3362.4705,,,31.5365,,,,,26970.527,,,,,
2009-03-10,,,,29030.2406,,,3388.0082,,,33.1519,,,,,27502.5092,,,,,
2009-03-11,,,,29154.701,,,3394.2256,,,33.1418,,,,,27538.6849,,,,,
2009-03-12,,,,29271.9644,,,3387.6611,,,33.3247,,,,,27476.9325,,,,,
2009-03-13,,,,29431.3193,,,3383.3224,,,33.6803,,,,,27668.5246,,,,,
2009-03-16,,,,29425.692,,,3397.1577,,,34.1476,,,,,27799.4038,,,,,
2009-03-17,,,,29279.6671,,,3399.1987,,,34.3915,,,,,27904.512,,,,,
2009-03-18,,,,29675.6114,,,3401.9385,,,34.4829,,,,,28056.411,,,,,
2009-03-19,,,,29845.7457,,,3413.0884,,,34.6455,,,,,28171.2084,,,,,
2009-03-20,,,,29793.7051,,,3414.0002,,,34.3461,,,,,27970.6255,,,,,
2009-03-23,,,,30105.4611,,,3442.2892,,,35.8037,,,,,28249.7396,,,,,
2009-03-24,,,,30013.2743,,,3447.9829,,,35.8443,,,,,28175.9809,,,,,
2009-03-25,,,,29930.7773,,,3460.8577,,,36.1288,,,,,28251.2887,,,,,
2009-03-26,,,,30142.1838,,,3459.3272,,,36.4235,,,,,28320.966,,,,,
2009-03-27,,,,29771.7655,,,3468.767,,,36.0475,,,,,28320.8724,,,,,
2009-03-30,,,,29416.5688,,,3452.2244,,,34.7572,,,,,27937.1376,,,,,
2009-03-31,,,,29590.265,,,3454.2488,,,35.0722,,,,,28080.4173,,,,,
2009-04-01,,,,29894.7681,,,3481.9649,,,34.9909,,,,,28152.4734,,,,,
2009-04-02,,,,30695.4176,,,3509.8532,,,36.0475,,,,,28387.6635,,,,,
2009-04-03,,,,31081.4683,,,3522.2902,,,35.8139,,,,,28409.2986,,,,,
2009-04-06,,,,31049.8456,,,3540.5106,,,35.6107,,,,,28381.8912,,,,,
2009-04-07,,,,31105.2725,,,3555.6359,,,35.4583,,,,,28131.5031,,,,,
2009-04-08,,,,31316.1747,,,3592.2488,,,35.6716,,,,,28383.1317,,,,,
2009-04-09,,,,31814.1598,,,3623.4218,,,36.7303,,,,,28537.8301,,,,,
2009-04-10,,,,31813.247,,,3625.1527,,,36.7303,,,,,28526.0622,,,,,
2009-04-13,,,,32161.6002,,,3674.6556,,,37.2667,,,,,28677.7534,,,,,
2009-04-14,,,,32182.4682,,,3732.4582,,,37.3582,,,,,29036.7972,,,,,
2009-04-15,,,,32165.1904,,,3730.5621,,,37.2921,,,,,29025.9841,,,,,
2009-04-16,,,,32466.9172,,,3762.5006,,,38.0287,,,,,29371.2093,,,,,
2009-04-17,,,,32582.9199,,,3768.1744,,,37.7544,,,,,29563.3107,,,,,
2009-04-20,,,,32001.631,,,3748.6022,,,36.6876,,,,,29387.4754,,,,,
2009-04-21,,,,32137.6159,,,3729.9714,,,36.9518,,,,,29360.8574,,,,,
2009-04-22,,,,32412.4836,,,3743.9064,,,37.287,,,,,29478.9217,,,,,
2009-04-23,,,,32520.9313,,,3752.7526,,,37.4801,,,,,29374.3627,,,,,
2009-04-24,,,,33134.0076,,,3758.3498,,,37.2972,,,,,29418.7366,,,,,
2009-04-27,,,,33034.352,,,3776.1191,,,35.8139,,,,,29362.6376,,,,,
2009-04-28,,,,33100.2787,,,3768.7586,,,36.0171,,,,,29324.7154,,,,,
2009-04-29,,,,33579.5023,,,3804.9307,,,37.795,,,,,29883.1316,,,,,
2009-04-30,,,,33695.0109,,,3826.9333,,,37.5614,,,,,29955.8499,,,,,
2009-05-01,,,,33694.0583,,,3956.5284,,,38.12,,,,,30027.7685,,,,,
2009-05-04,,,,34581.3023,,,3861.0973,,,38.9838,,,,,30245.1226,,,,,
2009-05-05,,,,34653.6685,,,3897.3262,,,39.2886,,,,,30461.7275,,,,,
2009-05-06,,,,35400.7835,,,3928.6725,,,39.7254,,,,,30573.8257,,,,,
2009-05-07,,,,35150.9963,,,3963.5366,,,40.5179,,,,,31032.4985,,,,,
2009-05-08,,,,35681.7806,,,4020.2171,,,41.4577,,,,,31711.943,,,,,
2009-05-11,,,,35913.2963,,,4051.6004,,,41.4018,,,,,32014.4012,,,,,
2009-05-12,,,,35865.2237,,,4061.0819,,,41.666,,,,,32115.5781,,,,,
2009-05-13,,,,35377.2328,,,4059.922,,,40.7618,,,,,31930.2354,,,,,
2009-05-14,,,,35475.9061,,,4066.9902,,,41.9708,,,,,31930.2354,,,,,
2009-05-15,,,,35480.8793,,,4115.1738,,,42.3467,,,,,32329.2196,,,,,
2009-05-18,,,,36314.6964,,,4190.418,,,44.0942,,,,,32714.8914,,,,,
2009-05-19,,,,37104.9725,,,4227.3051,,,43.7183,,,,,32829.9588,,,,,
2009-05-20,,,,37479.2206,,,4255.0395,,,43.9926,,,,,32924.3271,,,,,
2009-05-21,,,,37478.1454,,,4256.2515,,,43.0173,,,,,32872.456,,,,,
2009-05-22,,,,37293.2349,,,4249.5979,,,43.7791,,,,,32882.5975,,,,,
2009-05-25,,,,37643.8235,,,4286.1534,,,43.7791,,,,,33095.4252,,,,,
2009-05-26,,,,37958.1098,,,4319.7154,,,44.7648,,,,,33247.1097,,,,,
2009-05-27,,,,38034.572,,,4322.5551,,,43.7081,,,,,33267.8506,,,,,
2009-05-28,,,,38099.4608,,,4326.7618,,,44.3889,,,,,33345.204,,,,,
2009-05-29,,,,38518.0692,,,4354.4988,,,44.9432,,,,,33672.8728,,,,,
2009-06-01,,,,38856.4934,,,4422.2274,,,46.1465,,,,,33937.4413,,,,,
2009-06-02,,,,39233.8627,,,4484.5111,,,45.9738,,,,,34074.6722,,,,,
2009-06-03,,,,39264.6131,,,4523.1199,,,44.5921,,,,,34026.595,,,,,
2009-06-04,,,,39511.278,,,4555.3951,,,45.4963,,,,,34434.5142,,,,,
2009-06-05,,,,39689.5706,,,4598.486,,,45.7097,,,,,34648.6864,,,,,
2009-06-08,,,,39872.0252,,,4595.587,,,45.5877,,,,,34571.6067,,,,,
2009-06-09,,,,40118.4907,,,4644.5903,,,45.8113,,,,,34613.0032,,,,,
2009-06-10,,,,40406.0069,,,4710.1029,,,46.431,,,,,35287.4211,,,,,
2009-06-11,,,,40712.9352,,,4804.107,,,47.0305,,,,,35280.0795,,,,,
2009-06-12,,,,40625.7299,,,4820.4379,,,46.4107,,,,,35225.0641,,,,,
2009-06-15,,,,40497.9021,,,4803.9886,,,46.3396,,,,,35246.6094,,,,,
2009-06-16,,,,40555.6525,,,4830.8388,,,46.6139,,,,,35579.7189,,,,,
2009-06-17,,,,40166.7587,,,4764.3844,,,45.9433,,,,,35157.7186,,,,,
2009-06-18,,,,40142.2644,,,4760.7461,,,46.4717,,,,,34940.5179,,,,,
2009-06-19,,,,40317.2147,,,4761.3441,,,47.447,,,,,35043.8535,,,,,
2009-06-22,,,,39984.9322,,,4707.9524,,,45.8824,,,,,34679.6526,,,,,
2009-06-23,,,,39823.7214,,,4674.6436,,,45.6317,,,,,34272.3874,,,,,
2009-06-24,,,,40097.4617,,,4694.8084,,,45.4779,,,,,34054.9897,,,,,
2009-06-25,,,,40185.9138,,,4683.364,,,46.0932,,,,,34076.3943,,,,,
2009-06-26,,,,40295.0797,,,4699.9255,,,46.8315,,,,,34476.3413,,,,,
2009-06-29,,,,40291.8718,,,4701.5337,,,47.2417,,,,,34520.2171,,,,,
2009-06-30,,,,40421.2137,,,4711.0779,,,46.4521,,,,,34575.1436,,,,,
2009-07-01,,,,40395.4468,,,4705.5516,,,46.4521,,,,,34672.6611,,,,,
2009-07-02,,,,40351.7358,,,4682.9893,,,46.1239,,,,,34427.9841,,,,,
2009-07-03,,,,40296.4603,,,4676.9861,,,46.1239,,,,,34393.3018,,,,,
2009-07-06,,,,40313.2537,,,4668.525,,,46.1957,,,,,34339.3521,,,,,
2009-07-07,,,,40329.1848,,,4650.9059,,,45.4779,,,,,34465.1128,,,,,
2009-07-08,,,,40231.4036,,,4614.5079,,,44.6781,,,,,34168.5667,,,,,
2009-07-09,,,,40180.2316,,,4593.058,,,44.6883,,,,,34350.0497,,,,,
2009-07-10,,,,40179.3682,,,4605.4939,,,44.2577,,,,,34244.9436,,,,,
2009-07-13,,,,40223.552,,,4618.1807,,,45.4984,,,,,34608.4342,,,,,
2009-07-14,,,,40356.6887,,,4659.0095,,,46.0214,,,,,35166.4879,,,,,
2009-07-15,,,,40529.0412,,,4687.3687,,,47.8774,,,,,35575.5937,,,,,
2009-07-16,,,,40527.8602,,,4687.5152,,,48.4004,,,,,35581.0409,,,,,
2009-07-17,,,,40625.6786,,,4714.219,,,48.4517,,,,,35530.5288,,,,,
2009-07-20,,,,40710.2574,,,4734.9614,,,49.0157,,,,,35417.2035,,,,,
2009-07-21,,,,40789.0381,,,4737.1387,,,49.0157,,,,,35483.9872,,,,,
2009-07-22,,,,40846.8477,,,4738.3423,,,48.2466,,,,,35397.4767,,,,,
2009-07-23,,,,40816.4605,,,4746.7496,,,48.7285,,,,,35435.5799,,,,,
2009-07-24,,,,40895.2235,,,4759.0541,,,48.7798,,,,,35429.3193,,,,,
2009-07-27,,,,40790.5087,,,4731.2565,,,47.939,,,,,35545.3245,,,,,
2009-07-28,,,,40851.3111,,,4705.309,,,47.2519,,,,,35431.3471,,,,,
2009-07-29,,,,40754.4421,,,4700.2028,,,47.5698,,,,,35499.1642,,,,,
2009-07-30,,,,40800.1604,,,4696.4528,,,47.7851,,,,,35565.6773,,,,,
2009-07-31,,,,41043.1482,,,4704.2144,,,47.7339,,,,,35305.2745,,,,,
2009-08-03,,,,41177.2173,,,4725.916,,,48.4927,,,,,35159.5193,,,,,
2009-08-04,,,,41434.044,,,4775.2593,,,48.6465,,,,,35094.6666,,,,,
2009-08-05,,,,41447.1265,,,4782.5525,,,48.6055,,,,,35032.6267,,,,,
2009-08-06,,,,41483.4291,,,4797.9491,,,48.544,,,,,34886.888,,,,,
2009-08-07,,,,41473.3596,,,4833.9778,,,48.3184,,,,,34865.7728,,,,,
2009-08-10,,,,41533.4891,,,4826.163,,,47.8877,,,,,35242.2212,,,,,
2009-08-11,,,,41311.981,,,4806.3699,,,47.3237,,,,,34731.7401,,,,,
2009-08-12,,,,41480.4863,,,4814.9317,,,47.6108,,,,,34923.0152,,,,,
2009-08-13,,,,41633.497,,,4840.2743,,,47.7851,,,,,35031.7086,,,,,
2009-08-14,,,,41657.2359,,,4845.7789,,,47.6211,,,,,34922.7109,,,,,
2009-08-17,,,,41420.9484,,,4830.3548,,,46.1445,,,,,34710.1271,,,,,
2009-08-18,,,,41437.2522,,,4827.7659,,,46.7802,,,,,34717.4177,,,,,
2009-08-19,,,,41462.3794,,,4826.6394,,,46.934,,,,,34669.694,,,,,
2009-08-20,,,,41366.9307,,,4815.2834,,,47.5288,,,,,34651.5968,,,,,
2009-08-21,,,,41505.882,,,4840.369,,,47.5493,,,,,34670.0067,,,,,
2009-08-24,,,,41507.413,,,4819.3467,,,46.8797,,,,,34470.5876,,,,,
2009-08-25,,,,41448.0587,,,4825.3597,,,47.3647,,,,,34651.7797,,,,,
2009-08-26,,,,41425.646,,,4825.3258,,,47.2929,,,,,34730.6737,,,,,
2009-08-27,,,,41324.5441,,,4823.4174,,,46.6469,,,,,34516.3671,,,,,
2009-08-28,,,,41426.3883,,,4814.5832,,,46.4008,,,,,34546.1885,,,,,
2009-08-31,,,,41320.7125,,,4795.8711,,,45.6317,,,,,34282.5699,,,,,
2009-09-01,,,,41359.6806,,,4783.0612,,,44.35,,,,,34174.7385,,,,,
2009-09-02,,,,41230.7625,,,4774.237,,,44.7806,,,,,34220.9061,,,,,
2009-09-03,,,,41201.1869,,,4788.301,,,45.4574,,,,,34274.2337,,,,,
2009-09-04,,,,41431.8037,,,4841.2822,,,45.9496,,,,,34490.1522,,,,,
2009-09-07,,,,41532.8058,,,4863.9283,,,45.9496,,,,,34558.8587,,,,,
2009-09-08,,,,41463.7502,,,4844.7604,,,46.0214,,,,,34525.823,,,,,
2009-09-09,,,,41573.5347,,,4850.3756,,,46.2162,,,,,34585.393,,,,,
2009-09-10,,,,41682.0326,,,4861.3442,,,46.5136,,,,,34671.0651,,,,,
2009-09-11,,,,41834.4172,,,4881.0202,,,46.9443,,,,,34675.9655,,,,,
2009-09-14,,,,41855.9882,,,4886.1573,,,46.5034,,,,,34768.558,,,,,
2009-09-15,,,,41900.7447,,,4897.2089,,,46.5548,,,,,34850.2629,,,,,
2009-09-16,,,,41962.0492,,,4906.7083,,,47.8364,,,,,35257.5315,,,,,
2009-09-17,,,,41828.5005,,,4901.7326,,,47.9697,,,,,35317.2731,,,,,
2009-09-18,,,,41827.4741,,,4900.3021,,,48.3491,,,,,35306.4455,,,,,
2009-09-21,,,,41822.5884,,,4902.9263,,,48.0928,,,,,35312.4919,,,,,
2009-09-22,,,,41888.6473,,,4903.5857,,,48.6568,,,,,35285.1486,,,,,
2009-09-23,,,,41813.0307,,,4889.1177,,,49.0259,,,,,35135.1066,,,,,
2009-09-24,,,,41809.9724,,,4880.0543,,,48.7491,,,,,35070.4902,,,,,
2009-09-25,,,,41780.9315,,,4881.965,,,48.6055,,,,,35105.902,,,,,
2009-09-28,,,,41887.9438,,,4907.5548,,,49.0362,,,,,35330.7403,,,,,
2009-09-29,,,,41991.6523,,,4920.9685,,,49.0259,,,,,35260.9107,,,,,
2009-09-30,,,,42159.6672,,,4939.6477,,,49.108,,,,,35247.6678,,,,,
2009-10-01,,,,42165.3714,,,4933.1328,,,48.3081,,,,,35260.7608,,,,,
2009-10-02,,,,42136.0051,,,4937.6304,,,48.1748,,,,,35335.3443,,,,,
2009-10-05,,,,42230.8207,,,4946.1341,,,48.4414,,,,,35511.6837,,,,,
2009-10-06,,,,42229.5672,,,4965.5906,,,48.9952,,,,,35630.9373,,,,,
2009-10-07,,,,42279.7055,,,4980.5093,,,48.9952,,,,,35644.8355,,,,,
2009-10-08,,,,42394.3193,,,4995.3611,,,49.3233,,,,,35668.999,,,,,
2009-10-09,,,,42439.2268,,,5009.1142,,,49.5283,,,,,35745.0201,,,,,
2009-10-12,,,,42435.4911,,,5010.18,,,50.0001,,,,,36134.8605,,,,,
2009-10-13,,,,42517.045,,,5028.6862,,,50.1231,,,,,35853.4647,,,,,
2009-10-14,,,,42748.9479,,,5016.7368,,,50.441,,,,,36048.919,,,,,
2009-10-15,,,,42687.9325,,,5003.0371,,,50.3282,,,,,35848.9919,,,,,
2009-10-16,,,,42619.415,,,5023.3818,,,50.3487,,,,,35762.3478,,,,,
2009-10-19,,,,42731.0104,,,5009.8992,,,50.9742,,,,,35911.5451,,,,,
2009-10-20,,,,42643.0979,,,4997.4242,,,51.1178,,,,,35667.0279,,,,,
2009-10-21,,,,42733.5841,,,5014.2524,,,50.7384,,,,,35590.5804,,,,,
2009-10-22,,,,42695.8228,,,5011.4598,,,51.2306,,,,,35475.4367,,,,,
2009-10-23,,,,42865.7058,,,5044.2409,,,51.5587,,,,,35395.3509,,,,,
2009-10-26,,,,42947.0527,,,5053.1269,,,50.9845,,,,,35378.8257,,,,,
2009-10-27,,,,42815.1436,,,5018.5898,,,50.6666,,,,,35161.1682,,,,,
2009-10-28,,,,42615.2178,,,4978.1457,,,49.8463,,,,,34845.7179,,,,,
2009-10-29,,,,42789.4809,,,4988.6185,,,50.9948,,,,,34908.595,,,,,
2009-10-30,,,,42711.3875,,,4967.0515,,,49.3438,,,,,34691.7605,,,,,
2009-11-02,,,,42552.3249,,,4940.5583,,,49.6719,,,,,34363.906,,,,,
2009-11-03,,,,42373.8369,,,4910.053,,,49.6309,,,,,34144.8395,,,,,
2009-11-04,,,,42527.0298,,,4956.3491,,,50.441,,,,,34769.8236,,,,,
2009-11-05,,,,42647.8837,,,4991.8878,,,51.5998,,,,,35061.861,,,,,
2009-11-06,,,,42646.0895,,,4990.1584,,,51.8151,,,,,35102.2111,,,,,
2009-11-09,,,,42662.7729,,,4996.6108,,,53.2712,,,,,35231.7223,,,,,
2009-11-10,,,,42671.8577,,,4993.7276,,,53.5891,,,,,35132.2912,,,,,
2009-11-11,,,,42674.4547,,,5008.0309,,,53.0149,,,,,34891.3132,,,,,
2009-11-12,,,,42556.7885,,,4985.7274,,,52.656,,,,,34743.4682,,,,,
2009-11-13,,,,42524.3363,,,4975.7217,,,53.2815,,,,,34718.1585,,,,,
2009-11-16,,,,42433.7336,,,4978.0896,,,53.7327,,,,,34674.9267,,,,,
2009-11-17,,,,42210.055,,,4958.5782,,,53.1277,,,,,34425.2767,,,,,
2009-11-18,,,,42112.0475,,,4939.6893,,,52.9123,,,,,33962.7295,,,,,
2009-11-19,,,,41941.8246,,,4926.8968,,,52.3996,,,,,33975.3676,,,,,
2009-11-20,,,,41941.725,,,4934.3171,,,52.6149,,,,,34023.4355,,,,,
2009-11-23,,,,41999.8656,,,4955.6182,,,52.9841,,,,,34040.2204,,,,,
2009-11-24,,,,41911.5903,,,4945.244,,,52.7882,,,,,33621.1945,,,,,
2009-11-25,,,,41901.1752,,,4952.5144,,,52.9943,,,,,33740.2294,,,,,
2009-11-26,,,,41502.919,,,4925.5329,,,52.9943,,,,,33428.2767,,,,,
2009-11-27,,,,41486.2372,,,4930.553,,,52.5432,,,,,33445.5769,,,,,
2009-11-30,,,,41651.1732,,,4955.6421,,,52.7072,,,,,33695.949,,,,,
2009-12-01,,,,41774.0466,,,4972.2652,,,53.6711,,,,,34023.0405,,,,,
2009-12-02,,,,41907.039,,,4993.7051,,,53.1071,,,,,34323.0091,,,,,
2009-12-03,,,,41747.4832,,,4980.2916,,,53.0046,,,,,34182.5782,,,,,
2009-12-04,,,,41690.461,,,4988.3695,,,53.5378,,,,,34353.5954,,,,,
2009-12-07,,,,41694.1346,,,4997.5285,,,53.1861,,,,,34287.108,,,,,
2009-12-08,,,,41692.9111,,,4996.9005,,,52.7482,,,,,34254.7566,,,,,
2009-12-09,,,,41723.7177,,,4992.2826,,,53.2815,,,,,34041.7081,,,,,
2009-12-10,,,,41802.5173,,,4965.0463,,,54.3377,,,,,34390.5367,,,,,
2009-12-11,,,,42019.163,,,4988.9183,,,55.6297,,,,,34879.8132,,,,,
2009-12-14,,,,41991.0256,,,4982.1274,,,55.9271,,,,,34934.6661,,,,,
2009-12-15,,,,42002.9425,,,4991.4942,,,55.7323,,,,,35259.3179,,,,,
2009-12-16,,,,42026.3553,,,5003.6674,,,55.7938,,,,,35470.3915,,,,,
2009-12-17,,,,41912.0614,,,4983.3857,,,55.5887,,,,,35346.6196,,,,,
2009-12-18,,,,41891.4828,,,4985.9647,,,55.7733,,,,,35685.6739,,,,,
2009-12-21,,,,41822.9497,,,4976.1962,,,55.9886,,,,,35712.7809,,,,,
2009-12-22,,,,41688.3661,,,4974.5239,,,55.4199,,,,,35762.916,,,,,
2009-12-23,,,,41702.3326,,,4968.8014,,,55.6359,,,,,35602.8797,,,,,
2009-12-24,,,,41703.5924,,,4975.1683,,,55.7286,,,,,35660.1082,,,,,
2009-12-25,,,,41702.3687,,,4975.0034,,,55.7286,,,,,35656.2093,,,,,
2009-12-28,,,,41842.8564,,,4998.0926,,,56.0784,,,,,35727.9358,,,,,
2009-12-29,,,,41987.553,,,5026.4525,,,56.3356,,,,,35785.1904,,,,,
2009-12-30,,,,42202.9365,,,5064.821,,,56.9324,,,,,35865.5541,,,,,
2009-12-31,,,,42227.6704,,,5066.2528,,,56.3768,,,,,35865.2897,,,,,
2010-01-01,,,,42226.4425,,,5066.234,,,56.3768,,,,,35863.9193,,,,,
2010-01-04,,,,42334.0764,,,5086.6684,,,57.7246,,,,,36031.7763,,,,,
2010-01-05,,,,42466.7397,,,5126.2824,,,57.9614,,,,,36557.7364,,,,,
2010-01-06,,,,42676.4181,,,5136.5642,,,58.8978,,,,,36501.4692,,,,,
2010-01-07,,,,42718.4216,,,5142.1237,,,60.2766,,,,,36613.2583,,,,,
2010-01-08,,,,42857.11,,,5164.0578,,,61.0997,,,,,36862.634,,,,,
2010-01-11,,,,43211.7639,,,5194.9992,,,61.3055,,,,,37052.1172,,,,,
2010-01-12,,,,43237.4236,,,5185.8052,,,61.1409,,,,,36809.5283,,,,,
2010-01-13,,,,43442.1277,,,5210.2844,,,61.1306,,,,,36969.7512,,,,,
2010-01-14,,,,43749.6377,,,5230.0118,,,61.5113,,,,,37061.5018,,,,,
2010-01-15,,,,43813.1257,,,5219.0619,,,61.7788,,,,,37000.3497,,,,,
2010-01-18,,,,43976.9072,,,5243.2987,,,61.7788,,,,,37403.4218,,,,,
2010-01-19,,,,44109.3054,,,5247.6998,,,62.2007,,,,,37524.2628,,,,,
2010-01-20,,,,44065.0463,,,5248.0639,,,61.748,,,,,37695.7792,,,,,
2010-01-21,,,,44170.6915,,,5270.9494,,,60.3384,,,,,37807.2527,,,,,
2010-01-22,,,,44111.7081,,,5273.6773,,,59.474,,,,,37704.1522,,,,,
2010-01-25,,,,44054.7008,,,5276.6801,,,60.0913,,,,,37921.648,,,,,
2010-01-26,,,,44074.2122,,,5289.1155,,,59.299,,,,,38087.1067,,,,,
2010-01-27,,,,44044.6027,,,5270.3674,,,57.9614,,,,,38133.3425,,,,,
2010-01-28,,,,44090.7393,,,5262.3648,,,56.8193,,,,,38003.5499,,,,,
2010-01-29,,,,44304.68,,,5299.9739,,,57.3852,,,,,38369.029,,,,,
2010-02-01,,,,44374.7598,,,5288.0749,,,58.3833,,,,,38426.9286,,,,,
2010-02-02,,,,44472.095,,,5317.0867,,,58.6302,,,,,38685.475,,,,,
2010-02-03,,,,44588.1996,,,5329.0707,,,57.2308,,,,,38613.0577,,,,,
2010-02-04,,,,44479.367,,,5323.0124,,,54.8025,,,,,38363.2696,,,,,
2010-02-05,,,,44140.3585,,,5271.5572,,,54.6687,,,,,37753.5575,,,,,
2010-02-08,,,,44205.8336,,,5292.4178,,,54.3806,,,,,38053.1864,,,,,
2010-02-09,,,,44474.9448,,,5342.4053,,,55.2347,,,,,38170.1571,,,,,
2010-02-10,,,,44688.9289,,,5355.3025,,,55.4096,,,,,38178.7986,,,,,
2010-02-11,,,,44785.4201,,,5368.1404,,,56.6032,,,,,38294.7261,,,,,
2010-02-12,,,,44985.514,,,5381.4328,,,56.9221,,,,,38420.4003,,,,,
2010-02-15,,,,45088.1061,,,5403.907,,,56.9221,,,,,38327.006,,,,,
2010-02-16,,,,45271.9951,,,5425.7306,,,58.3421,,,,,38408.7193,,,,,
2010-02-17,,,,45599.8478,,,5469.7916,,,58.4862,,,,,38900.3841,,,,,
2010-02-18,,,,45756.1799,,,5482.1739,,,58.0952,,,,,38802.7823,,,,,
2010-02-19,,,,45753.2455,,,5491.6563,,,57.8482,,,,,38806.6753,,,,,
2010-02-22,,,,45806.1135,,,5521.3304,,,58.2289,,,,,38798.5719,,,,,
2010-02-23,,,,45693.3598,,,5517.7243,,,57.3749,,,,,38795.6336,,,,,
2010-02-24,,,,45767.5459,,,5511.9501,,,57.3852,,,,,38759.7981,,,,,
2010-02-25,,,,45687.9036,,,5504.3038,,,57.3132,,,,,38550.373,,,,,
2010-02-26,,,,45874.7673,,,5521.5259,,,58.3936,,,,,38772.0607,,,,,
2010-03-01,,,,46336.7427,,,5534.6435,,,57.5498,,,,,38326.1418,,,,,
2010-03-02,,,,46843.6279,,,5578.5331,,,57.4881,,,,,38452.0087,,,,,
2010-03-03,,,,46932.1057,,,5606.0043,,,57.2411,,,,,38056.0425,,,,,
2010-03-04,,,,46790.9627,,,5587.3424,,,57.8791,,,,,38241.2054,,,,,
2010-03-05,,,,46885.5656,,,5584.1222,,,59.546,,,,,38434.1403,,,,,
2010-03-08,,,,47257.3154,,,5617.2907,,,59.4225,,,,,38617.4229,,,,,
2010-03-09,,,,47281.3646,,,5629.9981,,,58.8875,,,,,38598.2424,,,,,
2010-03-10,,,,47557.45,,,5672.1329,,,58.6302,,,,,38578.3628,,,,,
2010-03-11,,,,47590.5572,,,5683.9578,,,58.6508,,,,,38605.7495,,,,,
2010-03-12,,,,47639.9546,,,5686.126,,,59.1138,,,,,38626.8999,,,,,
2010-03-15,,,,47690.0445,,,5679.7624,,,57.9408,,,,,38461.2838,,,,,
2010-03-16,,,,47812.0926,,,5698.836,,,57.3543,,,,,38530.0777,,,,,
2010-03-17,,,,47976.482,,,5721.4441,,,57.2823,,,,,38628.3728,,,,,
2010-03-18,,,,48135.0218,,,5732.0399,,,56.9221,,,,,38508.6334,,,,,
2010-03-19,,,,48197.8448,,,5741.1147,,,56.4694,,,,,38739.4151,,,,,
2010-03-22,,,,48340.3705,,,5739.1567,,,55.8623,,,,,38257.2681,,,,,
2010-03-23,,,,48524.7533,,,5767.9184,,,55.9858,,,,,38518.7855,,,,,
2010-03-24,,,,48792.8058,,,5791.1841,,,55.4507,,,,,38400.1741,,,,,
2010-03-25,,,,48961.3121,,,5808.1534,,,55.461,,,,,38454.6558,,,,,
2010-03-26,,,,49074.1018,,,5825.7387,,,55.1935,,,,,38289.2489,,,,,
2010-03-29,,,,49420.1921,,,5849.7128,,,55.5639,,,,,38520.1921,,,,,
2010-03-30,,,,49706.5497,,,5904.0792,,,56.1916,,,,,38492.8391,,,,,
2010-03-31,,,,49662.4465,,,5883.5835,,,56.5311,,,,,38584.9496,,,,,
2010-04-01,,,,49612.9122,,,5887.3494,,,57.1691,,,,,38828.4429,,,,,
2010-04-02,,,,49611.4565,,,5887.3327,,,57.1691,,,,,38823.9387,,,,,
2010-04-05,,,,49581.3493,,,5905.7378,,,57.8381,,,,,38895.2529,,,,,
2010-04-06,,,,49742.749,,,5935.0969,,,58.3524,,,,,39009.1239,,,,,
2010-04-07,,,,49737.5386,,,5918.6346,,,58.6817,,,,,39025.5135,,,,,
2010-04-08,,,,49753.5656,,,5915.9699,,,58.1672,,,,,38988.173,,,,,
2010-04-09,,,,49905.2059,,,5941.7654,,,58.6302,,,,,39084.4169,,,,,
2010-04-12,,,,49966.1706,,,5941.7706,,,58.0849,,,,,39134.4694,,,,,
2010-04-13,,,,49743.316,,,5933.1351,,,57.735,,,,,38934.9603,,,,,
2010-04-14,,,,49668.4782,,,5933.2118,,,57.7865,,,,,38659.1605,,,,,
2010-04-15,,,,49595.4157,,,5950.5203,,,57.4675,,,,,38559.2936,,,,,
2010-04-16,,,,49605.1089,,,5939.9022,,,56.9119,,,,,38289.517,,,,,
2010-04-19,,,,49498.189,,,5924.6745,,,56.7369,,,,,38321.4861,,,,,
2010-04-20,,,,49644.0758,,,5939.7284,,,56.8604,,,,,38555.9384,,,,,
2010-04-21,,,,49711.0748,,,5929.1969,,,57.0456,,,,,38752.9945,,,,,
2010-04-22,,,,49829.3242,,,5956.5726,,,57.4469,,,,,38777.1664,,,,,
2010-04-23,,,,49906.7592,,,5986.3351,,,57.5807,,,,,38967.2949,,,,,
2010-04-26,,,,49957.6358,,,5993.5295,,,57.5704,,,,,38925.694,,,,,
2010-04-27,,,,49900.5742,,,5960.2411,,,56.243,,,,,38787.3487,,,,,
2010-04-28,,,,49697.9268,,,5968.5553,,,56.6958,,,,,38698.384,,,,,
2010-04-29,,,,50082.9423,,,6012.587,,,57.4778,,,,,38922.5054,,,,,
2010-04-30,,,,50246.6703,,,6043.242,,,58.0849,,,,,39004.9336,,,,,
2010-05-03,,,,50401.2702,,,6057.3184,,,58.301,,,,,39216.3031,,,,,
2010-05-04,,,,50210.988,,,6051.4668,,,57.0353,,,,,39080.8316,,,,,
2010-05-05,,,,50259.5946,,,6040.0231,,,56.3871,,,,,39116.4084,,,,,
2010-05-06,,,,50089.2212,,,6031.7081,,,54.8745,,,,,39061.5728,,,,,
2010-05-07,,,,49688.3367,,,5985.7443,,,54.7613,,,,,38664.4744,,,,,
2010-05-10,,,,50049.865,,,5202.1659,,,56.4385,,,,,39181.3331,,,,,
2010-05-11,,,,49982.2031,,,6011.2795,,,56.8398,,,,,39194.2146,,,,,
2010-05-12,,,,50347.4744,,,6044.8696,,,57.4572,,,,,39316.7263,,,,,
2010-05-13,,,,50400.1822,,,6039.7791,,,57.3955,,,,,39309.1234,,,,,
2010-05-14,,,,50221.268,,,6021.4431,,,55.9446,,,,,39151.7786,,,,,
2010-05-17,,,,50192.9899,,,5998.2589,,,55.4199,,,,,39133.2062,,,,,
2010-05-18,,,,50266.5305,,,6012.2814,,,54.9568,,,,,39267.1498,,,,,
2010-05-19,,,,50228.295,,,6008.3971,,,54.6687,,,,,39075.6566,,,,,
2010-05-20,,,,50130.4468,,,5969.5263,,,53.6603,,,,,38700.05,,,,,
2010-05-21,,,,50128.9759,,,5985.3431,,,54.6584,,,,,38699.161,,,,,
2010-05-24,,,,50108.5643,,,5968.3659,,,54.3189,,,,,38671.785,,,,,
2010-05-25,,,,49825.8748,,,5919.6297,,,53.2796,,,,,38061.9593,,,,,
2010-05-26,,,,50052.8475,,,5965.1008,,,54.8848,,,,,38529.9113,,,,,
2010-05-27,,,,50420.2872,,,6018.3962,,,56.6237,,,,,38648.4631,,,,,
2010-05-28,,,,50660.5865,,,6047.1186,,,57.0148,,,,,38621.1156,,,,,
2010-05-31,,,,51056.7925,,,6094.369,,,57.0148,,,,,38907.2654,,,,,
2010-06-01,,,,51070.8494,,,6093.4441,,,56.4591,,,,,38829.8585,,,,,
2010-06-02,,,,51330.8189,,,6113.5273,,,57.3029,,,,,38888.6709,,,,,
2010-06-03,,,,51395.2526,,,6130.4466,,,57.1897,,,,,39139.1369,,,,,
2010-06-04,,,,51313.8287,,,6105.8566,,,56.099,,,,,38932.1282,,,,,
2010-06-07,,,,51343.2957,,,6102.2709,,,55.4302,,,,,39046.0259,,,,,
2010-06-08,,,,51384.9057,,,6106.296,,,56.1196,,,,,39095.3518,,,,,
2010-06-09,,,,51520.5137,,,6136.1594,,,57.0353,,,,,39492.349,,,,,
2010-06-10,,,,51603.1365,,,6130.163,,,57.8585,,,,,39849.4371,,,,,
2010-06-11,,,,51685.7742,,,6132.1224,,,58.4141,,,,,40326.7516,,,,,
2010-06-14,,,,51789.5794,,,6153.1802,,,58.1981,,,,,40648.6846,,,,,
2010-06-15,,,,51958.7456,,,6147.6615,,,59.8032,,,,,40682.6418,,,,,
2010-06-16,,,,52302.2662,,,6151.1478,,,60.6881,,,,,40659.9023,,,,,
2010-06-17,,,,52251.8776,,,6201.7773,,21151.46,60.9454,,,,,40878.621,,,,,
2010-06-18,,,,52484.5096,,,6259.7148,,21138.61,61.0071,,,,,41246.0354,,,,,
2010-06-21,,,,52656.5423,,,6303.0408,,21148.95,61.1409,,,,,41279.7952,,,,,
2010-06-22,,,,52650.9975,,,6293.1588,,21161.4,60.575,,,,,41135.9174,,,,,
2010-06-23,,,,52663.243,,,6307.5554,,21161.09,60.0163,,,,,41019.6497,,,,,
2010-06-24,,,,52771.6683,,,6327.6202,,21159.19,59.6426,,,,,41026.5887,,,,,
2010-06-25,,,,52870.0198,,,6360.0869,,21168.76,60.3069,,,,,41323.5807,,,,,
2010-06-28,,,,52865.3659,,,6359.7058,,21168.76,60.1409,,,,,41311.8071,,,,,
2010-06-29,,,,52737.2437,,,6340.7816,,21167.87,59.1444,,,,,41105.9811,,,,,
2010-06-30,,,,52912.2336,,,6348.9211,,21176.76,58.8434,,,,,41102.5424,,,,,
2010-07-01,,,,52921.2511,,,6336.6659,,21196.27,58.9057,,,,,40717.9093,,,,,
2010-07-02,,,,53002.1375,,,6356.5748,,21174.93,59.6011,,,,,40870.3838,,,,,
2010-07-05,,,,53044.8559,,,6353.2574,,21179.04,59.6011,,,,,40984.5759,,,,,
2010-07-06,,,,53290.3183,,,6382.5533,,21190.81,60.1097,,,,,41253.9618,,,,,
2010-07-07,,,,53501.5101,,,6418.889,,21188.11,61.1062,,,,,41617.0351,,,,,
2010-07-08,,,,53771.8882,,,6446.3743,,21213.02,61.3242,,,,,41807.6861,,,,,
2010-07-09,,,,53985.2177,,,6495.5703,,21202.76,61.4591,,,,,41942.6773,,,,,
2010-07-12,,,,54118.2444,,,6491.1766,,21266.77,61.21,,,,,42107.5415,,,,,
2010-07-13,,,,54602.9314,,,6544.1565,,21265.24,61.9054,,,,,42559.9207,,,,,
2010-07-14,,,,54664.342,,,6575.5557,,21256.72,62.3621,,,,,42839.1876,,,,,
2010-07-15,,,,54740.7697,,,6603.9222,,21255.9,62.4763,,,,,42793.7988,,,,,
2010-07-16,,,,54739.1635,,,6604.7171,,21255.9,60.9297,,,,,42730.8704,,,,,
2010-07-19,,,,54778.0761,,,6616.0057,,21270.33,62.2272,,,,,42887.9662,,,,,
2010-07-20,,,,54964.1205,,,6628.655,,21270.78,63.0782,,,,,43184.7737,,,,,
2010-07-21,,,,55976.6226,,,6704.1997,,21275.18,64.3447,,,,,43581.3308,,,,,
2010-07-22,,,,56712.7936,,,6748.9624,,21272.98,64.9779,,,,,44008.1682,,,,,
2010-07-23,,,,57181.2172,,,6775.6547,,21261.04,65.4969,,,,,44167.7862,,,,,
2010-07-26,,,,57849.7437,,,6836.3748,,21274.36,65.9121,,,,,44697.6098,,,,,
2010-07-27,,,,58288.3524,,,6879.9692,,21278.3,66.2546,,,,,45105.1486,,,,,
2010-07-28,,,,58237.6498,,,6889.7367,,21300.59,65.2374,,,,,44851.5018,,,,,
2010-07-29,,,,58035.5794,,,6877.7238,,21295.25,64.9363,,,,,44743.266,,,,,
2010-07-30,,,,58016.0745,,,6884.6829,,21272.19,65.0298,,,,,44755.2205,,,,,
2010-08-02,,,,58264.5979,,,6914.3107,,21250.28,66.5764,,,,,45270.8209,,,,,
2010-08-03,,,,58474.1632,,,6964.1784,,21261.88,66.8047,,,,,45410.233,,,,,
2010-08-04,,,,58888.0384,,,7026.74,,21247.61,67.1057,,,,,45467.2053,,,,,
2010-08-05,,,,59425.1905,,,7101.9802,,21256.01,67.4068,,,,,45612.2897,,,,,
2010-08-06,,,,59896.7773,,,7137.4615,,21260.4,67.8271,,,,,45853.4115,,,,,
2010-08-09,,,,60425.9338,,,7181.6928,,21252.64,68.507,,,,,46234.276,,,,,
2010-08-10,,,,60470.0694,,,7169.4181,,21264.47,68.5278,,,,,46146.7037,,,,,
2010-08-11,,,,60027.3007,,,7096.9696,,21261.35,66.7094,,,,,45523.5884,,,,,
2010-08-12,,,,59721.4115,,,7059.7622,,21255.47,66.8981,,,,,45288.4033,,,,,
2010-08-13,,,,60372.0205,,,7089.0144,,21241.5,68.1852,,,,,45639.5277,,,,,
2010-08-16,,,,60316.9226,,,7086.2504,,21245.32,69.2128,,,,,45945.469,,,,,
2010-08-17,,,,60903.4438,,,7097.476,,21244.69,69.9602,,,,,46140.4152,,,,,
2010-08-18,,,,61677.2749,,,7134.9545,,21272.69,70.2197,,,,,46198.9831,,,,,
2010-08-19,,,,62383.3088,,,7170.4531,,21283.07,69.7111,,,,,45985.2673,,,,,
2010-08-20,,,,62898.172,,,7219.5697,,21284.88,70.3546,,,,,46191.4999,,,,,
2010-08-23,,,,63335.9349,,,7239.5719,,21263.04,70.1886,,,,,46149.8489,,,,,
2010-08-24,,,,63399.4688,,,7227.5185,,21272.16,69.9394,,,,,45893.0838,,,,,
2010-08-25,,,,63402.3396,,,7237.3603,,21277.39,68.9326,,,,,45560.2621,,,,,
2010-08-26,,,,63686.1013,,,7240.7021,,21277.39,69.0571,,,,,45629.7518,,,,,
2010-08-27,,,,63736.4564,,,7259.613,,21241.46,69.9291,,,,,45863.7936,,,,,
2010-08-30,,,,64490.6042,,,7303.9191,,21261.18,70.0329,,,,,46158.5355,,,,,
2010-08-31,,,,64633.5231,,,7316.2281,,21260.26,70.2197,,,,,46221.4025,,,,,
2010-09-01,,,,64840.1485,,,7323.9574,,21252.24,72.4929,,,,,46500.0936,,,,,
2010-09-02,,,,64669.1137,,,7316.8123,,21239.96,72.524,,,,,46416.2259,,,,,
2010-09-03,,,,64868.4747,,,7336.2584,,21251.32,72.9807,,,,,46299.9004,,,,,
2010-09-06,,,,64979.7275,,,7333.7921,,21254.39,72.9807,,,,,46238.5255,,,,,
2010-09-07,,,,65082.0517,,,7304.9849,,21268.46,72.4202,,,,,45771.3536,,,,,
2010-09-08,,,,65245.0088,,,7330.7341,,21258.08,73.3855,,,,,46097.2405,,,,,
2010-09-09,,,,65904.3751,,,7386.6563,,21228.76,74.081,,,,,46410.2596,,,,,
2010-09-10,,,,66483.9057,,,7407.2984,,21216.83,74.2471,,,,,46715.6752,,,,,
2010-09-13,,,,67391.0069,,,7439.2455,,21217.45,75.1086,,,,,47152.076,,,,,
2010-09-14,,,,67397.3158,,,7508.7222,,21223.68,75.7573,,,,,47271.9916,,,,,
2010-09-15,,,,67593.7585,,,7610.5347,,21209.31,75.9546,,,,,47537.616,,,,,
2010-09-16,,,,67655.7679,,,7656.3272,,21193.12,75.3577,,,,,47663.5747,,,,,
2010-09-17,,,,67653.7827,,,7656.1477,,21193.12,75.5653,,,,,47671.817,,,,,
2010-09-20,,,,67647.8275,,,7655.0406,,21193.12,76.4684,,,,,47713.4923,,,,,
2010-09-21,,,,67598.3158,,,7681.5328,,21198.14,75.3992,,,,,47753.1078,,,,,
2010-09-22,,,,67230.6142,,,7642.0162,,21199.66,75.4978,,,,,47474.2468,,,,,
2010-09-23,,,,66504.3896,,,7576.6701,,21190.82,75.3992,,,,,47142.2873,,,,,
2010-09-24,,,,66730.3629,,,7619.5118,,21186.35,75.6068,,,,,47209.7836,,,,,
2010-09-27,,,,66965.3263,,,7662.4418,,21200.21,76.6344,,,,,47404.728,,,,,
2010-09-28,,,,66868.2523,,,7685.4746,,21188.28,76.9666,,,,,47446.6114,,,,,
2010-09-29,,,,66701.7657,,,7717.9682,,21186.53,76.2919,,,,,47339.2155,,,,,
2010-09-30,,,,66714.7,,,7748.8827,,21186.53,76.8317,,,,,47428.6246,,,,,
2010-10-01,,,,66940.8023,,,7766.7545,,21170.39,77.4025,,,,,47332.0926,,,,,
2010-10-04,,,,66649.3522,,,7784.1023,,21185.77,76.8524,,,,,47222.1631,,,,,
2010-10-05,,,,66807.297,,,7798.0572,,21175.61,77.0185,,,,,47539.1715,,,,,
2010-10-06,,,,66379.548,,,7803.4062,,21153.57,76.9977,,,,,47681.5604,,,,,
2010-10-07,,,,66246.5414,,,7727.5454,,21174.08,75.3992,,,,,47477.983,,,,,
2010-10-08,,,,66263.4852,,,7710.9464,,21183.42,75.6068,,,,,47497.6168,,,,,
2010-10-11,,,,66258.4832,,,7709.8589,,21183.42,75.5342,,,,,47520.7119,,,,,
2010-10-12,,,,66337.9437,,,7727.6074,,21193.8,75.4719,,,,,47127.1581,,,,,
2010-10-13,,,,66590.9116,,,7792.9537,,21184.26,77.8489,,,,,47527.2284,,,,,
2010-10-14,,,,67049.2039,,,7811.9307,,21188.41,77.7347,,,,,47667.3778,,,,,
2010-10-15,,,,66800.7912,,,7788.1881,,21211.89,77.0808,,,,,47725.2614,,,,,
2010-10-18,,,,66971.8637,,,7795.4004,,21257.12,76.2919,,,,,47869.6901,,,,,
2010-10-19,,,,67093.1814,,,7792.9162,,21255.78,75.8975,,,,,47790.1578,,,,,
2010-10-20,,,,67444.5336,,,7830.6359,,21270.78,76.6033,,,,,48124.3975,,,,,
2010-10-21,,,,67289.1578,,,7820.1713,,21292.89,76.6033,,,,,48068.0091,,,,,
2010-10-22,,,,67736.7386,,,7824.3097,,21284.24,76.5825,,,,,47928.363,,,,,
2010-10-25,,,,68038.9612,,,7859.6708,,21297.87,76.9251,,,,,48207.3966,,,,,
2010-10-26,,,,68027.8189,,,7875.4532,,21314.65,76.4372,,,,,48126.3382,,,,,
2010-10-27,,,,68132.9213,,,7881.3008,,21291.04,77.0289,,,,,48237.2227,,,,,
2010-10-28,,,,68201.0257,25832.7388,,7887.3458,,21286.33,77.797,,,,,48489.4052,,,,,
2010-10-29,,,,68527.7618,25845.8035,,7890.5906,,21281.7,78.7208,,,,,48763.3498,,,,,
2010-11-01,,,,68513.3551,25854.1446,,7890.1811,,21281.7,78.9907,,,,,48757.9557,,,,,
2010-11-02,,,,68961.171,25903.879,,7928.5827,,21311.68,80.257,,,,,48444.7682,,,,,
2010-11-03,,,,68976.6603,25894.3642,,7949.5299,,21313.25,79.3695,,,,,48417.5007,,,,,
2010-11-04,,,,69093.8828,25937.6215,,7954.0843,,21350.73,80.8694,,,,,48428.8451,,,,,
2010-11-05,,,,69334.6336,25962.1505,,7962.6183,,21362.53,81.2016,,,,,48249.0425,,,,,
2010-11-08,,,,69376.6162,25956.3758,,7979.624,,21366.0,81.2742,,,,,48264.761,,,,,
2010-11-09,,,,70098.4421,25970.4723,,8016.3539,,21373.25,82.2396,,,,,48516.0539,,,,,
2010-11-10,,,,70035.266,25968.0991,,8016.605,,21368.97,81.9593,,,,,48483.6491,,,,,
2010-11-11,,,,70239.0666,25970.3023,,8049.7825,,21363.86,81.4818,,,,,48454.1215,,,,,
2010-11-12,,,,70719.148,25949.7682,,8105.9076,,21360.64,80.3712,,,,,48193.5495,,,,,
2010-11-15,,,,70983.3352,25942.2192,,8120.301,,21343.27,79.4578,,,,,47966.7442,,,,,
2010-11-16,,,,70241.0426,25906.3838,,8078.9306,,21349.42,78.2745,,,,,47514.955,,,,,
2010-11-17,,,,70213.0257,25930.702,,8115.9041,,21373.0,78.1499,,,,,47626.996,,,,,
2010-11-18,,,,70634.6311,25999.3573,,8160.8244,,21385.27,79.5408,,,,,48168.9184,,,,,
2010-11-19,,,,70774.9999,26006.4972,,8166.8293,,21399.07,80.7552,,,,,48583.604,,,,,
2010-11-22,,,,70833.7516,25988.1372,,8161.5139,,21408.36,81.4611,,,,,48864.616,,,,,
2010-11-23,,,,70533.6411,25983.209,,8129.9164,,21417.1,79.956,,,,,48500.724,,,,,
2010-11-24,,,,70714.1038,26005.1888,,8146.5796,,21435.33,81.1497,,,,,48564.3932,,,,,
2010-11-25,,,,70542.1877,26039.7892,,8158.3246,,21435.86,81.1497,,,,,48631.3798,,,,,
2010-11-26,,,,70438.4574,26041.6992,,8133.8986,,21433.19,80.0494,,,,,48453.3905,,,,,
2010-11-29,,,,70334.614,26039.3142,,8123.865,,21442.04,79.6965,,,,,48515.1715,,,,,
2010-11-30,,,,70337.9849,26036.9521,,8143.3068,,21452.5,79.5408,,,,,48436.7032,,,,,
2010-12-01,,,,70825.7684,26083.4153,,8180.4794,,21432.68,80.1324,,,,,48631.9053,,,,,
2010-12-02,,,,71103.1086,26102.5079,,8206.5048,,21432.68,80.5198,,,,,48620.5519,,,,,
2010-12-03,,,,71429.8248,26103.7816,,8245.7706,,21417.11,81.3677,,,,,48787.7463,,,,,
2010-12-06,,,,72254.0599,26093.0481,,8312.9377,,21418.56,80.5788,,,,,48754.777,,,,,
2010-12-07,,,,73104.0239,26083.6658,,8378.4253,,21432.71,81.0718,,,,,48911.2591,,,,,
2010-12-08,,,,73102.1699,26085.2158,,8378.5892,,21432.71,80.7656,,,,,48929.4789,,,,,
2010-12-09,,,,73224.4638,26038.4865,,8408.217,,21444.9,81.0355,,,,,48934.0628,,,,,
2010-12-10,,,,73494.1216,26037.1043,,8395.3119,,21440.46,81.0355,,,,,48964.3753,,,,,
2010-12-13,,,,73631.5363,26040.3611,,8400.6833,,21435.31,81.1497,,,,,49004.3561,,,,,
2010-12-14,,,,73752.7283,26045.6667,,8408.4213,,21453.27,81.7154,,,,,49186.4263,,,,,
2010-12-15,,,,74288.8145,26014.3921,,8406.6282,,21438.76,82.3641,,,,,49390.8337,,,,,
2010-12-16,,,,74579.9528,26039.3184,,8432.3649,,21458.99,82.6548,,,,,49588.0132,,,,,
2010-12-17,,,,74727.5365,26036.9698,,8455.6608,,21442.75,83.3191,,,,,49489.0872,,,,,
2010-12-20,,,,74538.2316,26066.9371,,8432.0494,,21451.81,83.236,,,,,49404.5464,,,,,
2010-12-21,,,,74521.3225,26090.7907,,8402.8187,,21470.76,82.7274,,,,,49267.1223,,,,,
2010-12-22,,,,74146.4994,26066.1082,,8340.5494,,21474.89,81.6479,,,,,48726.1816,,,,,
2010-12-23,,,,73907.5133,26066.5548,,8338.9798,,21454.37,81.3469,,,,,48636.8624,,,,,
2010-12-24,,,,73691.4236,26077.5789,,8341.7069,,21473.08,81.3469,,,,,48752.7215,,,,,
2010-12-27,,,,73474.2376,26059.026,,8315.5124,,21470.71,80.34,,,,,48538.3836,,,,,
2010-12-28,,,,73256.251,26009.7424,,8312.7178,,21481.47,79.8211,,,,,48597.1203,,,,,
2010-12-29,,,,73115.411,26051.1195,,8347.0316,,21483.14,80.8202,,,,,48766.6109,,,,,
2010-12-30,,,,73336.4668,26063.4498,,8377.1932,,21491.05,82.1909,,,,,49036.4487,,,,,
2010-12-31,,,,73313.1544,26075.2191,,8378.3855,,21493.56,82.6582,,,,,49042.7627,,,,,
2011-01-03,,,,73723.233,26106.0518,,8405.5356,,21504.12,83.3539,,,,,49198.6392,,,,,
2011-01-04,,,,74439.3523,26126.3675,,8442.0246,,21451.74,80.3736,,,,,49602.4551,,,,,
2011-01-05,,,,75071.9841,26140.5962,,8440.8082,,21472.97,79.1379,,,,,49481.0173,,,,,
2011-01-06,,,,75241.5302,26144.6126,,8519.8178,,21461.72,78.276,,,,,49733.52,,,,,
2011-01-07,,,,75717.2073,26152.6208,,8557.2837,,21489.95,76.0954,,,,,49658.2904,,,,,
2011-01-10,,,,76205.5601,26117.4773,,8564.9576,,21491.38,74.87,,,,,48952.7673,,,,,
2011-01-11,,,,75826.6343,26149.9947,,8552.1246,,21522.88,74.4858,,,,,48933.1401,,,,,
2011-01-12,,,,75742.7906,26151.2919,,8576.6718,,21531.41,76.2511,,,,,48797.6147,,,,,
2011-01-13,,,,76252.1011,26180.3153,,8621.6621,,21585.52,77.3622,,,,,49219.4272,,,,,
2011-01-14,,,,77242.3559,26194.6338,,8658.5651,,21609.98,77.2584,,,,,49290.9482,,,,,
2011-01-17,,,,77681.2053,26223.0187,,8660.4958,,21609.54,77.2584,,,,,49583.3866,,,,,
2011-01-18,,,,78293.9113,26239.6447,,8747.0264,,21615.03,76.9988,,,,,49719.5104,,,,,
2011-01-19,,,,78403.5209,26262.8624,,8757.631,,21611.33,76.1473,,,,,49643.9297,,,,,
2011-01-20,,,,78094.5104,26276.625,,8703.6935,,21601.15,76.1473,,,,,49303.8166,,,,,
2011-01-21,,,,78154.5674,26286.9419,,8703.2428,,21625.45,76.4069,,,,,49205.3459,,,,,
2011-01-24,,,,77870.7183,26320.3665,,8687.2553,,21661.08,76.6353,,,,,48913.7688,,,,,
2011-01-25,,,,77255.6757,26297.8919,,8635.6058,,21664.55,76.1369,,,,,48583.1029,,,,,
2011-01-26,,,,77157.1112,26263.7882,,8635.2402,,21650.56,76.4173,,,,,48957.6644,,,,,
2011-01-27,,,,76754.0669,26258.4372,,8622.5004,,21625.78,76.0123,,,,,48425.8679,,,,,
2011-01-28,,,,75564.0106,26236.9105,,8536.2436,,21630.98,74.0081,,,,,47798.9793,,,,,
2011-01-31,,,,75500.8162,26231.3136,,8526.3631,,21631.67,74.1016,,,,,47922.3874,,,,,
2011-02-01,,,,75606.2794,26243.1816,,8548.7343,,21653.3,75.5554,,,,,47805.2874,,,,,
2011-02-02,,,,74827.7799,26226.3041,,8479.6403,,21669.52,74.2366,,,,,47367.8983,,,,,
2011-02-03,,,,73320.8061,26236.2367,,8342.7254,,21670.29,73.5512,,,,,46495.1966,,,,,
2011-02-04,,,,73458.0212,26254.4909,,8304.2095,,21691.96,73.8108,,,,,46366.3629,,,,,
2011-02-07,,,,73856.7387,26263.5553,,8332.0319,,21703.21,73.5097,,,,,46736.693,,,,,
2011-02-08,,,,73706.6954,26267.8761,,8302.2695,,21704.23,72.6997,,,,,46706.8845,,,,,
2011-02-09,,,,72346.5955,26233.4781,,8186.0144,,21717.09,71.7028,,,,,45978.6142,,,,,
2011-02-10,,,,71653.7461,26229.9315,,8125.9965,,21723.41,72.492,,,,,45843.9585,,,,,
2011-02-11,,,,72549.1567,26245.2308,,8228.863,,21704.51,74.6,,,,,46810.6449,,,,,
2011-02-14,,,,73388.2159,26240.4226,,8290.3183,,21705.07,75.275,,,,,47073.7328,,,,,
2011-02-15,,,,74120.7237,26242.3805,,8304.0623,,21708.66,74.1327,,,,,47540.2157,,,,,
2011-02-16,,,,73054.1883,26283.3581,,8287.9509,,21730.82,73.9354,,,,,46991.1444,,,,,
2011-02-17,,,,73335.5135,26299.9111,,8208.4366,,21741.15,73.5928,,,,,46348.0199,,,,,
2011-02-18,,,,72484.7216,26297.2861,,8186.8205,,21756.04,73.1982,,,,,46229.1739,,,,,
2011-02-21,,,,71633.6071,26311.6832,,8118.3175,,21772.63,73.1982,,,,,45780.7989,,,,,
2011-02-22,,,,70143.5817,26272.4845,,8044.9499,,21767.99,71.0279,,,,,45071.6761,,,,,
2011-02-23,,,,69976.4572,26276.1257,,7968.8481,,21771.2,69.7298,,,,,43823.7981,,,,,
2011-02-24,,,,69358.3019,26326.5007,,7910.998,,21756.33,69.4806,,,,,43611.5965,,,,,
2011-02-25,,,,70670.4078,26351.8877,,7988.8148,,21772.59,70.4567,,,,,44675.4058,,,,,
2011-02-28,,,,71221.1606,26390.0144,,8042.1991,,21795.99,72.5647,,,,,45668.1453,,,,,
2011-03-01,,,,70580.9945,26395.3103,,8014.4421,,21809.29,71.5159,,,,,44921.643,,,,,
2011-03-02,,,,70133.3376,26459.8022,,7983.4945,,21846.63,71.2875,,,,,45125.1849,,,,,
2011-03-03,,,,70892.8895,26478.4749,,8057.4689,,21833.45,73.6343,,,,,46262.0852,,,,,
2011-03-04,,,,71207.0089,26479.8676,,8119.3166,,21843.66,73.7901,,,,,47440.1269,,,,,
2011-03-07,,,,70636.899,26470.7421,,8071.6085,,21853.81,73.1151,,,,,47092.6632,,,,,
2011-03-08,,,,70626.799,26495.9796,,8074.2084,,21870.9,72.7309,,,,,46900.0598,,,,,
2011-03-09,,,,70568.2718,26480.6133,,8060.2554,,21889.01,71.9209,,,,,46917.3937,,,,,
2011-03-10,,,,69701.5768,26447.8162,,7999.2578,,21894.45,69.8129,,,,,46207.7974,,,,,
2011-03-11,,,,69069.5677,26441.8137,,7945.778,,21875.33,69.896,,,,,45391.3285,,,,,
2011-03-14,,,,68394.8674,26423.8384,,7897.8871,,21895.51,69.4599,,,,,44637.3389,,,,,
2011-03-15,,,,67984.8835,26400.4685,,7868.9384,,21899.51,69.9791,,,,,44252.4329,,,,,
2011-03-16,,,,68111.2411,26366.5083,,7913.8328,,21911.2,69.0756,,,,,44050.3142,,,,,
2011-03-17,,,,68267.5292,26369.8423,,7909.3982,,21917.76,67.9853,,,,,44003.6095,,,,,
2011-03-18,,,,68074.2554,26363.0873,,7870.337,,21911.59,68.2657,,,,,43448.202,,,,,
2011-03-21,,,,68069.8079,26388.9884,,7890.6303,,21910.17,70.3737,,,,,44043.0235,,,,,
2011-03-22,,,,69024.3249,26434.7621,,7963.2062,,21917.89,71.6717,,,,,45243.1869,,,,,
2011-03-23,,,,69565.2284,26485.4909,,8066.7386,,21929.0,72.4817,,,,,46096.7799,,,,,
2011-03-24,,,,70343.9126,26423.5494,,8108.2047,,21929.0,73.8005,,,,,46369.3121,,,,,
2011-03-25,,,,70778.6034,26457.5952,,8152.0929,,21945.11,74.1639,,,,,46668.132,,,,,
2011-03-28,,,,70854.2534,26415.4069,,8187.4203,,21942.47,73.9562,,,,,46233.795,,,,,
2011-03-29,,,,71290.7141,26421.9724,,8165.7452,,21929.52,73.1047,,,,,46064.042,,,,,
2011-03-30,,,,71570.7058,26475.592,,8188.7946,,21931.44,73.6343,,,,,46253.9616,,,,,
2011-03-31,,,,72042.9096,26465.9924,,8213.3133,,21921.5,74.6,,,,,46850.7256,,,,,
2011-04-01,,,,73030.4332,26474.656,,8320.0466,,21932.61,76.438,,,,,47550.255,,,,,
2011-04-04,,,,73398.4239,26488.9092,,8386.2295,,21965.37,77.1545,,,,,48073.149,,,,,
2011-04-05,,,,73300.1144,26496.765,,8396.1913,,21947.27,77.6841,,,,,48447.9006,,,,,
2011-04-06,,,,74067.3025,26467.8846,,8433.781,,21954.88,77.4453,,,,,49368.4543,,,,,
2011-04-07,,,,74067.0897,26448.4162,,8429.7797,,21956.37,76.978,,,,,49141.1379,,,,,
2011-04-08,,,,74233.224,26433.8019,,8440.4225,,21948.74,77.5803,,,,,48797.8699,,,,,
2011-04-11,,,,74067.0338,26424.3743,,8435.2086,,21966.59,76.3757,,,,,48548.7857,,,,,
2011-04-12,,,,73714.698,26385.435,,8372.0477,,21984.34,74.9219,,,,,47847.624,,,,,
2011-04-13,,,,73805.2585,26352.0031,,8361.2475,,22004.31,75.7838,,,,,48109.6027,,,,,
2011-04-14,,,,73598.5918,26309.9776,,8355.8249,,21982.17,76.6353,,,,,48058.449,,,,,
2011-04-15,,,,73744.1399,26316.0436,,8386.776,,21974.26,76.8638,,,,,48393.409,,,,,
2011-04-18,,,,73272.4523,26281.9415,,8349.4732,,22012.23,75.3165,,,,,47874.8096,,,,,
2011-04-19,,,,73598.2788,26310.5921,,8372.4355,,22006.59,76.6042,,,,,48454.3609,,,,,
2011-04-20,,,,73865.1458,26364.8876,,244661.1571,,22023.96,77.6738,,,,,48553.8342,,,,,
2011-04-21,,,,73868.1656,26396.5305,,8444.4497,,22037.54,78.4941,,,,,48490.2137,,,,,
2011-04-22,,,,73866.3459,26402.1976,,8444.1728,,22037.54,78.4941,,,,,48487.9059,,,,,
2011-04-25,,,,73863.6028,26398.6785,,8458.105,,22044.82,78.6395,,,,,48518.3359,,,,,
2011-04-26,,,,73415.4361,26401.7962,,8453.8645,,22068.37,79.8856,,,,,48515.7052,,,,,
2011-04-27,,,,73425.2257,26366.3335,,8471.1695,,22068.81,80.249,,,,,48503.9074,,,,,
2011-04-28,,,,73130.1737,26309.7742,,8487.8936,,22072.85,80.1763,,,,,48546.4822,,,,,
2011-04-29,,,,73250.9835,26348.1964,,8552.0627,,22069.88,81.2459,,,,,49002.6276,,,,,
2011-05-02,,,,73432.2555,26384.1799,,8602.2198,,22069.28,80.9552,,,,,49353.5833,,,,,
2011-05-03,,,,73241.7225,26370.3992,,8572.9487,,22078.02,81.0382,,,,,49043.3532,,,,,
2011-05-04,,,,73031.2971,26290.9394,,8540.9232,,22078.14,79.1379,,,,,48964.8154,,,,,
2011-05-05,,,,72675.5169,26305.8523,,8563.6624,,22080.46,78.5772,,,,,48709.7394,,,,,
2011-05-06,,,,72667.4143,26391.7522,,8619.7798,,22094.19,79.7091,,,,,48842.3787,,,,,
2011-05-09,,,,74999.1429,26398.393,,8626.9122,,22110.83,79.4079,,,,,49065.3975,,,,,
2011-05-10,,,,75090.5614,26410.7029,,8611.9066,,22116.29,80.4984,,,,,49132.8787,,,,,
2011-05-11,,,,75171.9037,26387.7011,,8612.128,,22136.83,79.4391,,,,,49134.8677,,,,,
2011-05-12,,,,74195.2107,26437.0801,,8637.9324,,22147.67,79.9583,,,,,49144.1801,,,,,
2011-05-13,,,,74661.3923,26435.4423,,8639.0918,,22145.89,80.0206,,,,,49235.1282,,,,,
2011-05-16,,,,74705.5542,26459.583,,8659.3561,,22139.21,79.0756,,,,,49128.2211,,,,,
2011-05-17,,,,74369.697,26464.6024,,8625.3162,,22152.59,79.0756,,,,,49023.1046,,,,,
2011-05-18,,,,74559.2968,26513.8799,,8649.9361,,22146.81,79.7506,,,,,49270.8568,,,,,
2011-05-19,,,,74234.3614,26497.5746,,8632.2286,,22144.3,79.1898,,,,,49251.2106,,,,,
2011-05-20,,,,73964.5085,26499.1173,,8619.4537,,22145.09,79.4183,,,,,49134.3664,,,,,
2011-05-23,,,,73872.6573,26484.4231,,8606.6644,,22148.67,78.1826,,,,,49071.0303,,,,,
2011-05-24,,,,73854.9973,26499.5618,,8624.3771,,22147.47,77.923,,,,,49104.7241,,,,,
2011-05-25,,,,73569.9929,26509.0866,,8668.1851,,22151.51,78.276,,,,,49216.0583,,,,,
2011-05-26,,,,73825.2162,26568.6636,,8705.4912,,22158.08,79.5429,,,,,49458.8276,,,,,
2011-05-27,,,,73955.7169,26605.3627,,8711.9189,,22159.23,79.5948,,,,,49286.5471,,,,,
2011-05-30,,,,73852.1039,26628.4672,,8673.9013,,22179.54,79.5948,,,,,48908.2394,,,,,
2011-05-31,,,,74296.4621,26616.2613,,8716.3288,,22182.71,79.9583,,,,,49405.7022,,,,,
2011-06-01,,,,73797.3176,26580.3485,,8675.7754,,22195.35,79.2522,,,,,49122.9262,,,,,
2011-06-02,,,,73583.175,26621.8276,,8662.945,,22194.24,80.0933,,,,,49248.8607,,,,,
2011-06-03,,,,73606.1084,26646.967,,8611.8962,,22206.39,79.9583,,,,,49180.0362,,,,,
2011-06-06,,,,72977.2298,26607.4656,,8585.6828,,22222.93,78.681,,,,,48801.3005,,,,,
2011-06-07,,,,73106.5427,26600.8002,,8575.5282,,22219.54,78.9822,,,,,48704.7018,,,,,
2011-06-08,,,,72858.3593,26566.2438,,8553.4472,,22223.79,78.7122,,,,,48579.1287,,,,,
2011-06-09,,,,72658.0668,26590.7596,,8466.5269,,22218.42,78.0891,,,,,48038.1709,,,,,
2011-06-10,,,,72094.0593,26540.0169,,8416.4451,,22156.6,77.2895,,,,,47347.1304,,,,,
2011-06-13,,,,71233.6935,26549.5533,,8360.8677,,22176.83,75.9292,,,,,47154.3505,,,,,
2011-06-14,,,,70921.4211,26569.3213,,8363.5003,,22187.26,75.815,,,,,47001.7195,,,,,
2011-06-15,,,,69773.1949,26489.9766,,8247.6689,,22182.05,74.4027,,,,,46094.8261,,,,,
2011-06-16,,,,69498.1738,26444.3181,,8226.3244,,22176.11,73.707,,,,,45857.9232,,,,,
2011-06-17,,,,69561.5079,26492.238,,8269.7296,,22180.14,74.5793,,,,,46361.7172,,,,,
2011-06-20,,,,70485.4455,26526.6075,,8131.9682,,21980.08,74.6312,,,,,45909.9437,,,,,
2011-06-21,,,,70543.8351,26524.0468,,8156.3461,,21977.3,76.22,,,,,46027.0941,,,,,
2011-06-22,,,,70714.7184,26466.0845,,8202.6757,,21963.61,76.0896,,,,,46513.666,,,,,
2011-06-23,,,,70252.7841,26429.5273,,8151.6916,,22058.41,75.5111,,,,,46279.3909,,,,,
2011-06-24,,,,69929.9725,26431.1585,,8164.8379,,22047.63,75.2691,,,,,46150.2945,,,,,
2011-06-27,,,,69924.5009,26442.6479,,8163.9507,,22047.63,76.3106,,,,,46220.9992,,,,,
2011-06-28,,,,69728.4487,26482.3459,,8202.4645,,22077.88,77.4783,,,,,46715.1102,,,,,
2011-06-29,,,,69548.6084,26563.3017,,8228.1624,,22081.57,78.3724,,,,,47019.9613,,,,,
2011-06-30,,,,69450.6971,26594.4277,,8215.7031,,22075.62,79.2877,,,,,47449.1633,,,,,
2011-07-01,,,,69882.8746,26646.678,,8230.7008,,22079.83,79.6453,,,,,47743.3529,,,,,
2011-07-04,,,,69849.3998,26652.344,,8214.987,,22089.19,79.6453,,,,,47984.2353,,,,,
2011-07-05,,,,69753.8673,26667.374,,8235.0244,,22105.43,79.4455,,,,,47756.2902,,,,,
2011-07-06,,,,69740.48,26662.6634,,8220.6479,,22109.86,78.9931,,,,,47676.7437,,,,,
2011-07-07,,,,69801.5876,26669.8064,,8230.4226,,22113.68,79.7295,,,,,47746.148,,,,,
2011-07-08,,,,70057.4768,26607.2264,,8216.9489,,22113.68,78.7827,,,,,47737.916,,,,,
2011-07-11,,,,69687.5774,26578.5462,,8177.8383,,22113.68,78.1515,,,,,47540.7317,,,,,
2011-07-12,,,,69511.8959,26594.5536,,8149.3007,,22065.35,77.6887,,,,,47592.8288,,,,,
2011-07-13,,,,69896.7521,26573.7859,,8149.1984,,22057.15,78.1726,,,,,47721.0505,,,,,
2011-07-14,,,,69702.7978,26525.4321,,8108.9651,,22053.64,78.4776,,,,,47251.2394,,,,,
2011-07-15,,,,69314.0001,26504.1029,,8116.7181,,22051.74,78.3619,,,,,47487.0207,,,,,
2011-07-18,,,,68927.1684,26468.2342,,8080.6346,,22071.68,77.6255,,,,,47192.841,,,,,
2011-07-19,,,,68863.8135,26492.3973,,8029.1708,,22067.29,77.4677,,,,,47286.7233,,,,,
2011-07-20,,,,68420.0297,26487.0363,,7959.7205,,22069.32,76.1212,,,,,47041.5664,,,,,
2011-07-21,,,,68238.0059,26514.762,,7927.5475,,21979.98,76.7734,,,,,47126.4471,,,,,
2011-07-22,,,,68304.678,26545.5108,,7975.5421,,22069.64,76.2369,,,,,47217.4178,,,,,
2011-07-25,,,,67789.6768,26600.4508,,7968.8792,,22072.89,75.9319,,,,,46763.6755,,,,,
2011-07-26,,,,66511.7942,26577.8579,,7893.7347,,22072.67,75.0692,,,,,46338.9056,,,,,
2011-07-27,,,,65225.1736,26510.2303,,7778.9961,,22064.24,73.6175,,,,,45211.0227,,,,,
2011-07-28,,,,65416.4166,26490.6599,,7788.2273,,22065.49,73.7122,,,,,45236.4795,,,,,
2011-07-29,,,,65162.4978,26446.9104,,7716.0729,,22071.13,73.2177,,,,,45080.6799,,,,,
2011-08-01,,,,65532.5027,26472.6688,,7760.0625,,22083.61,74.6905,,,,,45671.0821,,,,,
2011-08-02,,,,64891.9071,26461.2296,,7725.2302,,22103.59,72.6392,,,,,45102.9377,,,,,
2011-08-03,,,,63563.497,26373.695,,7589.6752,,22109.19,71.6503,,,,,44147.9245,,,,,
2011-08-04,,,,61859.1916,26119.111,,7340.8818,,22124.72,67.758,,,,,42013.9386,,,,,
2011-08-05,,,,61145.5257,26026.9889,,7257.3879,,22121.57,66.3378,,,,,41270.6865,,,,,
2011-08-08,,,,58938.6187,25770.4406,,6906.6496,,22147.65,60.3731,,,,,38206.8779,,,,,
2011-08-09,,,,59620.7393,25618.1176,,7023.1319,,22119.14,65.0333,,,,,39487.2843,,,,,
2011-08-10,,,,60523.5818,25646.6414,,7110.1709,,22122.73,65.391,,,,,40183.6468,,,,,
2011-08-11,,,,63213.9857,25768.9734,,7355.9442,,22119.88,68.0736,,,,,41783.0341,,,,,
2011-08-12,,,,64603.5924,25831.0702,,7474.893,,22126.38,68.4312,,,,,43022.3453,,,,,
2011-08-15,,,,64598.5375,25843.337,,7474.4781,,22126.38,69.4727,,,,,43029.7351,,,,,
2011-08-16,,,,64449.9817,25915.5241,,7448.9611,,22131.26,67.5265,,,,,42821.0561,,,,,
2011-08-17,,,,64302.5994,25931.0419,,7523.1254,,22123.8,68.568,,,,,42923.8448,,,,,
2011-08-18,,,,63099.52,25880.5783,,7459.1505,,22124.32,66.8428,,,,,41969.2727,,,,,
2011-08-19,,,,63209.0234,25899.7239,,7454.3716,,22140.14,66.5166,,,,,41834.0206,,,,,
2011-08-22,,,,63270.9162,25835.9914,,7485.6647,,22142.98,66.7586,,,,,41739.5216,,,,,
2011-08-23,,,,62871.7413,25841.2496,,7503.7757,,22156.46,68.2945,,,,,41753.2298,,,,,
2011-08-24,,,,62976.1112,25821.8678,,7532.5214,,22132.99,68.0525,,,,,42073.1301,,,,,
2011-08-25,,,,63080.6334,25799.3137,,7489.585,,22141.84,67.3372,,,,,41722.6529,,,,,
2011-08-26,,,,63063.2685,25828.601,,7455.1708,,22146.05,67.7369,,,,,41726.6725,,,,,
2011-08-29,,,,63525.9999,25821.8451,,7490.9212,,22187.15,69.0098,,,,,42112.4184,,,,,
2011-08-30,,,,63698.6763,25886.8574,,7508.9768,,22199.16,69.4727,,,,,42680.935,,,,,
2011-08-31,,,,64481.4425,25864.7837,,7593.7239,,22176.98,71.1138,,,,,43384.1362,,,,,
2011-09-01,,,,64594.1211,25870.6285,,7602.2912,,22211.37,70.8508,,,,,43309.5199,,,,,
2011-09-02,,,,64006.395,25813.7989,,7584.0465,,22189.01,70.3248,,,,,42903.4257,,,,,
2011-09-05,,,,62822.7994,25838.6713,,7425.3487,,22215.15,70.3248,,,,,42903.4257,,,,,
2011-09-06,,,,62137.8089,25897.951,,7388.4636,,22256.02,67.5581,,,,,41027.6514,,,,,
2011-09-07,,,,62735.1859,25854.4228,,7437.1779,,22252.84,69.3044,,,,,41320.23,,,,,
2011-09-08,,,,62727.2746,25867.1699,,7450.1864,,22265.26,68.7048,,,,,41472.4575,,,,,
2011-09-09,,,,61933.9076,25833.1177,,7393.7345,,22275.89,66.464,,,,,41221.7964,,,,,
2011-09-12,,,,60796.7248,25920.7803,,7242.3729,,22305.53,64.5389,,,,,40486.849,,,,,
2011-09-13,,,,60452.5613,25864.1723,,7231.1012,,22273.32,64.4442,,,,,40590.8869,,,,,
2011-09-14,,,,60241.2512,25824.4293,,7243.4785,,22282.96,64.0129,,,,,40667.8723,,,,,
2011-09-15,,,,60245.0123,25850.5267,,7268.1914,,22249.0,64.297,,,,,40821.6888,,,,,
2011-09-16,,,,60759.3638,25843.5902,,7302.9067,,22259.42,63.6132,,,,,40981.9865,,,,,
2011-09-19,,,,60754.4594,25855.724,,7303.4792,,22259.42,62.8242,,,,,41007.512,,,,,
2011-09-20,,,,60670.8888,25631.9305,,7300.6386,,22295.63,62.6243,,,,,40906.3485,,,,,
2011-09-21,,,,60006.6733,25591.0728,,7279.7331,,22298.05,60.0364,,,,,40751.7898,,,,,
2011-09-22,,,,57720.9554,25448.7943,,7077.748,,22350.36,55.4183,,,,,38661.6513,,,,,
2011-09-23,,,,57277.8921,25298.9874,,6979.6234,,22364.63,55.3551,,,,,38031.1844,,,,,
2011-09-26,,,,57306.7606,25222.7026,,6964.6725,,22384.02,56.9016,,,,,38188.4055,,,,,
2011-09-27,,,,57579.7095,25159.7291,,7021.3343,,22355.91,58.6899,,,,,39275.9284,,,,,
2011-09-28,,,,58134.1348,25170.2961,,7002.2183,,22355.4,56.6701,,,,,39217.657,,,,,
2011-09-29,,,,57856.9542,25132.336,,7020.4385,,22343.72,57.659,,,,,39391.5404,,,,,
2011-09-30,,,,57821.3631,25133.8385,,6957.2904,,22385.68,55.9653,,,,,39053.0409,,,,,
2011-10-03,,,,56958.8459,25038.5977,,6908.8043,,22415.58,53.8193,,,,,38594.294,,,,,
2011-10-04,,,,55750.4501,24941.2425,,6738.8671,,22384.25,52.9251,,,,,37489.3327,,,,,
2011-10-05,,,,56022.4066,24889.5006,,6773.8125,,22360.19,53.5878,,,,,38291.0928,,,,,
2011-10-06,,,,56541.8401,25068.8291,,6858.9635,,22346.18,56.7332,,,,,39272.3614,,,,,
2011-10-07,,,,56861.8025,25041.5361,,6870.7099,,22326.43,56.2704,,,,,39315.7745,,,,,
2011-10-10,,,,56857.2076,25055.1613,,6925.9869,,22326.43,58.4164,,,,,39350.3972,,,,,
2011-10-11,,,,57002.4654,25214.2721,,6945.5102,,22360.09,59.016,,,,,39764.2288,,,,,
2011-10-12,,,,57700.1584,25151.5433,,7011.548,,22308.11,60.7623,,,,,40514.0119,,,,,
2011-10-13,,,,58616.3007,25395.3323,,7026.7993,,22352.01,60.7728,,,,,40608.8393,,,,,
2011-10-14,,,,59697.3653,25531.0048,,7080.6728,,22321.56,61.5934,,,,,41194.1559,,,,,
2011-10-17,,,,59351.8181,25627.918,,7069.6641,,22376.53,60.7202,,,,,41367.9045,,,,,
2011-10-18,,,,59176.3853,25672.4004,,7111.7628,,22359.96,61.4882,,,,,41225.7847,,,,,
2011-10-19,,,,60144.6044,25589.1398,,7154.4225,,22361.44,61.141,,,,,41973.6392,,,,,
2011-10-20,,,,60365.0941,25456.1407,,7163.9667,,22275.97,59.8892,,,,,41950.4967,,,,,
2011-10-21,,,,61305.1594,25448.5759,,7211.4782,,22271.02,61.4251,,,,,42245.8194,,,,,
2011-10-24,,,,61949.8399,25509.5784,,7287.3949,,22275.46,64.0866,,,,,42808.8618,,,,,
2011-10-25,,,,61374.6293,25524.119,,7245.3257,,22284.1,62.9399,,,,,42582.6374,,,,,
2011-10-26,,,,61611.2674,25594.5322,,7237.6716,,22280.86,63.792,,,,,42496.1261,,,,,
2011-10-27,,,,62731.8606,25614.6363,,7365.9413,,22245.95,67.1478,,,,,43377.7276,,,,,
2011-10-28,,,,62682.4127,25690.3231,,7371.5487,,22218.28,68.021,,,,,43560.3132,,,,,
2011-10-31,,,,62666.8193,25703.7772,,7371.0074,,22234.41,66.1379,,,,,43557.1306,,,,,
2011-11-01,,,,62665.1365,25708.5268,,7370.2707,,22234.41,64.034,,,,,43479.8005,,,,,
2011-11-02,,,,61946.8435,25674.0601,,7362.0406,,22262.7,65.4226,,,,,43312.0877,,,,,
2011-11-03,,,,62636.8285,25556.6705,,7423.0306,,22253.51,66.5272,,,,,43463.0503,,,,,
2011-11-04,,,,62689.3892,25520.7521,,7421.0017,,22264.61,65.5278,,,,,43284.0584,,,,,
2011-11-07,,,,62554.0822,25518.3766,,7437.1586,,22282.99,66.5482,,,,,43374.9459,,,,,
2011-11-08,,,,62715.0387,25527.7953,,7491.7983,,22287.99,67.2635,,,,,43601.5268,,,,,
2011-11-09,,,,62160.1429,25529.2667,,7429.955,,22346.49,65.6645,,,,,43091.5112,,,,,
2011-11-10,,,876.44,62050.458,25519.2234,,7422.0355,,22326.84,65.0439,,,,,43032.8894,,,,,
2011-11-11,,,876.44,62355.1747,25471.8296,,7458.3265,,22309.81,66.685,,,,,43383.8924,,,,,
2011-11-14,,,876.44,62454.2234,25489.4529,,7474.9133,,22311.86,65.8013,,,,,43534.1015,,,,,
2011-11-15,,,876.44,62301.4603,25469.1901,,7443.1225,,22309.35,64.9387,,,,,43555.5899,,,,,
2011-11-16,,,876.44,62387.0763,25452.6706,,7482.3665,,22311.83,64.3496,,,,,43988.2295,,,,,
2011-11-17,,,876.44,62379.0943,25438.0672,,7451.0598,,22319.63,63.7184,,,,,44089.1246,,,,,
2011-11-18,,,876.44,62173.5346,25413.239,,7431.162,,22328.74,63.0346,,,,,44047.3017,,,,,
2011-11-21,,,876.44,61459.2,25282.7219,,7335.8109,,22363.94,61.0884,,,,,43305.4391,,,,,
2011-11-22,,,876.44,61345.265,25236.1759,,7308.4397,,22370.48,60.5519,,,,,42826.0096,,,,,
2011-11-23,,,876.44,60529.4136,25165.5727,,7209.7065,,22398.79,57.9009,,,,,41918.2868,,,,,
2011-11-24,,,876.44,60255.9895,25118.5518,,7190.2581,,22383.88,57.9009,,,,,41803.2569,,,,,
2011-11-25,,,876.44,59720.6811,25129.7258,,7142.2334,,22379.46,57.3749,,,,,41462.0604,,,,,
2011-11-28,,,876.44,60731.4034,25172.0804,,7223.034,,22382.2,59.4263,,,,,42238.2338,,,,,
2011-11-29,,,876.44,60308.6547,25146.7981,,7234.4084,,22391.8,58.7846,,,,,42189.0986,,,,,
2011-11-30,,,876.44,61539.3811,25215.811,,7343.4022,,22354.63,61.8879,,,,,43213.4391,,,,,
2011-12-01,,,876.44,61635.2841,25179.5249,,7353.5843,,22351.55,61.0674,,,,,43256.3245,,,,,
2011-12-02,,,876.44,61537.8612,25246.2356,,7347.8718,,22372.08,61.383,,,,,43435.3522,,,,,
2011-12-05,,,876.44,61532.3406,25334.106,,7348.7539,,22405.77,60.8254,,,,,43316.4795,,,,,
2011-12-06,,,876.44,61268.0428,25345.9298,,7292.351,,22399.65,61.2988,,,,,43040.505,,,,,
2011-12-07,,,876.44,61325.6097,25365.9792,,7298.1004,,22428.29,62.9189,,,,,43501.7043,,,,,
2011-12-08,,,876.44,61324.2975,25370.5915,,7295.3884,,22428.29,60.7939,,,,,43512.0845,,,,,
2011-12-09,,,876.44,61518.7116,25396.6823,,7295.0213,,22430.18,62.0457,,,,,44011.7792,,,,,
2011-12-12,,,876.44,61360.0135,25332.0734,,7263.675,,22450.8,61.2462,,,,,43746.9347,,,,,
2011-12-13,,,876.44,61466.9994,25324.8116,,7266.3763,,22449.9,61.0043,,,,,44098.1091,,,,,
2011-12-14,,,876.44,61029.9503,25299.2048,,7219.1714,,22441.18,59.8471,,,,,43493.4563,,,,,
2011-12-15,,,876.44,60904.5645,25386.6579,,7232.0679,,22447.57,60.068,,,,,43441.9179,,,,,
2011-12-16,,,876.44,61111.9473,25336.3232,,7212.4862,,22424.71,60.6992,,,,,43724.8862,,,,,
2011-12-19,,,876.44,61186.7702,25348.5261,,7224.6728,,22427.32,59.8681,,,,,43792.8553,,,,,
2011-12-20,,,876.44,61473.2599,25405.9892,,7221.7377,,22427.38,61.1135,,,,,44271.9523,,,,,
2011-12-21,,,876.44,61569.1021,25356.9176,,7229.2203,,22417.75,61.0292,,,,,44187.4571,,,,,
2011-12-22,,,876.44,61812.2177,25413.1115,,7252.4196,,22415.73,61.3872,,,,,44334.0789,,,,,
2011-12-23,,,876.44,62206.032,25422.2671,,7297.0483,,22444.85,61.5661,,,,,44289.9779,,,,,
2011-12-26,,,876.44,61901.169,25406.5247,,7290.0787,,22419.8,61.5661,,,,,44431.8143,,,,,
2011-12-27,,,876.44,61763.6355,25422.7903,,7263.2692,,22427.37,60.6397,,,,,44490.6871,,,,,
2011-12-28,,,876.44,61509.4012,25361.9977,,7243.3781,,22419.14,60.0407,,,,,44421.6786,,,,,
2011-12-29,,,876.44,61573.6483,25376.2355,,7276.5461,,22439.05,60.4727,,,,,44542.8516,,,,,
2011-12-30,,,876.44,61898.5017,25354.9236,,7286.5404,,22453.7,60.7993,,,,,44610.6463,,,,,
2012-01-02,,,876.44,61418.4089,25391.3769,,7247.6846,,22469.36,60.7993,,,,,44558.0389,,,,,
2012-01-03,,,876.44,60996.7417,25496.3347,,7255.4037,,22443.64,61.5578,,,,,44703.6069,,,,,
2012-01-04,,,876.44,60724.1224,25536.1008,,7253.6007,,22457.01,62.4744,,,,,45215.8014,,,,,
2012-01-05,,,876.44,60807.6497,25554.2926,,7279.8731,,22471.84,62.506,,,,,45284.4617,,,,,
2012-01-06,,,876.44,60818.4726,25521.4631,,7285.0597,,22494.98,62.348,,,,,45227.3427,,,,,
2012-01-09,,,876.44,60935.8958,25593.8891,,7330.0895,,22517.76,62.4638,,,,,45329.0337,,,,,
2012-01-10,,,876.44,60842.8417,25608.2642,,7320.3116,,22517.23,62.9011,,,,,45340.169,,,,,
2012-01-11,,,876.44,60781.0899,25577.2675,,7291.4302,,22524.45,63.3067,,,,,45230.7641,,,,,
2012-01-12,,,876.44,61197.3604,25568.9348,,7294.3167,,22528.5,64.0231,,,,,45477.8417,,,,,
2012-01-13,,,876.44,61236.5567,25578.0264,,7300.769,,22581.37,63.3909,,,,,45198.801,,,,,
2012-01-16,,,876.44,61418.6854,25610.2041,,7299.774,,22607.2,63.3909,,,,,45276.6965,,,,,
2012-01-17,,,876.44,61541.9733,25604.9062,,7329.2484,,22632.93,64.1284,,,,,45539.646,,,,,
2012-01-18,,,876.44,61375.0732,25679.9036,,7335.2236,,22641.08,65.1398,,,,,45660.8531,,,,,
2012-01-19,,,876.44,61365.3476,25684.2134,,7367.8128,,22641.99,65.9932,,,,,46040.7918,,,,,
2012-01-20,,,876.44,61304.0222,25706.1444,,7392.9702,,22684.13,66.0353,,,,,46098.5974,,,,,
2012-01-23,,,876.44,61442.0464,25661.4662,,7402.0398,,22707.65,66.0669,,,,,46044.7066,,,,,
2012-01-24,,,876.44,61071.5866,25697.8868,,7384.3239,,22707.61,65.5928,,,,,45770.6712,,,,,
2012-01-25,,,876.44,60981.5522,25688.9928,,7350.8128,,22723.7,65.3821,,,,,45518.5497,,,,,
2012-01-26,,,876.44,60775.8065,25614.3063,,7366.4108,,22743.09,65.6666,,,,,45640.8516,,,,,
2012-01-27,,,876.44,60610.8369,25665.2154,,7365.1489,,22743.04,66.0353,,,,,45652.2731,,,,,
2012-01-30,,,876.44,60508.5368,25717.164,,7373.9052,,22758.52,65.2557,,,,,45525.6434,,,,,
2012-01-31,,,876.44,60678.5938,25707.4938,,7390.1119,,22762.79,65.5507,,,,,45934.5673,,,,,
2012-02-01,,,876.44,60901.879,25730.1741,,7405.3918,,22774.55,67.1204,,,,,46187.9828,,,,,
2012-02-02,,,876.44,60871.6189,25753.5921,,7431.1172,,22789.14,68.0792,,,,,46538.0405,,,,,
2012-02-03,,,876.44,61245.0469,25743.7108,,7494.7292,,22794.69,69.1432,,,,,47151.227,,,,,
2012-02-06,,,876.44,61639.4999,25803.3052,,7594.8335,,22803.21,68.8904,,,,,47212.0808,,,,,
2012-02-07,,,876.44,61585.2111,25700.1612,,7592.8645,,22814.23,69.3013,,,,,47128.5775,,,,,
2012-02-08,,,876.44,61415.1798,25667.463,,7590.101,,22827.95,69.4804,,,,,47086.3982,,,,,
2012-02-09,,,876.44,61416.3283,25667.0284,,7611.3192,,22852.38,70.0071,,,,,47139.5187,,,,,
2012-02-10,,,876.44,61184.7579,25727.431,,7598.399,,22848.01,69.6805,,,,,47188.851,,,,,
2012-02-13,,,876.44,61260.1413,25766.1796,,7650.067,,22858.11,69.9228,,,,,47473.2928,,,,,
2012-02-14,,,876.44,61366.3036,25828.7645,,7612.7349,,22866.07,69.7121,,,,,47384.6663,,,,,
2012-02-15,,,876.44,61996.2045,25837.6502,,7633.4387,,22856.89,69.6595,,,,,47696.1913,,,,,
2012-02-16,,,876.44,62119.044,25859.6652,,7647.0881,,22885.94,70.3021,,,,,47730.5366,,,,,
2012-02-17,,,876.44,62921.8025,25972.5256,,7686.1905,,22869.67,71.2398,,,,,48308.295,,,,,
2012-02-20,,,876.44,62785.1462,25984.4878,,7668.6902,,22877.0,71.2398,,,,,48374.7923,,,,,
2012-02-21,,,876.44,62692.3688,25985.8975,,7669.2524,,22882.04,71.1239,,,,,48309.4508,,,,,
2012-02-22,,,876.44,62949.1459,26008.9756,,7713.3265,,22875.24,70.7773,,,,,48331.1732,,,,,
2012-02-23,,,876.44,63137.8819,25983.5893,,7707.8905,,22885.35,70.7341,,,,,48252.634,,,,,
2012-02-24,,,876.44,63124.2315,25976.21,,7696.2914,,22878.01,71.1765,,,,,48121.0833,,,,,
2012-02-27,,,876.44,63514.69,26003.4153,,7664.9288,,22891.62,71.0607,,,,,47935.5493,,,,,
2012-02-28,,,876.44,63536.6634,26000.2777,,7672.403,,22888.42,72.0615,,,,,48020.4805,,,,,
2012-02-29,,,876.44,63225.0818,26031.5935,,7697.826,,22892.2,71.5347,,,,,48214.1158,,,,,
2012-03-01,,,876.44,63271.347,26007.9559,,7717.0476,,22871.1,72.0404,,,,,48259.0731,,,,,
2012-03-02,,,876.44,63742.5321,26014.4088,,7712.7013,,22818.79,71.4189,,,,,48403.8775,,,,,
2012-03-05,,,876.44,63439.3419,26004.1643,,7710.7669,,22856.2,70.3443,,,,,48259.7914,,,,,
2012-03-06,,,876.44,63150.3321,26009.7758,,7663.5166,,22847.36,68.7587,,,,,48073.2166,,,,,
2012-03-07,,,876.44,63334.0884,26052.2902,,7666.1059,,22860.29,68.8061,,,,,48167.9348,,,,,
2012-03-08,,,876.44,63317.0149,25966.6048,,7692.3748,,22882.58,70.2284,,,,,48292.5247,,,,,
2012-03-09,,,876.44,63575.9988,25965.1682,,7720.5312,,22855.67,70.2073,,,,,48332.2879,,,,,
2012-03-12,,,876.44,64003.5577,25973.349,,7722.1606,,22870.51,70.3021,,,,,48454.7797,,,,,
2012-03-13,,,876.44,64039.2283,26006.0832,,7735.2838,,22867.0,71.461,,,,,48345.5032,,,,,
2012-03-14,,,876.44,64260.5109,26085.6585,,7790.2391,,22859.95,70.5128,,,,,48534.2454,,,,,
2012-03-15,,,876.44,64839.904,26115.4017,,7807.9088,,22870.1,71.4399,,,,,48733.2502,,,,,
2012-03-16,,,876.44,65275.102,26114.4162,,7808.6639,,22879.79,71.5558,,,,,48869.4159,,,,,
2012-03-19,,,876.44,65552.5179,26196.4448,,7844.2888,,22886.75,72.3881,,,,,49170.1097,,,,,
2012-03-20,,,876.44,65635.1901,26183.3249,,7854.0835,,22878.54,71.8297,,,,,49285.0303,,,,,
2012-03-21,,,876.44,65470.9159,26160.1992,,7855.9848,,22870.42,71.7718,,,,,49489.4564,,,,,
2012-03-22,,,876.44,65081.8171,26188.2145,,7832.7094,,22873.35,70.8078,,,,,49407.1298,,,,,
2012-03-23,,,876.44,65179.1312,26200.6925,,7856.2048,,22880.54,70.9869,,,,,49551.6594,,,,,
2012-03-26,,,876.44,65533.5496,26192.87,,7915.7005,,22890.77,72.6304,,,,,49854.2874,,,,,
2012-03-27,,,876.44,65752.5569,26180.4716,,7959.1142,,22866.51,72.6304,,,,,50151.1361,,,,,
2012-03-28,,,876.44,65775.5043,26212.6326,,7988.4049,,22884.95,71.9245,,,,,50258.2703,,,,,
2012-03-29,,,876.44,65530.874,26233.6693,,7958.8275,,22892.42,71.619,,,,,50141.169,,,,,
2012-03-30,,,876.44,65805.206,26222.6822,,8013.936,,22867.96,71.9562,,,,,50333.6947,,,,,
2012-04-02,,,876.44,66133.6397,26239.698,,8068.8564,,22888.5,73.2309,,,,,50403.1203,,,,,
2012-04-03,,,876.44,66065.1555,26220.2346,,8060.5537,,22880.7,72.8938,,,,,50415.1949,,,,,
2012-04-04,,,876.44,65711.6157,26227.4113,,8013.936,,22875.4,72.2511,,,,,49967.5218,,,,,
2012-04-05,,,876.44,65807.0748,26239.1252,,8026.5086,,22882.58,72.4302,,,,,50069.7706,,,,,
2012-04-06,,,876.44,65805.4134,26243.4142,,8026.1467,,22882.58,72.4302,,,,,50067.5741,,,,,
2012-04-09,,,876.44,65385.4097,26255.8792,,7968.8308,,22895.61,71.3662,,,,,49808.9387,,,,,
2012-04-10,,,876.44,64772.8488,26278.4739,,7913.2771,,22880.32,70.1546,,,,,49411.3355,,,,,
2012-04-11,,,876.44,64585.9535,26266.2282,,7923.745,,22890.94,70.0282,,,,,49463.4215,,,,,
2012-04-12,,,876.44,64625.7138,26252.5117,,7922.5414,,22910.13,70.9026,,,,,49462.1393,,,,,
2012-04-13,,,876.44,64707.5773,26233.431,,7929.1254,,22898.15,69.807,,,,,49282.2261,,,,,
2012-04-16,,,876.44,64798.5247,26240.6971,,7946.8476,,22932.15,69.375,,,,,49177.9004,,,,,
2012-04-17,,,876.44,65399.9606,26229.5932,,7982.1235,,22926.54,70.3021,,,,,49404.6498,,,,,
2012-04-18,,,876.44,65316.1341,26243.2375,,7958.2055,,22945.31,69.3855,,,,,49187.6885,,,,,
2012-04-19,,,876.44,65019.9296,26253.197,,7952.9406,,22964.93,70.0493,,,,,49176.3695,,,,,
2012-04-20,,,876.44,65341.1639,26249.208,,8009.2438,,22982.8,70.6603,,,,,49682.9011,,,,,
2012-04-23,,,876.44,65341.9717,26225.5236,,7989.6855,,22967.79,70.123,,,,,49395.4424,,,,,
2012-04-24,,,876.44,65351.045,26212.4584,,7975.4945,,22982.74,70.1652,,,,,49535.7076,,,,,
2012-04-25,,,876.44,65601.7812,26220.512,,7987.6123,,22968.72,70.4601,,,,,49765.8013,,,,,
2012-04-26,,,876.44,65380.5205,26269.4192,,8003.0511,,22976.5,70.5971,,,,,49590.8791,,,,,
2012-04-27,,,876.44,65305.8596,26277.7086,,8003.9873,,22963.37,71.1239,,,,,49731.795,,,,,
2012-04-30,,,876.44,65518.8975,26313.4451,,8027.691,,22987.32,70.9553,,,,,49866.6629,,,,,
2012-05-01,,,876.44,65517.1491,26317.7063,,8067.3381,,22987.32,71.4399,,,,,49868.092,,,,,
2012-05-02,,,876.44,65619.1127,26330.0876,,8048.9084,,23005.32,70.5866,,,,,49951.6009,,,,,
2012-05-03,,,876.44,65682.1749,26327.3246,,8014.5587,,23009.59,70.26,,,,,49865.2732,,,,,
2012-05-04,,,876.44,65538.4906,26347.541,,8005.7959,,23021.58,70.1862,,,,,49729.7663,,,,,
2012-05-07,,,876.44,65387.2475,26364.3973,,8051.1121,,23095.87,70.4285,,,,,49758.598,,,,,
2012-05-08,,,876.44,65196.8108,26354.4853,,8021.3277,,23073.81,69.8175,,,,,49595.6274,,,,,
2012-05-09,,,876.44,65051.7282,26380.8458,,7992.1245,,23090.73,68.7007,,,,,49371.1777,,,,,
2012-05-10,,,876.44,65227.5052,26374.1623,,7963.0849,,23085.12,68.9115,,,,,49327.9438,,,,,
2012-05-11,,,876.44,65228.0213,26373.7068,,7975.9261,,23080.03,68.8904,,,,,49348.7233,,,,,
2012-05-14,,,876.44,64550.7461,26354.4848,,7945.2089,,23080.84,66.8255,,,,,48804.6298,,,,,
2012-05-15,,,868.57,64370.0325,26330.6311,,7875.3529,,23109.71,65.2873,,,,,48490.4636,,,,,
2012-05-16,,,861.77,63910.4775,26335.1666,,7796.128,,23120.19,64.1495,,,,,48357.3577,,,,,
2012-05-17,,,850.52,62734.8873,26323.0849,,7705.7648,,23112.21,63.1802,,,,,47646.3011,,,,,
2012-05-18,,,846.63,62322.7604,26283.5048,,7694.1302,,23103.74,62.5271,,,,,47338.984,,,,,
2012-05-21,,,846.31,62318.3964,26289.6022,,7715.0071,,23113.06,63.3277,,,,,47448.3147,,,,,
2012-05-22,,,851.13,62349.2323,26284.8477,,7701.6169,,23113.99,62.369,,,,,47767.2478,,,,,
2012-05-23,,,834.38,61342.4928,26302.4425,,7598.7954,,23127.56,62.0319,,,,,46861.3074,,,,,
2012-05-24,,,844.91,61471.4354,26293.3281,,7640.7724,,23130.46,62.1689,,,,,47401.9815,,,,,
2012-05-25,,,850.79,61662.4686,26354.0488,,7627.052,,23154.79,62.4638,,,,,47560.3633,,,,,
2012-05-28,,,855.35,61948.2529,26363.0908,,7646.0406,,23180.77,62.4638,,,,,47511.4895,,,,,
2012-05-29,,,857.4,62062.053,26361.7762,,7660.3148,,23179.06,62.7799,,,,,47656.6604,,,,,
2012-05-30,,,848.16,61868.0961,26381.4764,,7657.8947,,23193.18,61.9792,,,,,47276.7757,,,,,
2012-05-31,,,858.79,61567.2766,26385.0898,,7647.5044,,23192.89,62.7378,,,,,47580.3575,,,,,
2012-06-01,,,857.19,61329.2511,26335.3074,,7627.0279,,23152.96,61.4419,,,,,47425.376,,,,,
2012-06-04,,,847.24,60803.582,26341.8861,,7572.194,,23202.83,61.1364,,,,,47129.466,,,,,
2012-06-05,,,845.3,60427.9769,26326.229,,7546.3658,,23186.52,61.4314,,,,,47068.7913,,,,,
2012-06-06,,,853.81,60954.7669,26331.8558,,7608.4886,,23165.3,62.9695,,,,,47739.1051,,,,,
2012-06-07,,,860.78,61517.2587,26346.2562,,7656.0814,,23173.25,64.0757,,,,,48113.8654,,,,,
2012-06-08,,,861.91,61714.6569,26363.9338,,7673.3695,,23173.25,64.8132,,,,,48337.4603,,,,,
2012-06-11,,,860.67,62292.0409,26367.4512,,7691.1367,,23152.6,63.8018,,,,,48462.4625,,,,,
2012-06-12,,,857.65,62051.0561,26373.2334,,7664.566,,23164.88,63.7281,,,,,48403.7812,,,,,
2012-06-13,,,849.59,61815.4231,26353.1451,,7635.0622,,23171.61,63.2013,,,,,48157.6319,,,,,
2012-06-14,,,850.21,61707.8928,26352.6583,,7646.487,,23171.28,63.7702,,,,,48072.8085,,,,,
2012-06-15,,,855.03,61564.0941,26364.3651,,7658.6109,,23146.2,64.5814,,,,,48461.2671,,,,,
2012-06-18,,,859.44,61603.8809,26383.7588,,7680.6494,,23148.29,65.0345,,,,,48716.45,,,,,
2012-06-19,,,868.38,61649.597,26378.9528,,7703.1209,,23138.85,65.3294,,,,,49003.3359,,,,,
2012-06-20,,,869.5,61423.1161,26377.2295,,7706.1622,,23153.86,66.1933,,,,,49123.135,,,,,
2012-06-21,,,868.1,61381.1475,26418.6635,,7704.4077,,23144.8,64.6455,,,,,49087.8697,,,,,
2012-06-22,,,870.65,61220.7231,26437.6694,,7678.1249,,23153.37,64.6883,,,,,49068.9789,,,,,
2012-06-25,,,869.07,60907.1169,26517.3185,,7678.9795,,23151.86,63.1384,,,,,48875.7742,,,,,
2012-06-26,,,875.29,60846.0713,26522.3511,,7678.5756,,23161.46,63.4697,,,,,49037.4586,,,,,
2012-06-27,,,874.21,60707.862,26512.3997,,7681.2573,,23168.57,63.9187,,,,,49224.1049,,,,,
2012-06-28,,,871.96,60883.7613,26527.7352,,7677.6433,,23174.91,63.5446,,,,,49151.8337,,,,,
2012-06-29,,,881.43,61381.3689,26500.508,,7742.7348,,23165.94,65.7251,,,,,49856.3486,,,,,
2012-07-02,,,881.1,61377.0435,26506.3791,,7741.995,,23165.94,65.8426,,,,,49836.4379,,,,,
2012-07-03,,,886.02,61898.5964,26522.3906,,7790.4663,,23129.94,66.6122,,,,,50308.1381,,,,,
2012-07-04,,,886.8,61843.5346,26506.8261,,7774.6106,,23104.55,66.6122,,,,,50358.3943,,,,,
2012-07-05,,,886.54,61789.5781,26529.981,,7784.5803,,23196.7,66.7084,,,,,50380.808,,,,,
2012-07-06,,,886.91,61809.2066,26520.6738,,7760.5424,,23165.04,66.0244,,,,,50284.586,,,,,
2012-07-09,,,886.77,61710.3055,26529.5254,,7739.4847,,23140.49,65.9816,,,,,50195.019,,,,,
2012-07-10,,,881.12,61441.3724,26517.2773,,7720.064,,23119.32,65.5968,,,,,50027.7941,,,,,
2012-07-11,,,880.29,60883.5563,26524.555,,7701.19,,23101.96,66.0992,,,,,50014.4211,,,,,
2012-07-12,,,878.89,60680.8881,26542.9463,,7676.2896,,23102.02,65.5113,,,,,49995.1697,,,,,
2012-07-13,,,879.11,60865.2884,26533.287,,7716.5854,,23075.55,66.3771,,,,,50252.3723,,,,,
2012-07-16,,,878.78,60860.9225,26533.5986,,7715.5882,,23078.25,66.3129,,,,,50232.888,,,,,
2012-07-17,,,876.43,60792.6937,26557.8617,,7723.9629,,23064.55,66.8046,,,,,50339.1534,,,,,
2012-07-18,,,876.52,60909.3293,26560.6838,,7734.2679,,23054.39,67.2108,,,,,50386.2177,,,,,
2012-07-19,,,877.09,60869.457,26562.5657,,7731.405,,23053.71,67.6918,,,,,50362.339,,,,,
2012-07-20,,,876.55,60603.29,26573.8134,,7715.8025,,23070.25,67.1146,,,,,50192.864,,,,,
2012-07-23,,,868.86,60236.4246,26581.0701,,7663.4166,,23067.36,65.9923,,,,,49313.5235,,,,,
2012-07-24,,,866.21,60197.1528,26575.8567,,7740.5998,,23076.47,65.4685,,,,,49038.009,,,,,
2012-07-25,,,867.57,60026.7257,26576.0537,,7724.7572,,23073.12,65.351,,,,,49080.4504,,,,,
2012-07-26,,,861.51,60218.2138,26566.1192,,7696.147,,23073.16,65.1372,,,,,48614.9955,,,,,
2012-07-27,,,857.52,60137.6397,26559.0374,,7672.3069,,23065.84,65.9068,,,,,48399.0347,,,,,
2012-07-30,,,862.22,60303.7924,26562.6923,,7686.7841,,23067.81,65.8426,,,,,48464.8498,,,,,
2012-07-31,,,858.72,60394.6177,26577.5907,,7681.0938,,23062.2,65.4578,,,,,48429.1267,,,,,
2012-08-01,,,851.65,60135.6858,26583.2596,,7640.6386,,23064.69,63.8759,,,,,47977.9524,,,,,
2012-08-02,,,836.4,59314.8201,26586.697,,7574.0785,,23049.47,63.1598,,,,,47432.469,,,,,
2012-08-03,,,840.48,59110.6585,26582.75,,7588.1687,,23065.24,64.7203,,,,,47895.5992,,,,,
2012-08-06,,,844.9,59483.2677,26583.5307,,7585.1332,,23082.65,65.0196,,,,,48190.4262,,,,,
2012-08-07,,,846.28,59353.7483,26590.6758,,7572.3104,,23109.29,64.2393,,,,,48106.6293,,,,,
2012-08-08,,,847.65,59276.1187,26601.9974,,7547.1465,,23113.2,64.8593,,,,,48228.0091,,,,,
2012-08-09,,,847.25,59236.1836,26600.7062,,7516.8108,,23126.66,64.7524,,,,,48168.0551,,,,,
2012-08-10,,,846.52,58986.3672,26623.653,,7524.3295,,23141.19,64.4745,,,,,48307.7253,,,,,
2012-08-13,,,846.07,58951.8925,26645.3853,,7523.5725,,23153.8,64.3248,,,,,48267.0269,,,,,
2012-08-14,,,845.8,59079.2952,26657.1083,,7522.384,,23152.72,64.2821,,,,,48359.2119,,,,,
2012-08-15,,,845.69,59078.3162,26659.536,,7522.5547,,23155.11,64.421,,,,,48347.0549,,,,,
2012-08-16,,,850.36,59349.7837,26671.5421,,7533.7974,,23164.73,64.7417,,,,,48753.7055,,,,,
2012-08-17,,,859.44,59636.451,26712.7729,,7582.217,,23179.05,65.5434,,,,,49145.033,,,,,
2012-08-20,,,863.97,59939.7026,26739.6591,,7583.8072,,23224.44,65.5968,,,,,49332.0278,,,,,
2012-08-21,,,863.44,59886.4179,26752.666,,7578.2572,,23237.76,65.7999,,,,,49220.9471,,,,,
2012-08-22,,,857.01,59481.6978,26769.6532,,7522.2781,,23251.98,65.3082,,,,,48743.6992,,,,,
2012-08-23,,,853.31,59381.2079,26780.9813,,7488.1468,,23247.14,65.212,,,,,48402.9043,,,,,
2012-08-24,,,855.42,59232.3839,26766.3596,,7480.3445,,23252.04,64.8486,,,,,48574.5812,,,,,
2012-08-27,,,849.83,58860.8587,26769.2464,,7425.2015,,23276.52,64.2286,,,,,48112.6916,,,,,
2012-08-28,,,848.02,58689.3466,26776.1363,,7408.6492,,23297.14,64.5707,,,,,48039.0361,,,,,
2012-08-29,,,849.12,58748.7338,26789.7759,,7398.756,,23313.47,64.1324,,,,,48106.5047,,,,,
2012-08-30,,,844.14,58598.482,26796.9748,,7381.9517,,23331.29,63.8011,,,,1000.0,47883.3869,,,,,
2012-08-31,,,846.59,58752.3456,26805.489,,7411.4707,,23343.93,64.2393,,,,1000.315,48208.8664,,,,,
2012-09-03,,,845.67,58704.3141,26817.2815,,7422.1465,,23365.17,64.2393,,,,1000.543,48184.1003,,,,,
2012-09-04,,,844.16,58437.0265,26824.0819,,7316.7674,,23363.16,63.4591,,,,1000.352,48098.2733,,,,,
2012-09-05,,,839.96,58167.7451,26826.9281,,7293.538,,23365.35,63.3629,,,,1001.14,48020.3836,,,,,
2012-09-06,,,842.42,58308.7579,26824.3102,,7320.1196,,23372.33,64.3569,,,,1001.315,48141.9266,,,,,
2012-09-07,,,850.87,58819.2226,26803.0808,,7348.0368,,23362.54,65.3296,,,,1001.191,48191.6425,,,,,
2012-09-10,,,856.48,59063.0055,26811.4936,,7361.9992,,23361.95,65.0517,,,,1001.42,48453.8369,,,,,
2012-09-11,,,859.33,59103.4131,26811.9785,,7390.9623,,23361.72,65.5113,,,,1001.449,48693.4681,,,,,
2012-09-12,,,862.19,59476.6241,26807.8866,,7434.0426,,23357.0,65.4258,,,,1001.828,48857.0589,,,,,
2012-09-13,,,860.38,59476.6241,26812.6958,,7441.2381,,23356.45,66.6122,,,,1002.107,48746.0192,,,,,
2012-09-14,,,864.35,60102.3207,26781.3912,,7529.689,,23339.89,66.6871,,,,1001.468,48808.6325,,,,,
2012-09-17,,,864.03,60097.4396,26789.2919,,7533.7834,,23351.63,66.7191,,,,1001.721,48808.205,,,,,
2012-09-18,,,863.92,60095.8126,26792.5618,,7541.2338,,23355.43,66.6443,,,,1001.815,48788.614,,,,,
2012-09-19,,,863.81,60094.1857,26795.7579,,7540.6294,,23359.21,66.8688,,,,1001.902,48798.2087,,,,,
2012-09-20,,,867.21,60392.3087,26831.3194,,7594.3084,,23384.19,67.0505,,,,1002.641,48757.9095,,,,,
2012-09-21,,,872.14,60615.2285,26835.8932,,7632.5666,,23387.34,66.5481,,,,1002.939,49018.1214,,,,,
2012-09-24,,,869.34,60434.3154,26862.9547,,7617.7998,,23413.88,65.8961,,,,1003.644,48840.2255,,,,,
2012-09-25,,,866.93,60347.036,26862.8177,,7599.1016,,23418.36,66.0778,,,,1003.875,48927.4439,,,,,
2012-09-26,,,864.66,59867.174,26866.7319,,7582.1522,,23433.08,66.2488,,,,1004.88,48621.0764,,,,,
2012-09-27,,,867.55,59999.6893,26866.1598,,7625.6832,,23416.44,66.5374,,,,1004.245,48921.4672,,,,,
2012-09-28,,,866.9,59621.4772,26876.7916,,7651.3103,,23454.47,66.3985,,,,1004.852,48879.8858,,,,,
2012-10-01,,,869.27,59691.6069,26879.7093,,7684.125,,23431.14,66.4626,,,,1003.594,49115.4159,,,,,
2012-10-02,,,872.09,59847.5808,26884.4271,,7696.9909,,23444.35,66.9115,,,,1004.063,49288.8482,,,,,
2012-10-03,,,874.53,60015.0857,26896.3487,,7691.3874,,23453.66,66.5267,,,,1004.378,49552.4646,,,,,
2012-10-04,,,877.72,60324.3467,26912.1652,,7712.1138,,23471.75,67.2108,,,,1005.102,49917.3669,,,,,
2012-10-05,,,883.19,61044.7155,26919.045,,7785.6834,,23496.38,67.5849,,,,1006.172,50361.6714,,,,,
2012-10-08,,,880.06,61023.8466,26945.1315,,7756.9434,,23524.67,67.617,,,,1006.997,50204.0191,,,,,
2012-10-09,,,878.37,61023.8263,26953.2519,,7764.1444,,23510.52,66.6015,,,,1007.084,50355.3995,,,,,
2012-10-10,,,872.96,61240.2721,26971.5636,,7815.2888,,23519.37,66.3129,,,,1007.692,50159.1315,,,,,
2012-10-11,,,876.32,61918.2901,26991.7769,,7864.9393,,23542.77,66.6764,,,,1008.453,50386.9295,,,,,
2012-10-12,,,875.41,62573.4284,27002.6945,,7878.6048,,23545.87,66.8581,,,,1008.704,50342.2195,,,,,
2012-10-15,,,875.08,62568.3558,27018.6973,,7877.4232,,23568.45,67.1467,,,,1009.403,50424.7595,,,,,
2012-10-16,,,879.9,62726.1267,27026.1417,,7895.1879,,23564.6,67.649,,,,1009.294,50784.5368,,,,,
2012-10-17,,,881.69,62794.4027,27031.465,,7916.4543,,23564.6,67.8094,,,,1009.04,50909.8399,,,,,
2012-10-18,,,886.17,62713.1606,27043.9706,,7954.9753,,23594.22,67.9697,,,,1009.919,51095.5259,,,,,
2012-10-19,,,882.62,63036.8943,27045.0272,,7969.2392,,23594.85,66.655,,,,1009.998,50663.9123,,,,,
2012-10-22,,,873.9,63014.9506,27050.7954,,7950.6979,,23612.32,66.1312,,,,1010.739,50515.2973,,,,,
2012-10-23,,,870.25,63120.5643,27076.3263,,7963.4976,,23614.7,64.8807,,,,1011.742,50327.7895,,,,,
2012-10-24,,,876.95,63432.2984,27039.8343,,8004.0094,,23611.08,65.0944,,,,1011.608,50700.068,,,,,
2012-10-25,,,878.27,63442.1276,27042.6255,,8012.6964,,23621.95,65.7358,,,,1011.454,50653.6488,,,,,
2012-10-26,,,878.76,63540.3793,27035.9143,,8014.082,,23619.34,65.6823,,,,1011.54,50780.9548,,,,,
2012-10-29,,,879.82,63582.1447,27035.3812,,8025.9723,,23627.79,65.6823,,,,1012.214,50930.4751,,,,,
2012-10-30,,,883.62,63744.6277,27038.1167,,8054.3256,,23646.58,65.6823,,,,1013.138,51179.1862,,,,,
2012-10-31,,,883.89,63854.9547,26995.4589,,8086.838,,23654.46,65.7892,,,,1012.837,51341.9779,,,,,
2012-11-01,,,883.78,63853.2305,26998.8828,,8086.1787,,23654.46,66.6977,,,,1013.131,51387.271,,,,,
2012-11-02,,,883.66,63851.5064,27004.9425,,8085.1044,,23654.46,66.3771,,,,1013.429,51355.3655,,,,,
2012-11-05,,,884.2,64223.5688,27043.8534,,8143.3841,,23664.19,66.2916,,,,1014.067,51360.1532,,,,,
2012-11-06,,,889.18,64125.8419,27050.8535,,8158.8322,,23664.52,66.4519,,,,1013.953,51329.749,,,,,
2012-11-07,,,887.39,63929.179,27048.123,,8120.8877,,23655.19,66.0671,,,,1013.948,51115.8948,,,,,
2012-11-08,,,885.23,63883.7491,27062.2441,,8106.7652,,23672.31,65.8961,,,,1014.599,51082.1821,,,,,
2012-11-09,,,881.65,63560.3143,27052.333,,8099.0192,,23697.69,65.6716,,,,1015.62,50997.3394,,,,,
2012-11-12,,,876.3,63510.3643,27055.2338,,8091.1889,,23764.46,65.1906,,,,1016.1,50938.4696,,,,,
2012-11-13,,,874.27,63811.9658,27063.3548,,8105.111,,23772.42,64.4638,,,,1017.737,50812.1115,,,,,
2012-11-14,,,869.11,63138.7009,27061.2748,,8044.2709,,23776.03,63.8545,,,,1017.662,50611.1672,,,,,
2012-11-15,,,866.88,63134.8914,27056.6435,,8053.9711,,23789.63,64.3248,,,,1018.167,50451.0089,,,,,
2012-11-16,,,864.87,63076.959,27064.9087,,8034.1742,,23804.27,64.5172,,,,1018.837,50408.9731,,,,,
2012-11-19,,,865.38,62998.3078,27079.9492,,8092.1767,,23812.46,65.2548,,,,1018.643,50747.1105,,,,,
2012-11-20,,,861.98,63125.6905,27078.0388,,8095.3518,,23801.64,65.4151,,,,1018.959,50748.0104,,,,,
2012-11-21,,,858.23,62825.1333,27078.2643,,8096.7175,,23808.09,64.5921,,,,1018.884,50484.4729,,,,,
2012-11-22,,,857.02,62705.0519,27077.5326,,8075.8425,,23794.1,64.5921,,,,1018.933,50428.6978,,,,,
2012-11-23,,,857.82,62715.4988,27074.7323,,8055.9162,,23797.98,64.3783,,,,1018.885,50404.0144,,,,,
2012-11-26,,,858.63,62409.3664,27089.7569,,8044.9936,,23824.43,64.0077,,,,1019.917,50503.6005,,,,,
2012-11-27,,,859.21,62216.3802,27094.4061,,8025.4503,,23834.89,63.6215,,,,1020.41,50576.0931,,,,,
2012-11-28,,,855.88,62076.9826,27099.7165,,8007.2041,,23838.22,63.8225,,,,1020.483,50446.9963,,,,,
2012-11-29,,,856.98,61989.2082,27104.2224,,8022.6419,,23844.07,64.3355,,,,1020.654,50659.4492,,,,,
2012-11-30,,,858.62,61971.9608,27102.4073,,8052.7139,,23847.26,64.1966,,,,1020.587,50877.6017,,,,,
2012-12-03,,,858.42,61938.9162,27118.554,,8061.2913,,23844.16,64.1431,,,,1021.021,50960.0096,,,,,
2012-12-04,,,855.93,61998.0549,27119.8454,,8056.3295,,23836.37,64.0042,,,,1020.508,50884.6975,,,,,
2012-12-05,,,855.91,61956.1066,27124.7796,,8044.1281,,23834.94,64.3142,,,,1021.196,51040.4356,,,,,
2012-12-06,,,857.59,61804.2023,27130.1116,,8037.1323,,23834.53,64.8058,,,,1020.692,50934.216,,,,,
2012-12-07,,,858.13,62102.8034,27117.1041,,8048.8081,,23812.63,64.4745,,,,1020.323,50867.263,,,,,
2012-12-10,,,859.45,61694.4222,27130.3109,,8010.2518,,23842.16,64.7951,,,,1021.724,50822.9434,,,,,
2012-12-11,,,863.22,61611.1555,27142.0906,,8015.6187,,23844.65,65.5113,,,,1022.021,51323.8212,,,,,
2012-12-12,,,872.66,62298.7553,27145.9468,,8096.6972,,23854.35,65.9602,,,,1022.647,52044.7777,,,,,
2012-12-13,,,877.08,62432.397,27145.8457,,8145.0622,,23863.23,66.0137,,,,1023.913,52144.4698,,,,,
2012-12-14,,,885.51,62839.5335,27145.3361,,8189.8016,,23860.11,66.6229,,,,1023.111,52521.2738,,,,,
2012-12-17,,,890.96,63231.6924,27161.2454,,8210.1918,,23854.58,67.0077,,,,1021.234,52705.9525,,,,,
2012-12-18,,,892.66,63183.628,27167.7903,,8254.8684,,23849.42,67.4951,,,,1020.824,53044.1853,,,,,
2012-12-19,,,897.22,63686.2662,27169.2226,,8264.5262,,23845.23,67.1206,,,,1020.551,53179.1636,,,,,
2012-12-20,,,897.57,63838.2355,27186.3817,,8259.546,,23851.88,67.2597,,,,1020.622,53230.6763,,,,,
2012-12-21,,,896.36,63724.0226,27184.7731,,8275.8947,,23863.42,66.8638,,,,1021.386,53113.081,,,,,
2012-12-24,,,898.63,63881.3371,27192.9398,,8306.8976,,23872.63,66.7889,,,,1022.652,53160.6227,,,,,
2012-12-25,,,898.52,63879.6131,27193.9283,,8306.5297,,23872.48,66.7889,,,,1022.649,53158.2075,,,,,
2012-12-26,,,898.36,63906.4098,27191.0009,,8314.2618,,23865.5,66.8531,,,,1022.601,53274.1627,,,,,
2012-12-27,,,899.4,63883.8225,27190.05,,8323.0371,,23870.29,66.9193,,,,1023.212,53187.1175,,,,,
2012-12-28,,,899.7,64134.2202,27191.4851,,8355.6756,,23873.36,66.8979,,,,1023.17,52935.3745,,,,,
2012-12-31,,,899.36,64098.6978,27189.7217,,8353.7899,,23872.48,67.69,,,,1023.154,52973.6296,,,,,
2013-01-01,,,899.25,64096.9635,27190.336,,8353.6462,,23872.48,67.69,,,,1023.149,52970.7414,,,,,
2013-01-02,,,907.8,64874.4159,27207.4601,,8385.9254,,23831.4,68.5998,,,,1019.827,53503.7542,,,,,
2013-01-03,,,910.68,65000.0611,27224.0977,,8394.1272,,23827.72,68.5677,,,,1020.346,53718.4425,,,,,
2013-01-04,,,917.0,65867.1986,27241.2422,,8470.2051,,23785.77,69.2634,,,,1019.01,54148.5351,,,,,
2013-01-07,,,920.71,65860.8598,27273.7207,,8518.8453,,23783.15,69.7772,,,,1017.637,54420.306,,,,,
2013-01-08,,,922.03,66202.3091,27279.1207,,8552.8496,,23781.97,69.3169,,,,1016.854,54609.9301,,,,,
2013-01-09,,,923.99,66177.4589,27290.0012,,8568.2261,,23790.18,69.8093,,,,1017.235,54910.3757,,,,,
2013-01-10,,,926.64,66505.7761,27293.7117,,8578.5596,,23815.34,70.4301,,,,1017.181,55407.7755,,,,,
2013-01-11,,,923.9,66690.7545,27304.4133,,8533.9617,,23825.26,69.8949,,,,1018.487,55431.7365,,,,,
2013-01-14,,,920.68,67198.8423,27314.8172,,8550.2942,,23842.41,70.0234,,,,1018.445,55453.3815,,,,,
2013-01-15,,,923.5,66895.0745,27334.0367,,8536.2572,,23855.93,69.8307,,,,1018.544,55437.5073,,,,,
2013-01-16,,,925.8,66616.407,27347.4558,,8553.2704,,23852.32,70.002,,,,1019.174,55482.8543,,,,,
2013-01-17,,,930.0,66679.3219,27357.9515,,8576.4021,,23852.75,70.6121,,,,1019.507,55726.8564,,,,,
2013-01-18,,,935.06,66869.712,27364.2002,,8613.9869,,23854.56,71.5861,,,,1019.715,55985.9468,,,,,
2013-01-21,,,935.55,67081.1856,27381.8107,,8637.1601,,23874.53,71.5861,,,,1020.033,56053.3106,,,,,
2013-01-22,,,935.42,67318.9269,27384.5503,,8654.3024,,23869.88,71.6926,,,,1020.835,56078.0048,,,,,
2013-01-23,,,936.21,67603.5647,27389.8002,,8684.9144,,23875.45,71.3934,,,,1021.315,56067.0606,,,,,
2013-01-24,,,929.16,67693.1763,27393.7586,,8665.568,,23871.6,71.0723,,,,1021.192,55692.6793,,,,,
2013-01-25,,,931.87,67997.128,27393.2522,,8680.7647,,23873.66,70.9011,,,,1021.233,55768.7108,,,,,
2013-01-28,,,932.61,67948.1359,27391.8224,,8697.0459,,23868.99,70.8047,,,,1020.259,55783.8452,,,,,
2013-01-29,,,932.3,68041.585,27393.1422,,8685.7114,,23876.09,71.2008,,,,1020.51,55675.8229,,,,,
2013-01-30,,,937.41,68227.237,27393.645,,8713.0474,,23881.18,71.4041,,,,1020.47,55823.7657,,,,,
2013-01-31,,,943.13,68508.4816,27372.0191,,8773.4786,,23875.6,71.6503,,,,1021.106,55998.2662,,,,,
2013-02-01,,,946.64,69041.2411,27357.1348,,8842.5028,,23867.36,71.8858,,,,1020.448,56240.5036,,,,,
2013-02-04,,,943.84,69272.9199,27360.4361,,8870.1344,,23879.78,71.6075,,,,1020.537,56070.4005,,,,,
2013-02-05,,,943.97,69353.6356,27359.0779,,8897.5938,,23886.42,71.9286,,,,1022.147,56120.7048,,,,,
2013-02-06,,,945.6,69600.1036,27366.9302,,8920.3284,,23905.48,72.1213,,,,1022.892,56202.9403,,,,,
2013-02-07,,,943.91,69282.1332,27366.9064,,8933.1111,,23902.59,72.0464,,,,1022.526,56227.2909,,,,,
2013-02-08,,,943.18,69131.977,27383.1869,,8952.4784,,23920.75,72.2594,,,,1023.974,56290.6955,,,,,
2013-02-11,,,941.23,69108.8799,27392.6374,,8938.907,,23931.69,72.2497,,,,1024.439,56222.7436,,,,,
2013-02-12,,,940.53,69511.9939,27400.3661,,8989.7536,,23941.68,72.239,,,,1024.899,56203.3865,,,,,
2013-02-13,,,940.45,69642.0802,27412.2524,,9027.375,,23957.08,72.5815,,,,1025.453,56444.4984,,,,,
2013-02-14,,,939.66,69687.0338,27420.568,,9080.5228,,23976.92,72.3247,,,,1026.054,56358.2212,,,,,
2013-02-15,,,940.13,69329.4482,27435.63,,9086.6738,,23998.04,72.2069,,,,1026.353,56265.2859,,,,,
2013-02-18,,,939.19,69039.1262,27460.4248,,9068.6107,,24020.32,72.2069,,,,1026.721,56157.8751,,,,,
2013-02-19,,,940.53,69148.2519,27473.5519,,9088.2598,,24049.85,72.0357,,,,1027.317,56203.0718,,,,,
2013-02-20,,,933.5,68958.8301,27479.9029,,9051.4237,,24058.78,70.8154,,,,1028.426,55652.7847,,,,,
2013-02-21,,,922.38,68752.9661,27477.1649,,8966.5952,,24064.81,70.2803,,,,1028.928,55057.8085,,,,,
2013-02-22,,,930.33,69164.1051,27489.9933,,9001.6417,,24078.64,70.6014,,,,1029.736,55537.6215,,,,,
2013-02-25,,,934.9,69414.791,27498.4634,,9040.5742,,24091.98,69.7237,,,,1030.235,55624.0363,,,,,
2013-02-26,,,929.52,69491.7199,27496.3985,,9048.1223,,24104.51,70.0769,,,,1030.891,55084.2147,,,,,
2013-02-27,,,933.09,69804.2588,27518.0205,,9065.1172,,24107.81,70.5157,,,,1031.287,55594.8631,,,,,
2013-02-28,,,938.14,70398.0296,27531.391,,9097.7154,,24127.24,70.7405,,,,1031.842,55991.7547,,,,,
2013-03-01,,,942.33,71019.843,27535.6564,,9118.127,,24132.74,71.0295,,,,1032.019,56339.5066,,,,,
2013-03-04,,,942.07,70975.7062,27554.7063,,9129.4097,,24150.04,71.2222,,,,1033.042,56502.0045,,,,,
2013-03-05,,,947.61,71417.1579,27577.0086,,9172.2517,,24181.04,71.4148,,,,1033.403,56812.8455,,,,,
2013-03-06,,,940.28,71240.1667,27585.6607,,9183.0584,,24190.05,70.6656,,,,1034.669,56334.1306,,,,,
2013-03-07,,,934.04,70947.3554,27586.7647,,9148.4858,,24196.91,70.6656,,,,1034.536,56218.1858,,,,,
2013-03-08,,,935.46,70817.8328,27581.3276,,9139.2669,,24184.87,71.2329,,,,1034.031,56390.9379,,,,,
2013-03-11,,,939.59,71199.085,27588.8174,,9160.4999,,24195.19,71.0402,,,,1035.158,56708.4959,,,,,
2013-03-12,,,938.95,71453.0293,27592.5919,,9140.521,,24181.73,70.6228,,,,1035.36,56604.8863,,,,,
2013-03-13,,,935.33,71354.4322,27603.2185,,9101.1203,,24179.34,70.2053,,,,1035.112,56449.5745,,,,,
2013-03-14,,,931.72,71108.1311,27610.0232,,9089.3618,,24211.96,69.6166,,,,1035.507,56245.7177,,,,,
2013-03-15,,,922.19,70792.7992,27610.0921,,9042.6733,,24215.56,68.9744,,,,1036.279,55798.1666,,,,,
2013-03-18,,,916.79,70411.8385,27607.8067,,9003.2125,,24228.4,68.8353,,,,1036.29,55357.1754,,,,,
2013-03-19,,,922.27,70453.7183,27605.7986,,9004.9762,,24231.29,68.8674,,,,1036.578,55526.755,,,,,
2013-03-20,,,923.93,70587.1734,27624.6323,,9026.3095,,24235.25,69.531,,,,1036.846,55659.2632,,,,,
2013-03-21,,,924.96,70605.15,27621.04,,9015.4793,,24242.68,69.2634,,,,1037.08,55776.8983,,,,,
2013-03-22,,,924.8,70352.2027,27622.1552,,8985.0051,,24245.05,69.424,,,,1036.927,56004.5183,,,,,
2013-03-25,,,920.53,70492.3668,27620.7863,,8948.6638,,24253.32,68.9209,,,,1037.76,55712.3149,,,,,
2013-03-26,,,918.78,70366.6963,27622.0104,,8934.5855,,24259.27,69.6166,,,,1038.307,55815.1178,,,,,
2013-03-27,,,912.68,69964.1948,27611.2726,,8919.0671,,24254.35,69.2741,,,,1037.577,55566.6601,,,,,
2013-03-28,,,911.79,70226.6842,27614.1038,,8937.031,,24263.24,69.4775,,,,1037.921,55711.9555,,,,,
2013-03-29,,,911.67,70224.8721,27616.433,,8936.6497,,24263.24,69.4775,,,,1038.058,55708.8669,,,,,
2013-04-01,,,909.04,70099.0485,27624.4695,,8939.7195,,24277.03,68.8674,,,,1038.05,55578.3907,,,,,
2013-04-02,,,906.57,69844.8506,27626.7936,,8901.9969,,24283.28,68.5677,,,,1038.526,55653.9344,,,,,
2013-04-03,,,898.45,69352.9507,27623.5761,,8865.8165,,24289.91,67.7114,,,,1039.171,55274.6668,,,,,
2013-04-04,,,892.75,68825.0436,27628.7887,,8795.8076,,24297.5,67.7114,,,,1038.855,54993.6106,,,,,
2013-04-05,,,880.76,68781.4189,27627.3043,,8741.2008,,24305.46,67.1441,,,,1040.063,54432.0931,,,,,
2013-04-08,,,883.28,68657.1184,27656.795,,8723.3541,,24331.86,67.8826,,,,1041.51,54557.2321,,,,,
2013-04-09,,,889.78,68805.1954,27673.6568,,8746.0269,,24336.72,68.2466,,,,1042.388,55127.8123,,,,,
2013-04-10,,,896.09,68394.2352,27683.3315,,8775.6381,,24333.15,68.1074,,,,1043.002,55575.6011,,,,,
2013-04-11,,,893.94,68282.9971,27702.7,,8742.3723,,24338.52,67.7756,,,,1043.711,55304.4332,,,,,
2013-04-12,,,889.22,68320.8105,27717.0408,,8698.0646,,24352.24,67.5401,,,,1045.64,55088.2791,,,,,
2013-04-15,,,873.31,67710.6498,27735.5146,,8628.324,,24387.19,65.3673,,,,1048.263,54212.8058,,,,,
2013-04-16,,,874.24,67740.9595,27704.51,,8635.891,,24379.06,66.2129,,,,1047.807,54384.387,,,,,
2013-04-17,,,865.7,67001.4961,27705.4174,,8579.4843,,24372.5,65.3994,,,,1048.659,53751.1561,,,,,
2013-04-18,,,872.24,66929.5519,27679.7335,,8599.6067,,24367.21,65.8917,,,,1049.084,54053.0071,,,,,
2013-04-19,,,877.98,67047.4268,27657.286,,8624.062,,24362.6,66.2343,,,,1047.339,54710.1466,,,,,
2013-04-22,,,878.23,67038.8074,27665.5336,,8607.7059,,24366.97,65.9453,,,,1046.923,54842.1957,,,,,
2013-04-23,,,877.88,66968.1956,27676.837,,8630.3983,,24364.79,66.6731,,,,1047.672,54892.742,,,,,
2013-04-24,,,878.49,67093.1281,27682.5413,,8639.6079,,24366.05,66.8968,,,,1047.615,55030.5433,,,,,
2013-04-25,,,873.9,66950.5498,27688.5457,,8638.9087,,24384.82,67.3689,,,,1048.026,55276.587,,,,,
2013-04-26,,,872.0,67079.1782,27690.0445,,8640.7623,,24389.46,66.7159,,,,1048.749,55013.0269,,,,,
2013-04-29,,,868.86,66744.949,27709.7636,,8606.6665,,24406.05,66.6303,,,,1049.07,54580.9888,,,,,
2013-04-30,,,872.42,66898.5335,27708.951,,8606.1148,,24413.02,67.1548,,,,1049.656,54663.7521,,,,,
2013-05-01,,,872.31,66897.0422,27712.2206,,8629.0214,,24413.02,66.4697,,,,1049.878,54696.0194,,,,,
2013-05-02,,,876.2,66973.4688,27743.7195,,8645.981,,24433.63,67.1013,,,,1050.594,55150.5197,,,,,
2013-05-03,,,878.93,67072.2206,27764.3194,,8327.95,,24442.42,67.8826,,,,1050.741,55482.0115,,,,,
2013-05-06,,,878.62,67525.809,27775.4934,,8691.455,,24463.11,67.9469,,,,1051.737,55443.3048,,,,,
2013-05-07,,,881.69,67850.3919,27779.5033,,8737.9781,,24462.96,67.9361,,,,1051.102,55516.0284,,,,,
2013-05-08,,,882.67,67913.0016,27776.4014,,8746.5402,,24410.57,68.0967,,,,1049.989,55671.564,,,,,
2013-05-09,,,884.1,68290.2364,27789.057,,8762.1922,,24427.6444,67.8291,,,,1052.123,55496.2098,,,,,
2013-05-10,,,880.85,68348.8902,27788.7563,,8732.9107,,24427.6444,67.219,,,,1052.075,55144.4705,,,,,
2013-05-13,,,873.75,68245.8942,27802.4949,,8716.0324,,24437.144,66.2664,,,,1052.196,54666.9324,,,,,
2013-05-14,,,872.4,67848.9248,27817.6895,,8707.4982,,24438.977,66.2022,,,,1051.098,54539.8368,,,,,
2013-05-15,,,868.97,67927.2676,27843.4336,,8679.1137,,24472.8131,65.9774,,,,1052.454,54306.9947,,,,,
2013-05-16,,,866.95,68088.3752,27852.5734,,8683.5449,,24482.4849,65.1211,,,,1053.219,54050.9794,,,,,
2013-05-17,,,861.25,67623.6792,27838.6255,,8617.7279,,24502.7197,64.8321,,,,1053.581,53745.7607,,,,,
2013-05-20,,,861.94,67754.9494,27843.1467,,8655.0299,,24490.6578,64.2755,,,,1054.155,53686.6305,,,,,
2013-05-21,,,861.83,67753.5224,27843.9884,,8653.9104,,24490.04,64.0186,,,,1054.132,53740.8132,,,,,
2013-05-22,,,859.17,67545.5536,27794.7646,,8659.9688,,24488.7842,64.0293,,,,1053.849,53659.2083,,,,,
2013-05-23,,,856.59,67372.9679,27760.2203,,8625.8152,,24488.7842,63.7403,,,,1053.513,53516.8291,,,,,
2013-05-24,,,854.03,67453.9187,27751.8547,,8556.7955,,24480.2264,62.7984,,,,1052.45,53189.9285,,,,,
2013-05-27,,,851.44,66994.0273,27747.6048,,8502.1983,,24485.1484,62.7984,,,,1052.671,53063.7787,,,,,
2013-05-28,,,844.92,66907.5931,27752.8276,,8454.3571,,24478.9605,61.6959,,,,1051.275,52843.0389,,,,,
2013-05-29,,,839.05,66425.6279,27729.9936,,8391.8719,,24478.0592,61.4497,,,,1051.377,52372.7086,,,,,
2013-05-30,,,843.16,66280.7539,27693.3004,,8396.9611,,24477.2591,60.9467,,,,1048.622,52556.0911,,,,,
2013-05-31,,,847.4,66627.5151,27690.4273,,8423.835,,24495.1949,61.2678,,,,1049.452,52867.7077,,,,,
2013-06-03,,,843.37,66689.8709,27698.454,,8430.1097,,24507.8543,61.0109,,,,1051.092,52981.0276,,,,,
2013-06-04,,,842.98,66315.7505,27692.1539,,8425.5173,,24509.5861,61.0858,,,,1051.802,53127.1104,,,,,
2013-06-05,,,844.32,65930.0046,27677.7391,,8398.041,,24508.4012,60.4543,,,,1052.086,53116.5046,,,,,
2013-06-06,,,843.52,66182.2501,27675.5254,,8374.6867,,24540.9106,60.4329,,,,1052.389,52898.6883,,,,,
2013-06-07,,,832.46,65892.5767,27667.7737,,8359.4599,,24547.696,60.2188,,,,1052.587,52184.6892,,,,,
2013-06-10,,,817.26,65647.3554,27642.7011,,8260.3704,,24545.6502,58.3671,,,,1051.497,51313.7397,,,,,
2013-06-11,,,809.05,65120.6818,27613.6704,,8165.721,,24540.3941,57.682,,,,1051.083,50476.7237,,,,,
2013-06-12,,,802.2,64818.9766,27622.0436,,8112.1146,,24539.5839,57.5001,,,,1051.721,49715.3735,,,,,
2013-06-13,,,806.31,65245.9945,27647.659,,8145.7858,,24553.0332,59.5766,,,,1052.696,49958.3186,,,,,
2013-06-14,,,810.13,65049.7935,27662.1996,,8158.7637,,24562.786,59.2341,,,,1052.519,50297.6292,,,,,
2013-06-17,,,809.65,64824.2144,27673.9111,,8154.2338,,24563.819,59.2448,,,,1052.189,50306.8862,,,,,
2013-06-18,,,811.15,65048.0393,27662.6073,,8178.9311,,24556.274,58.6347,,,,1051.8,50203.5856,,,,,
2013-06-19,,,807.96,64933.1512,27666.2965,,8168.3202,,24563.7684,57.179,,,,1052.214,50024.0775,,,,,
2013-06-20,,,786.66,63814.758,27603.8849,,8024.8027,,24536.0595,53.6789,,,,1049.799,48666.0864,,,,,
2013-06-21,,,784.25,63536.949,27571.6896,,7995.5607,,24544.4147,54.7278,,,,1050.795,48361.6803,,,,,
2013-06-24,,,769.51,62431.6872,27589.4581,,7876.7182,,24555.5752,53.9358,,,,1052.369,47197.9905,,,,,
2013-06-25,,,780.15,62856.0474,27532.875,,7977.3752,,24559.5249,55.6698,,,,1051.043,47772.2237,,,,,
2013-06-26,,,792.14,63525.7534,27536.9993,,8028.9618,,24570.8171,57.0923,,,,1051.122,48512.8809,,,,,
2013-06-27,,,806.32,63815.1454,27563.2682,,8067.1764,,24590.6873,57.9881,,,,1051.967,49619.646,,,,,
2013-06-28,,,818.81,63600.0438,27576.8069,,8064.9868,,24583.0512,58.248,,,,1051.804,50200.471,,,,,
2013-07-01,,,809.72,63744.4893,27591.8455,,8031.4793,,24602.972,57.5657,,,,1052.661,49782.0623,,,,,
2013-07-02,,,790.06,62917.162,27583.5146,,7895.6971,,24601.9795,56.3421,,,,1052.627,48521.6606,,,,,
2013-07-03,,,784.5,62240.363,27589.887,,7785.0922,,24611.5196,56.158,,,,1052.127,48085.6597,,,,,
2013-07-04,,,784.66,62300.8153,27594.9426,,7803.6983,,24620.2496,56.158,,,,1053.722,48184.2776,,,,,
2013-07-05,,,776.54,61989.3225,27571.1398,,7734.3821,,24627.5515,54.8802,,,,1054.138,47686.6412,,,,,
2013-07-08,,,775.55,61738.138,27575.1296,,7700.2568,,24647.7964,54.956,,,,1052.587,47751.0915,,,,,
2013-07-09,,,767.62,61072.3523,27578.6401,,7614.4314,,24650.8955,54.8152,,,,1053.099,47138.4141,,,,,
2013-07-10,,,766.47,60774.7289,27569.6721,,7552.9255,,24657.1441,53.9165,,,,1054.139,46851.8151,,,,,
2013-07-11,,,766.11,60511.2892,27535.3572,,7539.6668,,24662.8864,54.6636,,,,1054.571,46738.8126,,,,,
2013-07-12,,,762.04,60086.0988,27534.1704,,7506.5261,,24671.4442,54.1222,,,,1055.235,46467.2569,,,,,
2013-07-15,,,768.84,60245.6476,27554.2213,,7541.5813,,24671.4442,55.4541,,,,1056.164,46844.1279,,,,,
2013-07-16,,,768.75,60244.0963,27559.5238,,7540.6877,,24671.4442,55.7357,,,,1056.435,46931.5616,,,,,
2013-07-17,,,778.7,60750.1762,27552.2103,,7597.6776,,24685.5316,57.099,,,,1054.841,47496.0592,,,,,
2013-07-18,,,795.61,61626.8878,27505.3436,,7711.129,,24658.3696,57.4358,,,,1051.952,48088.6574,,,,,
2013-07-19,,,789.93,61466.6783,27469.3507,,7662.2686,,24663.1194,55.9089,,,,1053.277,47723.0566,,,,,
2013-07-22,,,785.9,60942.4131,27469.2554,,7663.0708,,24674.9382,55.9847,,,,1054.116,47701.799,,,,,
2013-07-23,,,789.44,61160.912,27456.0817,,7642.8309,,24673.3482,56.2988,,,,1053.747,47832.0687,,,,,
2013-07-24,,,791.91,60935.5829,27473.2458,,7658.4332,,24657.8632,55.6491,,,,1054.42,47972.6565,,,,,
2013-07-25,,,790.48,60735.7795,27491.8861,,7644.3424,,24662.2484,55.844,,,,1055.469,47734.0551,,,,,
2013-07-26,,,781.55,60442.9875,27501.7201,,7599.1998,,24673.2266,55.021,,,,1056.353,47220.4817,,,,,
2013-07-29,,,774.98,59886.688,27535.5494,,7554.2702,,24692.0638,54.3604,,,,1057.694,46952.7536,,,,,
2013-07-30,,,765.84,59523.259,27573.6611,,7492.5172,,24667.0083,52.8985,,,,1058.408,45893.4113,,,,,
2013-07-31,,,759.23,59289.9359,27565.0102,,7472.2133,,24683.901,52.6603,,,,1058.136,45381.2158,,,,,
2013-08-01,,,774.28,59647.0598,27566.6319,,7521.9431,,24675.8699,54.0031,,,,1057.699,45774.0427,,,,,
2013-08-02,,,785.67,59974.167,27589.3032,,7541.5099,,24697.7656,54.3821,,,,1058.151,46223.9275,,,,,
2013-08-05,,,777.14,59564.2928,27583.0516,,7493.1101,,24698.7277,53.4833,,,,1058.913,45757.5313,,,,,
2013-08-06,,,767.56,59341.3889,27597.9656,,7453.1352,,24713.3823,52.4329,,,,1056.245,45251.1812,,,,,
2013-08-07,,,754.74,58997.7926,27621.8312,,7390.1556,,24715.9749,51.7182,,,,1056.047,44692.9981,,,,,
2013-08-08,,,762.13,59019.3823,27613.8582,,7409.5174,,24721.5754,53.7865,,,,1056.447,45156.1945,,,,,
2013-08-09,,,772.17,58860.0121,27596.4188,,7422.3099,,24699.7405,54.5878,,,,1055.637,45718.1414,,,,,
2013-08-12,,,781.13,58893.2187,27603.2325,,7438.5241,,24710.1313,54.8477,,,,1057.004,46071.8093,,,,,
2013-08-13,,,781.72,58775.4775,27606.6276,,7443.1858,,24702.5357,54.0356,,,,1055.735,46126.1699,,,,,
2013-08-14,,,780.28,58617.6522,27603.6757,,7423.6101,,24706.3335,53.9165,,,,1056.27,46038.9383,,,,,
2013-08-15,,,780.18,58616.1726,27606.5044,,7424.377,,24706.3335,53.505,,,,1056.49,45994.5902,,,,,
2013-08-16,,,773.9,58014.7036,27618.7286,,7385.6208,,24716.1876,52.7361,,,,1057.801,45708.2146,,,,,
2013-08-19,,,765.99,57756.2756,27647.9061,,7336.6668,,24729.2723,51.6316,,,,1058.633,45402.0415,,,,,
2013-08-20,,,764.16,57711.1615,27632.2981,,7294.3664,,24730.9434,51.7615,,,,1059.316,45209.2002,,,,,
2013-08-21,,,752.64,57203.9379,27623.6826,,7238.8019,,24712.967,50.5704,,,,1058.685,44315.9075,,,,,
2013-08-22,,,753.06,56878.6682,27607.277,,7196.9956,,24717.8991,51.0901,,,,1059.686,44280.1449,,,,,
2013-08-23,,,760.03,57123.8241,27587.2787,,7225.4657,,24717.3624,51.9673,,,,1059.242,44612.8283,,,,,
2013-08-26,,,767.97,57355.0503,27580.465,,7254.6063,,24710.7086,51.3825,,,,1058.493,44934.413,,,,,
2013-08-27,,,754.21,56815.7413,27591.3139,,7198.4924,,24726.9126,49.8773,,,,1058.711,44052.3433,,,,,
2013-08-28,,,751.83,56228.7699,27591.1648,,7131.355,,24672.6089,49.7474,,,,1059.95,43666.2281,,,,,
2013-08-29,,,754.1,55891.58,27579.9228,,7114.4241,,24666.7957,50.3971,,,,1061.1,43630.47,,,,,
2013-08-30,,,759.95,55784.7482,27560.3436,,7120.841,,24666.7146,51.2634,,,,1061.31,43963.1746,,,,,
2013-09-02,,,767.46,56164.3833,27557.4016,,7151.2388,,24654.1059,51.2634,,,,1061.578,44456.5801,,,,,
2013-09-03,,,761.56,56315.4091,27559.4878,,7151.1722,,24646.0849,51.1551,,,,1062.076,44347.5569,,,,,
2013-09-04,,,761.64,56893.7932,27568.0736,,7173.8117,,24643.1276,51.7615,,,,1062.407,44871.0924,,,,,
2013-09-05,,,767.49,57374.4122,27586.6412,,7209.964,,24645.0519,53.1909,,,,1060.544,45680.6855,,,,,
2013-09-06,,,783.09,58354.2505,27607.3643,,7293.4779,,24658.3898,54.8802,,,,1060.7,46841.6544,,,,,
2013-09-09,,,795.02,60500.8181,27602.1822,,7522.9568,,24671.3125,56.2663,,,,1061.954,47961.8786,,,,,
2013-09-10,,,797.15,60940.0523,27615.3911,,7547.1526,,24669.5301,56.0281,,,,1061.573,48465.8109,,,,,
2013-09-11,,,794.23,60252.708,27643.7917,,7521.9507,,24682.8579,55.779,,,,1062.195,48293.3154,,,,,
2013-09-12,,,791.82,59698.451,27639.2084,,7533.5015,,24683.2124,54.642,,,,1062.45,48122.6931,,,,,
2013-09-13,,,783.51,59201.7043,27620.1204,,7497.4892,,24690.2611,54.0789,,,,1062.626,47674.9514,,,,,
2013-09-16,,,786.94,59023.0477,27624.0283,,7493.4342,,24695.0616,54.956,,,,1062.104,47864.4887,,,,,
2013-09-17,,,786.13,58960.5243,27615.2766,,7505.3587,,24699.5076,54.891,,,,1062.523,47785.2528,,,,,
2013-09-18,,,786.03,58958.9658,27617.3728,,7505.6819,,24703.437,57.804,,,,1062.701,47555.7612,,,,,
2013-09-19,,,785.93,58957.407,27620.6938,,7503.4545,,24707.3564,58.0747,,,,1062.886,47630.4467,,,,,
2013-09-20,,,785.83,58955.8483,27623.2065,,7502.9227,,24711.377,56.7536,,,,1063.074,47718.8164,,,,,
2013-09-23,,,797.94,59238.1943,27693.6348,,7528.4015,,24738.3669,57.8256,,,,1065.488,48597.7167,,,,,
2013-09-24,,,796.63,59905.1436,27711.6321,,7557.7257,,24763.1692,56.6994,,,,1064.472,48787.629,,,,,
2013-09-25,,,790.99,60104.013,27736.6088,,7558.7529,,24766.5518,55.9739,,,,1065.039,48621.6044,,,,,
2013-09-26,,,796.64,60395.6746,27730.5144,,7569.705,,24767.8683,56.3529,,,,1064.704,48961.1586,,,,,
2013-09-27,,,794.8,60431.6016,27734.096,,7581.803,,24779.1605,55.5191,,,,1065.217,48885.4005,,,,,
2013-09-30,,,786.26,59958.2565,27738.8744,,7539.72,,24795.1519,54.3279,,,,1065.917,48418.8917,,,,,
2013-10-01,,,788.64,59904.4139,27728.9757,,7562.8429,,24799.5371,55.2267,,,,1065.488,48596.3115,,,,,
2013-10-02,,,785.83,59664.4449,27740.3056,,7551.8629,,24841.9917,55.6491,,,,1065.826,48353.9048,,,,,
2013-10-03,,,787.13,59910.847,27738.239,,7551.4734,,24850.1342,55.5516,,,,1066.266,48297.8195,,,,,
2013-10-04,,,788.53,60019.4461,27755.6682,,7523.8675,,24857.7602,56.0389,,,,1066.53,48498.6534,,,,,
2013-10-07,,,785.09,60217.3789,27758.0273,,7503.7043,,24870.5412,55.3134,,,,1067.05,48276.7559,,,,,
2013-10-08,,,784.68,60217.3789,27764.8086,,7485.5289,,24875.1796,54.6961,,,,1067.68,48192.0139,,,,,
2013-10-09,,,783.43,59674.4205,27773.4579,,7468.7178,,24901.0452,54.3713,,,,1067.914,48084.8903,,,,,
2013-10-10,,,790.45,59909.6723,27774.9926,,7529.2721,,24901.7542,56.2771,,,,1067.936,48498.0014,,,,,
2013-10-11,,,791.93,60222.8451,27779.0032,,7548.9896,,24891.9811,55.5083,,,,1067.856,48689.5925,,,,,
2013-10-14,,,793.48,60400.995,27795.119,,7570.8592,,24906.4837,56.0606,,,,1067.989,48793.6551,,,,,
2013-10-15,,,793.38,60474.8978,27800.9479,,7612.3475,,24920.4395,55.6599,,,,1068.031,48719.9214,,,,,
2013-10-16,,,795.09,60839.4683,27800.3683,,7631.3011,,24923.5689,55.9847,,,,1068.617,48761.9368,,,,,
2013-10-17,,,788.3,60839.4683,27805.8504,,7600.1808,,24933.98,55.9631,,,,1069.367,48301.5368,,,,,
2013-10-18,,,792.73,61046.5005,27876.8402,,7608.5448,,24983.1086,55.7898,,,,1070.517,48539.1694,,,,,
2013-10-21,,,796.62,61548.3037,27915.2098,,7657.5994,,25012.5391,55.7573,,,,1071.65,49003.8011,,,,,
2013-10-22,,,802.55,61524.501,27929.1012,,7630.2208,,25038.9922,56.7103,,,,1072.31,49020.0744,,,,,
2013-10-23,,,804.51,61752.3577,27948.0444,,7636.3934,,25050.0515,55.9414,,,,1072.948,49143.8551,,,,,
2013-10-24,,,804.85,61751.074,27958.3817,,7638.9943,,25049.9603,56.0172,,,,1073.142,49108.6654,,,,,
2013-10-25,,,799.67,61881.4155,27979.6314,,7619.1011,,25070.6306,55.9089,,,,1073.788,48832.6307,,,,,
2013-10-28,,,795.26,61743.9416,27985.4446,,7614.8533,,25091.1996,55.465,,,,1074.928,48834.2084,,,,,
2013-10-29,,,791.96,61413.6584,28005.9554,,7589.78,,25084.1914,54.9777,,,,1074.19,48495.4663,,,,,
2013-10-30,,,798.56,61376.3432,28016.692,,7587.7258,,25097.4685,55.3025,,,,1074.892,48817.6652,,,,,
2013-10-31,,,798.46,61374.6802,28020.2426,,7590.0553,,25103.0083,54.1763,,,,1075.136,48900.9977,,,,,
2013-11-01,,,798.36,61373.0172,28023.1172,,7588.0254,,25108.8823,54.1655,,,,1075.391,48857.8893,,,,,
2013-11-04,,,797.48,61148.9661,28030.1991,,7587.653,,25121.5113,55.2701,,,,1075.964,48997.2506,,,,,
2013-11-05,,,798.1,60759.696,28053.6712,,7632.7722,,25132.4895,54.2955,,,,1077.057,49358.4306,,,,,
2013-11-06,,,795.67,60456.669,28074.0973,,7626.9818,,25146.0908,54.3063,,,,1076.475,49306.8325,,,,,
2013-11-07,,,793.45,59820.696,28107.2346,,7600.4267,,25158.3856,53.6457,,,,1077.301,49330.2868,,,,,
2013-11-08,,,785.0,59903.9808,28125.0254,,7578.9376,,25197.6601,52.6062,,,,1077.405,48653.1595,,,,,
2013-11-11,,,775.47,59671.5571,28122.0487,,7525.9401,,25201.0934,51.8806,,,,1078.109,48084.1933,,,8093.35,,
2013-11-12,,,774.45,59717.2304,28117.646,,7527.7442,,25188.0795,51.9131,,,,1077.608,47911.8468,,,8093.35,,
2013-11-13,,,759.79,58997.6022,28132.5722,,7435.9996,,25171.5716,51.859,,,,1077.06,47196.5298,,,8110.0,,
2013-11-14,,,755.98,58629.6157,28154.1986,,7405.8082,,25200.6275,52.6278,,,,1077.386,47176.5255,,,8110.0,,
2013-11-15,,,764.5,58786.1064,28181.7112,,7467.8456,,25216.072,53.0393,,,,1077.892,47746.9578,,,8110.0,,
2013-11-18,,,769.47,58740.6517,28178.5179,,7508.0406,,25230.6657,53.6024,,,,1078.236,48372.8188,,,8110.0,,
2013-11-19,,,767.45,58755.8564,28198.9233,,7479.7629,,25236.4181,52.5953,,,,1078.537,48159.3245,,,8110.0,,
2013-11-20,,,763.94,58795.3393,28229.0357,,7464.4283,,25252.8247,51.9781,,,,1079.222,47571.8166,,,8110.0,,
2013-11-21,,,754.66,58338.9014,28219.9443,,7458.5633,,25266.8007,51.2093,,,,1079.974,47003.0967,,,8110.0,,
2013-11-22,,,751.16,58546.9304,28188.2151,,7421.5596,,25252.5715,51.4475,,,,1079.19,46739.3772,,,8110.0,,
2013-11-25,,,751.94,58754.2468,28153.6657,,7459.3369,,25257.7062,50.9061,,,,1078.311,46785.3038,,,8276.0,,
2013-11-26,,,743.2,58325.0047,28134.9874,,7395.8231,,25261.5141,50.7978,,,,1079.376,46148.3439,,,8276.0,,
2013-11-27,,,746.78,58212.9448,28132.6041,,7409.757,,25250.6574,50.8519,,,,1079.11,46461.7407,,,8276.0,,
2013-11-28,,,754.01,58477.8019,28125.703,,7507.2485,,25243.4568,50.8519,,,,1078.475,47105.66,,,8276.0,,
2013-11-29,,,760.43,58786.3676,28117.1175,,7546.8112,,25253.6957,51.4258,,,,1079.411,47849.4328,,,8276.0,,
2013-12-02,,,769.02,60663.0452,28126.005,,7583.9783,,25271.1252,50.1156,,,,1079.776,48174.8711,,,8276.0,,
2013-12-03,,,759.99,59885.4537,28112.275,,7511.6353,,25260.3495,49.8882,,,,1079.927,47563.0483,,,8276.0,,
2013-12-04,,,759.43,59835.4009,28110.2996,,7536.6668,,25273.8596,49.9098,,,,1080.605,47539.4219,,,8276.0,,
2013-12-05,,,763.85,59608.8686,28125.9411,,7537.1693,,25265.9399,50.343,,,,1080.989,47681.6218,,,8276.0,,
2013-12-06,,,762.16,59681.1319,28130.6995,,7527.6055,,25287.6533,50.6245,,,,1081.355,47807.3111,,,8080.0,,
2013-12-09,,,758.37,59742.2095,28128.4887,,7518.4366,,25300.3735,50.2563,,,,1082.407,47710.8081,,,8080.0,,
2013-12-10,,,759.43,59607.0788,28141.8044,,7519.2762,,25298.6113,50.0722,,,,1081.613,47734.8523,,,8080.0,,
2013-12-11,,,757.59,59240.33,28152.0331,,7501.7235,,25301.771,49.455,,,,1081.385,47577.7018,,,8080.0,,
2013-12-12,,,751.23,59152.4764,28134.1124,,7501.2323,,25287.0254,49.3684,,,,1081.601,47381.489,,,8080.0,,
2013-12-13,,,749.27,59227.0114,28137.8751,,7475.7033,,25292.8487,49.6391,,,,1081.465,47253.9309,,,8080.0,,
2013-12-16,,,747.59,59181.8291,28141.1263,,7477.6192,,25292.8487,50.5487,,,,1081.085,47434.8734,,,8080.0,,
2013-12-17,,,749.99,59298.9085,28138.0316,,7473.4367,,25292.8487,50.1914,,,,1081.402,47745.6533,,,8080.0,,
2013-12-18,,,749.62,59616.2367,28150.3045,,7482.7119,,25313.8025,50.6089,,,,1081.648,47606.1381,,,8200.0,,
2013-12-19,,,750.69,59895.5005,28140.2064,,7589.3305,,25327.3532,49.9588,,,,1082.732,48070.2333,,,8200.0,,
2013-12-20,,,753.03,60018.6415,28140.7073,,7608.0177,,25328.0722,49.5146,,,,1081.847,48105.5711,,,8200.0,,
2013-12-23,,,751.33,60014.7166,28151.0784,,7587.6693,,25346.3929,50.3814,,,,1082.687,48136.26,,,8200.0,,
2013-12-24,,,748.27,59948.7809,28156.8253,,7580.1094,,25351.9327,50.013,,,,1083.304,47868.4777,,,8200.0,,
2013-12-25,,,748.17,59947.1552,28160.196,,7579.6957,,25351.9327,50.013,,,,1083.523,47865.8074,,,8200.0,,
2013-12-26,,,748.87,59840.1569,28151.2403,,7569.4377,,25328.4976,50.0238,,,,1083.546,47603.9018,,,8200.0,,
2013-12-27,,,753.51,59761.2864,28180.1498,,7614.3849,,25357.9991,50.8417,,,,1084.45,48000.6716,,,8338.0,,
2013-12-30,,,757.96,59758.7953,28195.2717,,7636.7552,,25379.6922,50.9501,,,,1084.306,48200.6443,,,8329.0,,
2013-12-31,,,757.87,59757.1744,28197.3451,,7637.7648,,25379.6922,51.503,,,,1084.539,48208.6263,,,8329.0,,
2014-01-01,,,757.77,59755.5537,28199.8302,,7637.443,,25379.6922,51.503,,,,1084.7794,48205.8317,,,8329.0,,
2014-01-02,,,757.67,59706.894,28209.0555,,7659.4924,,25398.2357,49.9419,,,,1084.8937,48220.1793,,,8329.0,,
2014-01-03,,,754.64,59968.1309,28220.0536,,7717.3278,,25411.6749,50.0395,,,,1084.9202,48346.7438,,,8329.0,,
2014-01-06,,,751.99,60188.392,28250.9854,,7731.5507,,25433.3681,49.7468,,,,1085.7648,48277.2434,,,8329.0,,
2014-01-07,,,753.4,60379.8378,28283.8742,,7749.9672,,25447.8504,49.736,,,,1086.4253,48147.021,,,8329.0,,
2014-01-08,,,753.81,60147.5865,28313.3268,,7727.1679,,25480.2686,49.5408,,,,1087.6225,48113.1773,,,8329.0,,
2014-01-09,,,748.98,60160.7391,28323.378,,7711.5466,,25493.5256,49.2915,,,,1088.7045,47996.1546,,,8329.0,,
2014-01-10,,,738.39,59764.4289,28326.9026,,7642.2224,,25500.1287,49.3566,,,,1088.8276,47622.3165,,,8329.0,,
2014-01-13,,,735.0,59458.4,28336.5644,,7637.11,,25527.7667,49.0747,,,,1089.8435,47631.8515,,,8329.0,,
2014-01-14,,,732.44,59173.8219,28336.2719,,7589.4,,25526.1159,49.0097,,,,1089.3293,47587.6885,,,8329.0,,
2014-01-15,,,732.7,59093.7196,28358.3934,,7589.7301,,25526.7641,49.736,,,,1089.1258,47821.9467,,,8329.0,,
2014-01-16,,,736.52,59623.3463,28390.742,,7587.527,,25550.0371,49.324,,,,1089.2533,48194.7647,,,8329.0,,
2014-01-17,,,742.68,60118.285,28413.5241,,7654.3189,,25571.2543,49.3782,,,,1090.971,48724.0157,,,8329.0,,
2014-01-20,,,740.93,59942.9072,28444.1131,,7606.8296,,25593.8893,49.3782,,,,1091.4757,48742.085,,,8329.0,,
2014-01-21,,,741.79,59812.5507,28480.1352,,7584.1251,,25630.0851,48.3484,,,,1093.2605,48665.4107,,,8329.0,,
2014-01-22,,,741.73,59524.4742,28476.1159,,7547.1333,,25628.3735,49.053,,,,1092.8373,48573.0321,,,8329.0,,
2014-01-23,,,740.42,59507.6148,28487.9888,,7542.49,,25616.2914,47.8823,,,,1093.1317,48444.0441,,,8329.0,,
2014-01-24,,,726.59,59260.7565,28515.0517,,7451.7055,,25615.1065,46.0285,,,,1093.0122,47422.9829,,,8329.0,,
2014-01-27,,,717.07,58868.4192,28529.9213,,7380.2624,,25638.4403,45.5516,,,,1094.9693,46647.4596,,,8340.0,,
2014-01-28,,,708.1,58591.8057,28526.9563,,7296.9488,,25645.4789,45.4106,,,,1095.4908,46072.7176,,,8340.0,,
2014-01-29,,,701.28,58235.0647,28519.6819,,7131.5299,,25650.2895,43.958,,,,1095.9243,45196.4493,,,8340.0,,
2014-01-30,,,698.59,57836.4324,28521.4711,,7144.0342,,25656.2647,44.2724,,,,1097.7629,45211.1488,,,8340.0,,
2014-01-31,,,697.12,57667.783,28503.4393,,7126.2309,,25660.812,44.0447,,,,1098.1941,45135.1364,,,8340.0,,
2014-02-03,,,697.74,57844.3231,28514.3204,,7135.7215,,25681.3303,43.1016,,,,1099.7145,45220.021,,,8340.0,,
2014-02-04,,,698.83,57719.5986,28520.4425,,7099.6318,,25697.4027,43.9038,,,,1099.7827,45130.4878,,,8340.0,,
2014-02-05,,,697.33,57516.2417,28587.1474,,7082.9781,,25693.7771,43.7629,,,,1099.5204,45118.247,,,8340.0,,
2014-02-06,,,704.46,57342.5836,28593.3003,,7073.549,,25707.5809,44.8469,,,,1100.2176,45674.6888,,,8340.0,,
2014-02-07,,,713.86,57575.7826,28585.7165,,7112.4762,,25722.7519,45.0312,,,,1100.2405,46388.0583,,,8340.0,,
2014-02-10,,,715.22,57433.1431,28595.6573,,7111.8542,,25744.2324,44.8578,,,,1100.4219,46485.0544,,,8340.0,,
2014-02-11,,,722.33,57210.8385,28587.3445,,7115.3742,,25730.4893,45.9635,,,,1100.5131,47036.3724,,,8340.0,,
2014-02-12,,,730.04,57210.7416,28577.7432,,7180.9448,,25730.9552,46.6898,,,,1100.7548,47392.7019,,,8416.0,,
2014-02-13,,,728.9,57042.8084,28598.0904,,7164.7685,,25739.6851,47.1885,,,,1100.9489,47281.3329,,,8416.0,,
2014-02-14,,,736.81,57147.2072,28606.1686,,7194.922,,25762.2999,48.0449,,,,1101.8597,48154.9141,,,8416.0,,
2014-02-17,,,740.8,57195.5487,28617.0859,,7192.9179,,25776.0227,48.0449,,,,1102.3227,48239.6889,,,8416.0,,
2014-02-18,,,738.88,57161.0594,28629.9891,,7192.226,,25792.8647,47.6004,,,,1102.4006,48166.5001,,,8416.0,,
2014-02-19,,,736.09,57125.4944,28659.022,,7170.1099,,25805.6558,46.5814,,,,1102.3281,48019.6972,,,8416.0,,
2014-02-20,,,736.25,57310.4032,28672.1762,,7190.1446,,25811.5703,46.8307,,,,1102.6344,48244.2141,,,8416.0,,
2014-02-21,,,734.39,57764.783,28668.3479,,7197.0416,,25811.2158,46.8741,,,,1101.9194,48213.952,,,8416.0,,
2014-02-24,,,736.28,57949.7718,28669.7131,,7211.9061,,25804.6127,47.1126,,,,1102.6039,48388.3311,,,8416.0,,
2014-02-25,,,738.1,57916.4779,28670.7659,,7207.2241,,25802.5264,46.5814,,,,1101.9426,48382.8706,,,8416.0,,
2014-02-26,,,746.35,58514.4592,28684.369,,7253.0963,,25825.8298,46.9066,,,,1102.3309,48682.3168,,,8440.0,,
2014-02-27,,,747.97,59233.5482,28697.8255,,7301.4103,,25850.6321,47.3836,,,,1102.5681,48888.4945,,,8440.0,,
2014-02-28,,,755.21,59574.6919,28690.3641,,7360.7654,,25877.0346,47.4703,,,,1102.7703,49131.9052,,,8440.0,,
2014-03-03,,,744.45,59393.8802,28716.4252,,7338.9029,,25890.4232,46.5597,,,,1103.9088,48521.7523,,,8440.0,,
2014-03-04,,,748.06,59193.4953,28715.4516,,7357.1132,,25900.2772,47.3836,,,,1104.9401,48970.6055,,,8440.0,,
2014-03-05,,,750.0,59424.8022,28745.226,,7390.7599,,25916.7446,47.5245,,,,1105.2237,49072.7453,,,8255.0,,
2014-03-06,,,753.57,59719.1186,28755.9757,,7434.3168,,25925.3023,48.24,,,,1105.8311,49223.7812,,,8336.27,,
2014-03-07,,,750.73,59759.144,28799.1762,,7425.7407,,25994.6961,47.0096,,,,1106.9336,49119.0409,,,8336.27,,
2014-03-10,,,739.64,59544.2428,28826.5883,,7414.8635,,26031.5806,45.9635,,,,1108.0619,48533.1389,,,8336.27,,
2014-03-11,,,740.57,59314.6061,28833.0195,,7381.6835,,26063.3911,45.3239,,,,1109.0763,48667.6683,,,8350.0,,
2014-03-12,,,732.98,59178.9308,28868.4989,,7321.482,,26090.5329,45.2805,,,,1109.9671,48457.2179,,,8500.0,,
2014-03-13,,,734.27,59508.7894,28920.257,,7305.1625,,26110.8082,45.2263,,,,1110.6527,48424.4824,,,8419.95,,
2014-03-14,,,733.67,58863.9353,28922.4496,,7318.8765,,26141.606,45.3456,,,,1111.2836,48204.2824,,,8419.95,,
2014-03-17,,,732.47,59469.4084,28924.0305,,7302.5159,,26163.1877,45.7142,,,,1111.8243,48151.1446,,,8419.95,,
2014-03-18,,,742.04,59539.4034,28953.7184,,7341.3571,,26190.1472,46.5489,,,,1112.7402,48542.5513,,,8419.95,,
2014-03-19,,,744.25,59851.3374,28967.0972,,7326.8934,,26209.2882,46.0394,,,,1113.5518,48401.0759,,,8419.95,,
2014-03-20,,,743.82,60303.7056,28980.8117,,7346.3309,,26217.9979,46.5055,,,,1114.0891,48460.0568,,,8419.95,,
2014-03-21,,,745.52,60798.1553,28966.6368,,7379.3315,,26229.6951,46.744,,,,1114.3755,48757.8925,,,8419.95,,
2014-03-24,,,739.03,60723.5699,28937.3415,,7380.8836,,26231.5586,47.0909,,,,1114.2478,48777.5696,,,8419.95,,
2014-03-25,,,745.83,60770.8079,28921.2818,,7382.6203,,26238.7491,47.9581,,,,1114.1281,49521.7492,,,8419.95,,
2014-03-26,,,750.71,60650.079,28920.551,,7392.7745,,26223.5477,48.4026,,,,1114.3141,49853.7448,,,8419.95,,
2014-03-27,,,756.86,60575.1887,28900.3865,,7411.6998,,26218.4941,49.053,,,,1114.4262,50017.5084,,,8419.95,,
2014-03-28,,,761.58,60867.0695,28905.5917,,7461.7754,,26219.9018,49.5408,,,,1115.8838,50402.4268,,,8419.95,,
2014-03-31,,,760.08,60967.2721,28908.7918,,7469.5763,,26236.5211,49.3782,,,,1116.6734,50485.0432,,,8419.95,,
2014-04-01,,,762.66,60876.3216,28968.9302,,7490.2736,,26260.1486,49.7793,,,,1118.2225,50777.8913,,,8419.95,,
2014-04-02,,,765.84,60968.9821,28982.7885,,7486.7319,,26247.4791,49.8227,,,,1118.546,50943.0408,,,8419.95,,
2014-04-03,,,764.95,61275.5266,28998.7115,,7478.8279,,26268.2506,49.0639,,,,1119.4242,50926.704,,,8419.95,,
2014-04-04,,,765.7,60947.8363,29027.1013,,7479.9785,,26312.7307,49.0097,,,,1120.1331,50935.2556,,,8419.95,,
2014-04-07,,,762.08,60781.307,29041.2641,,7504.1365,,26334.5656,49.3999,,,,1121.4953,50818.8209,,,8419.95,,
2014-04-08,,,767.56,60816.5318,29071.2911,,7522.5623,,26362.1328,50.5815,,,,1122.4118,51362.3945,,,8419.95,,
2014-04-09,,,770.79,60873.4817,29094.199,,7542.026,,26374.6504,50.82,,,,1122.4966,51910.2608,,,8419.95,,
2014-04-10,,,771.9,60900.3577,29114.5204,,7549.8093,,26376.1594,50.7983,,,,1123.6514,51922.7846,,,8419.95,,
2014-04-11,,,770.31,60868.8819,29117.3864,,7529.4969,,26395.6954,50.5165,,,,1122.9045,51935.1481,,,8419.95,,
2014-04-14,,,774.16,61021.5982,29129.5358,,7550.6406,,26411.8893,50.7767,,,,1123.3276,52337.0007,,,8419.95,,
2014-04-15,,,772.06,61076.4992,29121.3475,,7589.6149,,26430.534,49.9745,,,,1123.9444,52252.088,,,8419.95,,
2014-04-16,,,777.41,61164.5471,29127.6803,,7618.6092,,26440.9046,50.7767,,,,1124.6921,52578.1211,,,8419.95,,
2014-04-17,,,777.99,61325.2055,29139.8014,,7621.1719,,26458.9721,50.6466,,,,1124.8317,52728.5766,,,8419.95,,
2014-04-18,,,777.89,61323.5403,29146.8195,,7620.8135,,26458.9721,50.6466,,,,1125.1546,52726.1082,,,8419.95,,
2014-04-21,,,776.16,61355.8223,29169.6058,,7606.5203,,26492.5854,50.2455,,,,1126.1307,52532.7286,,,8419.95,,
2014-04-22,,,775.45,61304.73,29192.9021,,7601.9713,,26516.9117,49.7793,,,,1127.7482,52470.2905,,,8419.95,,
2014-04-23,,,774.26,61388.9033,29202.7574,,7582.9587,,26532.2751,49.3782,,,,1128.5659,52398.4946,,,8419.95,,
2014-04-24,,,775.94,61430.5642,29217.2249,,7583.9523,,26549.7451,49.7793,,,,1128.859,52350.0875,,,8419.95,,
2014-04-25,,,771.64,61743.3358,29209.1852,,7571.7796,,26549.259,49.2482,,,,1129.2507,52126.313,,,8419.95,,
2014-04-28,,,768.84,61669.8572,29236.5906,,7574.1188,,26578.6085,49.2048,,,,1130.5785,51907.8422,,,8500.0,,
2014-04-29,,,772.05,61493.3231,29260.6218,,7580.3527,,26591.5819,49.53,,,,1131.5448,52113.167,,,8500.0,,
2014-04-30,,,781.15,61437.702,29263.994,,7620.549,,26612.1104,49.8986,,,,1132.0816,52617.0374,,,8500.0,,
2014-05-01,,,781.05,61436.0338,29272.1003,,7621.3238,,26612.1104,50.3214,,,,1132.4153,52620.629,,,8500.0,,
2014-05-02,,,785.09,62050.2513,29301.6701,,7660.7146,,26628.76,50.4081,,,,1133.013,52926.1937,,,8500.0,,
2014-05-05,,,782.46,62060.3843,29323.773,,7680.9356,,26683.1246,49.9203,,,,1134.6638,52832.1103,,,8500.0,,
2014-05-06,,,779.23,62043.8311,29289.0089,,7649.193,,26694.6396,49.53,,,,1134.4284,52433.5921,,,8500.0,,
2014-05-07,,,777.47,61822.981,29254.6024,,7659.0941,,26708.3927,50.0178,,,,1134.6139,52605.3166,,,8500.0,,
2014-05-08,,,783.05,61661.1602,29312.7727,,7671.6902,,26945.4222,50.5707,,787.1659,,1135.986,52969.8465,,,8500.0,,
2014-05-09,,,780.8,61432.6509,29281.5659,,7446.8981,,26799.7441,50.4623,,787.4244,,1135.586,52942.2731,,,8561.62,,
2014-05-12,,,780.27,61469.0908,29301.21,,7700.637,,26821.2834,51.1669,,788.7119,,1136.699,53134.2284,,,8561.62,,
2014-05-13,,,784.7,61466.5638,29331.8498,,7686.4157,,26835.0755,51.8607,,791.7869,,1137.4929,53435.0573,,,8561.62,,
2014-05-14,,,791.01,61762.1813,29326.0702,,7715.0205,,26845.7992,51.5463,,795.4176,,1138.2022,53812.2003,,,8695.0,,
2014-05-15,,,789.71,61882.2598,29348.8268,,7715.1684,,26865.0551,51.1452,,792.6378,,1138.9368,53732.7326,,,8695.0,,
2014-05-16,,,791.31,62006.1461,29384.3416,,7823.6331,,26886.839,51.3837,,802.9275,,1141.866,53854.3412,,,8695.0,,
2014-05-19,,,788.5,62232.5118,29411.3182,,7806.5389,,26923.1184,51.2428,,796.1922,,1135.8402,53504.7612,,,8695.0,,
2014-05-20,,,780.64,62272.0451,29397.731,,7805.5484,,26934.4334,50.1913,,785.2982,,1135.2901,52875.5733,,,8695.0,,
2014-05-21,,,780.54,62270.4973,29403.62,,7810.2412,,26934.4334,50.6249,,785.2512,,1135.5513,52887.5624,,,8695.0,,
2014-05-22,,,787.6,62634.8657,29447.5935,,7853.186,,26973.6485,50.8851,,790.3242,,1137.4815,53112.9172,,,8695.0,,
2014-05-23,,,793.59,62660.5733,29477.5702,,7864.9943,,27002.6394,50.9609,,795.8558,,1138.4322,53439.7995,,,8695.0,,
2014-05-26,,,796.69,62802.8815,29482.0387,,7871.4351,,27024.5864,50.9609,,797.4307,,1139.3725,53525.6103,,,8695.0,,
2014-05-27,,,792.66,62752.7369,29512.7434,,7857.3184,,27051.457,50.5165,,794.6765,,1140.7062,53221.381,,,8695.0,,
2014-05-28,,,792.29,62676.0755,29517.0983,,7811.1058,,27052.0788,51.1344,,795.2607,,1140.8355,53098.9583,,,8695.0,,
2014-05-29,,,793.52,62639.1175,29530.3376,,7818.2252,,27044.6782,51.4379,,797.3744,,1141.685,53231.4287,,,8695.0,,
2014-05-30,,,786.91,62489.0845,29567.1129,,7816.623,,27071.9463,50.8092,,797.5406,,1143.7409,52877.5838,,,8650.0,,
2014-06-02,,,783.88,62483.0655,29577.0525,,7819.9636,,27081.7527,50.6574,,797.1457,,1145.1386,52820.2298,,,8650.0,,
2014-06-03,,,787.05,62151.7827,29586.437,,7791.8789,,27107.3185,51.026,,799.9019,,1144.7617,52973.6451,,,8650.0,,
2014-06-04,,,788.86,61890.3045,29590.4847,,7761.8581,,27114.6477,50.9067,,803.4639,,1145.3423,52930.3902,,,8770.63,,
2014-06-05,,,793.17,61763.0897,29602.907,,7779.8515,,27136.4419,51.0151,,808.7878,,1147.048,53124.7581,,,8770.63,,
2014-06-06,,,794.9,61668.2145,29607.8372,,7761.8553,,27156.3298,51.2645,,810.7794,,1147.6184,53260.1871,,,8770.63,,
2014-06-09,,,791.14,61636.3828,29625.8208,,7752.594,,27174.6376,50.9501,,809.1627,,1149.0367,52916.6441,,,8770.63,,
2014-06-10,,,788.76,61701.5682,29649.4038,,7731.8567,,27182.0484,50.9176,,805.7956,,1150.4637,52740.8031,,,8770.63,,
2014-06-11,,,785.65,61429.0569,29638.614,,7706.4735,,27177.5021,50.3647,,804.0652,,1149.9489,52652.4142,,,8770.63,,
2014-06-12,,,783.08,61234.5113,29633.7449,,7686.9129,,27184.1484,50.0937,,803.9221,,1152.1213,52591.282,,,8770.63,,
2014-06-13,,,779.52,61020.7588,29653.9796,,7656.9614,,27190.1728,49.6601,,799.8205,,1152.7,52204.9569,,,8770.63,,
2014-06-16,,,776.27,60972.4915,29651.4943,,7643.2602,,27195.341,49.4108,,797.8258,,1152.183,51911.7989,,,8770.63,,
2014-06-17,,,773.88,60662.6404,29674.0692,,7614.2733,,27227.4206,48.8579,,798.4442,,1153.5126,51619.8591,,,8650.0,,
2014-06-18,,,775.0,60627.9252,29663.6337,,7632.7324,,27204.8314,49.736,,801.1964,,1153.6357,51832.3515,,,8650.0,,
2014-06-19,,,783.22,60856.0112,29662.2805,,7667.9827,,27207.0128,50.0503,,807.3318,,1154.5835,52165.0473,,,8650.0,,
2014-06-20,,,781.49,60803.111,29675.9001,,7652.7818,,27212.5276,49.8661,,804.7234,,1155.182,52001.7832,,,8650.0,,
2014-06-23,,,780.48,60708.8474,29659.8346,,7658.7557,,27218.9598,50.0612,,804.6617,,1156.0906,52233.5738,,,8650.0,,
2014-06-24,,,782.44,60410.2586,29667.553,,7653.9278,,27219.3472,50.343,,805.8447,,1157.4482,52538.0321,,,8650.0,,
2014-06-25,,,782.85,60449.1117,29677.4871,,7649.0127,,27221.1922,50.4267,,806.211,,1157.5119,52571.0851,,,8650.0,,
2014-06-26,,,781.63,60547.8334,29712.5991,,7654.7173,,27229.1535,50.4047,,807.1098,,1159.687,52627.4528,,,8650.0,,
2014-06-27,,,780.85,60298.7486,29728.2612,,7627.29,,27234.3931,50.075,,806.9967,,1158.8494,52635.7537,,,8650.0,,
2014-06-30,,,781.83,60282.1038,29724.3705,,7614.5056,,27247.2881,49.8662,,803.5305,,1159.395,52447.5205,,,8770.0,,
2014-07-01,,,782.23,60396.3354,29766.5568,,7605.4491,,27267.0333,50.053,,805.394,,1161.1834,52490.265,,,8770.0,,
2014-07-02,,,784.25,60382.4793,29737.9608,,7610.9726,,27273.3228,50.2728,,809.451,,1161.0353,52780.4304,,,8770.0,,
2014-07-03,,,788.62,60375.0093,29735.2807,,7633.9928,,27277.2678,50.6465,,815.5034,,1161.4668,53002.5598,,,8770.0,,
2014-07-04,,,789.91,60444.9971,29728.7401,,7648.745,,27281.0598,50.6465,,816.1045,,1162.2771,52919.235,,,8770.0,,
2014-07-07,,,787.45,60212.5452,29767.8846,,7621.6233,,27300.1016,50.2838,,813.2113,,1164.0549,52848.6254,,,8864.0,,
2014-07-08,,,796.23,60676.4367,29806.4364,,7628.7669,,27303.3432,50.4157,,821.715,,1165.8439,53093.8786,,,8864.0,,
2014-07-09,,,808.99,61558.7571,29795.4783,,7716.4426,,27306.544,51.306,,833.7356,,1165.5373,53906.8115,,,8864.0,,
2014-07-10,,,808.98,61701.7338,29810.9668,,7751.3653,,27306.4115,51.2071,,837.3054,,1165.8157,53873.3028,,,8864.0,,
2014-07-11,,,811.77,62047.5682,29858.3716,,7816.0371,,27325.2189,51.295,,842.1733,,1167.3284,54070.2858,,,8864.0,,
2014-07-14,,,812.61,62151.7972,29886.7782,,7837.3694,,27348.0834,51.24,,840.814,,1168.6199,54182.3178,,,8864.0,,
2014-07-15,,,811.65,61897.2367,29887.7789,,7843.6097,,27355.9121,51.0202,,840.655,,1169.1252,54080.1721,,,8942.0,,
2014-07-16,,,811.55,61895.557,29889.8163,,7845.5657,,27355.9121,51.0422,,840.6055,,1169.2269,54122.1979,,,8942.0,,
2014-07-17,,,812.23,61696.011,29919.6645,,7808.2774,,27382.222,49.8881,,840.1153,,1170.281,53770.6238,,,8942.0,,
2014-07-18,,,812.53,61769.6213,29935.103,,7823.9074,,27393.5268,49.6793,,839.4493,,1170.7625,53677.3798,,,8942.0,,
2014-07-21,,,810.62,61753.8598,29900.5656,,7811.4995,,27387.4922,49.9761,,839.5169,,1169.4276,53600.3134,,,8942.0,,
2014-07-22,,,811.87,61746.2722,29896.1006,,7777.2013,,27399.3882,49.9321,,843.2123,,1170.3483,53577.1293,,,8942.0,,
2014-07-23,,,809.44,61941.5653,29921.574,,7780.3574,,27399.3882,49.6683,,841.7218,,1171.1136,53526.7747,,,8942.0,,
2014-07-24,,,811.11,62010.5398,29924.6847,,7781.9829,,27423.4963,50.009,,841.5687,,1171.7852,53755.7679,,,8942.0,,
2014-07-25,,,807.97,62084.9108,29932.3559,,7777.1313,,27429.6431,49.7672,,837.818,,1171.8059,53713.0001,,,8942.0,,
2014-07-28,,,807.35,62896.0712,29933.8049,,7772.1969,,27442.8032,49.7343,,835.3867,,1172.1667,53688.6221,,,8942.0,,
2014-07-29,,,807.36,63172.2354,29946.0302,,7781.977,,27462.9051,49.3276,,836.6224,,1174.1027,53642.0385,,,8942.0,,
2014-07-30,,,805.04,63283.2409,29958.7755,,7800.5869,,27474.8012,48.4153,,836.5497,,1174.2299,53597.8824,,,8942.0,,
2014-07-31,,,797.38,63253.6639,29966.2834,,7769.1087,,27493.7003,47.8108,,830.3945,,1174.9306,53086.0553,,,8942.0,,
2014-08-01,,,799.28,63203.8457,29979.3935,,7770.5322,,27495.7186,48.2065,,833.6716,,1175.0657,53073.4261,,,8995.46,,
2014-08-04,,,806.08,63182.9572,29992.2154,,7779.2379,,27511.9674,48.9209,,838.8917,,1175.8265,53647.9437,,,8995.46,,
2014-08-05,,,811.62,63190.2935,29987.4385,,7766.306,,27542.6198,48.1845,,842.6485,,1177.2577,53890.639,,,8995.46,,
2014-08-06,,,810.83,63065.7234,30026.1417,,7710.6948,,27561.2539,48.0746,,842.0463,,1178.846,53818.1871,,,8995.46,,
2014-08-07,,,808.09,62920.9257,30068.813,,7691.6887,,27580.3161,47.9757,,837.9586,,1181.6195,53494.5129,,,8995.46,,
2014-08-08,,,804.48,63288.7964,30092.7928,,7707.9485,,27607.411,47.7999,,834.8062,,1183.7904,53084.6855,,,8995.46,,
2014-08-11,,,810.25,63369.9547,30142.9059,,7748.9453,,27630.571,48.4153,,842.2071,,1184.6649,53483.6082,,,8995.46,,
2014-08-12,,,810.76,63133.1445,30137.9924,,7712.8509,,27666.1776,48.3824,,848.3045,,1185.8785,53675.6487,,,8995.46,,
2014-08-13,,,813.32,63202.0182,30175.3036,,7714.8583,,27712.0594,48.6462,,854.062,,1187.7231,53892.5951,,,8995.46,,
2014-08-14,,,817.4,63496.0572,30213.742,,7712.9148,,27754.0982,48.3824,,857.0624,,1188.8622,53999.3909,,,8995.46,,
2014-08-15,,,817.29,63494.3357,30215.8829,,7730.1944,,27754.0982,48.3934,,857.0122,,1189.0359,53890.3239,,,8995.46,,
2014-08-18,,,819.26,63566.5998,30237.6953,,7747.0744,,27804.2206,48.3714,,859.7754,,1192.3891,54075.2591,,,8995.46,,
2014-08-19,,,817.81,63467.0573,30253.6065,,7746.8789,,27815.5764,48.0636,,856.7354,,1194.0251,53903.4149,,,8995.46,,
2014-08-20,,,820.21,63891.6591,30275.5721,,7799.4726,,27838.4001,48.0417,,858.5819,,1195.8751,53940.0389,,,8995.46,,
2014-08-21,,,823.15,63895.9117,30289.3031,,7802.9977,,27867.3094,48.1186,,862.6563,,1198.455,54023.5494,,,8995.46,,
2014-08-22,,,820.76,63865.837,30282.005,,7787.1149,,27871.4175,47.6789,,859.5719,,1199.1371,53764.8899,,,8995.46,,
2014-08-25,,,822.04,63828.9399,30291.1042,,7803.8461,,27882.0087,47.602,,862.4762,,1200.0023,53686.78,,,8995.46,,
2014-08-26,,,823.25,63579.8412,30314.7646,,7810.7814,,27883.1504,47.591,,863.2548,,1199.4368,53777.9535,,,8995.46,,
2014-08-27,,,827.38,63618.548,30348.3538,,7844.5866,,27895.5867,47.602,,863.0297,,1199.1023,53912.6927,,,9300.0,,
2014-08-28,,,824.69,63702.1232,30376.8797,,7843.6012,,27903.7824,47.0635,,861.2497,,1199.0941,53922.2915,,,9300.0,,
2014-08-29,,,832.43,63920.5236,30365.1752,,7880.8174,,27911.3666,47.657,,867.6726,,1199.4009,54210.7514,,,9300.0,,
2014-09-01,,,835.33,64082.5176,30384.4976,,7920.0513,,27932.1311,47.657,,871.6728,,1199.849,54525.7852,,,9172.0,,
2014-09-02,,,843.46,64184.2423,30387.9652,,7977.5562,,27947.442,48.3604,,879.4961,,1201.4108,54924.2671,,,9262.0,,
2014-09-03,,,851.56,64119.08,30370.8113,,7996.4729,,27959.3992,48.9099,,888.3467,,1200.7811,55473.7367,,,9262.0,,
2014-09-04,,,851.65,64125.4429,30329.8573,,8054.4044,,27931.1117,48.5912,,893.0045,,1196.853,55511.0253,,,9262.0,,
2014-09-05,,,847.69,63895.3004,30272.7257,,8041.8384,,27906.9629,48.9429,,887.8959,,1193.5031,55253.7791,,,9262.0,,
2014-09-08,,,846.13,63960.9458,30276.2822,,8037.3947,,27929.5011,48.7121,,885.338,,1194.1072,54921.12,,,9262.0,,
2014-09-09,,,844.81,63850.4406,30261.0128,,8062.9651,,27925.1688,48.4593,,885.0662,,1194.2138,54882.9706,,,9262.0,,
2014-09-10,,,845.02,63785.6784,30268.3582,,8051.5563,,27918.2473,48.5472,,884.9391,,1193.9059,54900.3299,29594.3346,,9262.0,,
2014-09-11,,,840.47,63655.5143,30271.4761,,8013.8485,,27916.5857,47.9867,,882.2969,,1194.2866,54783.8895,29608.0328,,9262.0,,
2014-09-12,,,833.07,63489.5461,30243.1859,,7984.7665,,27911.5704,47.4371,,879.2165,,1192.2163,54531.8108,29585.9447,,9262.0,,
2014-09-15,,,826.08,63545.6288,30247.7827,,7979.0351,,27901.8864,47.0415,,873.7797,,1193.4872,54233.2608,29581.7188,,9262.0,,
2014-09-16,,,830.94,63558.4428,30267.4117,,7983.0129,,27904.6897,47.5141,,875.2895,,1194.384,54502.0964,29611.734,,9262.0,,
2014-09-17,,,837.0,63665.0862,30255.3566,,7999.6266,,27887.1259,47.3602,,880.0449,,1194.1969,54837.0825,29594.3095,,9262.0,,
2014-09-18,,,836.89,63663.3603,30257.9786,,7996.6058,,27887.1259,47.3382,,879.9904,,1194.3793,54844.9826,29603.9379,,9262.0,,
2014-09-19,,,836.79,63661.6343,30261.2542,,8001.3098,,27887.1259,46.9755,,879.9362,,1194.5766,54834.7368,29598.8779,,9262.0,,
2014-09-22,,,834.04,63571.138,30276.4202,,8009.2785,,27915.7091,46.9316,,877.7353,,1195.7361,54488.9128,29589.2117,,9262.0,,
2014-09-23,,,826.4,63490.2565,30286.8298,,8005.8554,,27894.4246,46.6128,,871.2566,,1194.6932,54128.364,29573.9787,,9262.0,,
2014-09-24,,,826.49,63496.7633,30287.382,,8025.3493,,27878.8079,47.1624,,871.7621,,1194.6489,53983.5887,29574.0324,,9262.0,,
2014-09-25,,,826.23,63266.8134,30296.3466,,8000.2453,,27868.9608,46.9645,,871.9473,,1194.6423,53904.374,29538.4702,,9262.0,,
2014-09-26,,,829.89,63702.5628,30273.8524,,8054.6118,,27838.4307,47.0305,,875.6719,,1193.0573,53905.3319,29506.7837,,9262.0,,
2014-09-29,,,822.51,63823.051,30257.5552,,8054.6177,,27825.24,46.5139,,870.7208,,1191.7283,53460.0793,29504.4733,,9262.0,,
2014-09-30,,,824.72,63926.3612,30248.8694,,8048.4607,,27807.0952,46.8656,,871.4491,,1191.5018,53581.7807,29484.5589,,9156.53,,
2014-10-01,,,814.91,64020.5135,30243.033,,8041.1034,,27796.9729,46.2611,,867.1365,,1190.8257,53014.2157,29441.3521,,9156.53,,
2014-10-02,,,805.42,64247.9967,30251.7194,,7997.4292,,27790.5713,46.0523,,864.2573,,1190.9718,52574.0807,29466.2715,,9156.53,,
2014-10-03,,,813.18,64430.1688,30232.0582,,8007.4863,,27780.4591,46.6128,,872.8895,,1190.3608,52980.7138,29426.8941,,9156.53,,
2014-10-06,,,820.74,64658.6625,30222.8951,,8019.5075,,27768.0228,46.9316,,880.2646,,1190.7685,53646.3346,29482.4352,,9156.53,,
2014-10-07,,,816.92,65040.7357,30188.7156,,8043.4451,,27741.1726,46.6128,,878.4815,,1190.913,53410.5179,29447.5294,,9156.53,,
2014-10-08,,,810.99,64953.8599,30195.9669,,8043.1771,,27738.563,46.9426,,879.5145,,1191.2743,53189.7108,29455.005,,9156.53,,
2014-10-09,,,806.65,64771.7784,30228.9579,,8045.8548,,27737.0748,46.2391,,875.0724,,1192.3568,52898.4232,29476.3901,,9156.53,,
2014-10-10,,,799.38,64572.0648,30224.8795,,7997.9132,,27749.297,45.2939,,862.212,,1192.7691,52174.6415,29406.0421,,9156.53,,
2014-10-13,,,801.11,64579.6547,30224.8697,,8024.7888,,27765.4642,45.9314,,867.2805,,1193.9806,52215.0587,29374.1003,,9156.53,,
2014-10-14,,,799.69,64620.1735,30270.6185,,8049.2366,,27779.3276,45.9314,,865.3154,,1194.8428,52194.757,29393.6023,,9156.53,,
2014-10-15,,,789.03,64343.2463,30285.5052,,7989.9127,,27811.6518,45.4588,,853.629,,1196.7635,51310.7333,29262.9639,,9156.53,,
2014-10-16,,,786.36,64134.3097,30286.0329,,7941.5337,,27810.2553,44.9422,,850.9565,,1197.8369,51132.1153,29281.9706,,9156.53,,
2014-10-17,,,781.91,64460.6873,30277.1646,,7968.5887,,27820.8058,45.0851,,846.7043,,1196.859,51314.864,29323.8399,,9156.53,,
2014-10-20,,,776.25,64688.804,30303.9145,,7956.9841,,27844.608,45.151,,842.7769,,1197.9252,51042.77,29350.5134,,9156.53,,
2014-10-21,,,784.21,64718.4411,30301.7224,,7962.3308,,27856.4939,45.8984,,854.3852,,1199.7447,51417.9774,29353.7184,,9156.53,,
2014-10-22,,,790.5,64501.5822,30290.2507,,7946.4452,,27863.2625,45.5577,,860.6592,,1201.2191,51758.9626,29380.5031,,9156.53,,
2014-10-23,,,795.58,64814.1435,30295.6148,,7964.8791,,27861.4888,45.6786,,868.4204,,1201.7279,51933.879,29376.0986,,9156.53,,
2014-10-24,,,794.21,64626.4561,30314.0297,,7959.8315,,27863.6295,46.1182,,870.3779,,1202.4157,52054.9712,29393.1407,,9156.53,,
2014-10-27,,,789.23,64367.5851,30346.3634,,7912.2886,,27889.2666,45.5577,,861.809,,1203.9064,51768.7583,29408.7854,,9156.53,,
2014-10-28,,,791.35,64680.1001,30328.2517,,7907.8481,,27894.5062,46.2611,,866.6968,,1204.2796,51796.9259,29397.2853,,9156.53,,
2014-10-29,,,793.47,65030.9384,30322.6914,,7963.0277,,27906.1066,45.9973,,868.7564,,1206.3287,51817.4963,29428.5786,,9156.53,,
2014-10-30,,,802.5,64918.1363,30320.7305,,8004.3651,,27905.9843,46.5689,,878.5652,,1207.1873,52135.6966,29416.4688,,9156.53,,
2014-10-31,,,802.4,64916.3765,30325.8051,,8001.4926,,27905.9843,46.8656,,878.499,,1207.5481,51951.01,29400.9733,,9156.53,,
2014-11-03,,,811.69,65137.1686,30317.5889,,8023.3964,,27923.4053,46.7557,,888.4628,,1207.9527,52379.4909,29410.6376,,9156.53,,
2014-11-04,,,814.46,65026.7283,30315.3828,,7978.837,,27916.6061,46.5139,,888.6857,,1207.7149,52614.3056,29426.6094,,9156.53,,
2014-11-05,,,815.24,64999.5612,30319.2469,,7974.4443,,27921.7947,46.2611,,887.798,,1208.2431,52505.0037,29425.4078,,9156.53,,
2014-11-06,,,811.85,64801.0778,30320.2337,,7960.1134,,27935.2708,45.9094,,881.3005,,1209.0121,52226.7094,29387.4291,,9156.53,,
2014-11-07,,,807.41,64800.8259,30335.2115,,7956.3031,,27982.2739,46.3161,,875.5402,,1211.2581,52286.2032,29460.0164,,9156.53,,
2014-11-10,,,809.11,64498.9624,30375.5855,,7947.9967,,28002.6613,46.3271,,878.6986,,1212.0114,52317.2166,29489.1045,,9156.53,,
2014-11-11,,,808.68,64200.0862,30386.2415,,7928.3277,,28015.9029,45.9973,,880.4943,,1212.9345,52182.2039,29500.3099,,9156.53,,
2014-11-12,,,811.63,64230.7751,30400.3219,,7988.8606,,28038.5635,46.1072,,884.8768,,1213.6094,52328.0945,29535.125,,9156.53,,
2014-11-13,,,814.7,64064.6382,30413.2389,,8022.5605,,28055.3729,46.2721,,894.5936,,1214.4036,52418.1179,29481.5056,,9156.53,,
2014-11-14,,,813.18,64167.8594,30432.1014,,8031.7903,,28062.9774,46.2281,,893.7126,,1214.6634,52360.7376,29470.4518,,9156.53,,
2014-11-17,,,815.25,64357.8326,30454.1243,,8046.7094,,28084.8938,46.1842,,896.1055,,1216.0979,52382.0956,29511.1877,,9156.53,,
2014-11-18,,,816.51,64244.5493,30471.2334,,8034.4525,,28106.0967,46.2171,,900.0591,,1217.4587,52452.0183,29510.0143,,9156.53,,
2014-11-19,,,824.26,64542.9427,30459.5403,,8074.4474,,28102.6309,46.5139,,911.7046,,1218.6785,52859.7611,29547.4781,,9156.53,,
2014-11-20,,,825.25,64780.0786,30473.7344,,8098.6254,,28134.0478,46.4919,,914.2283,,1220.1826,52907.095,29580.5082,,9156.53,,
2014-11-21,,,829.8,64849.6915,30484.5301,,8127.9097,,28145.0672,47.5141,,919.5066,,1221.0308,53172.2347,29596.3918,,9156.53,,
2014-11-24,,,825.07,65025.7199,30509.6279,,8118.8706,,28176.6982,47.0854,,913.9482,,1221.7743,53072.2149,29626.5413,,9156.53,,
2014-11-25,,,824.1,65206.2872,30503.7234,,8046.0247,,28187.5036,46.6348,,912.8364,,1223.1235,52996.4683,29620.1575,,9156.53,,
2014-11-26,,,825.56,65326.5738,30507.8954,,8063.6768,,28192.8858,46.4809,,915.9549,,1224.0387,53121.6168,29635.1876,,9156.53,,
2014-11-27,,,824.73,65143.245,30513.8045,,8083.373,,28217.9419,46.4809,,914.4186,,1225.0792,53036.0534,29631.5213,,9425.0,,
2014-11-28,,,828.97,65315.6821,30501.1507,,8146.7488,,28200.8573,45.7885,,920.504,,1223.5985,52884.5731,29493.5442,,9425.0,,
2014-12-01,,,825.3,64797.1633,30520.4625,,8106.4741,,28206.0765,45.162,,915.9049,,1223.3751,52484.7092,29533.771,,9425.0,,
2014-12-02,,,826.29,64819.8844,30536.8417,,8125.5047,,28226.3313,45.0851,,916.6337,,1226.7124,52316.4418,29512.9079,,9425.0,,
2014-12-03,,,827.76,64964.8704,30552.2328,,8161.3434,,28231.4384,45.162,,919.693,,1226.9166,52250.3711,29492.9887,,9425.0,,
2014-12-04,,,831.43,65180.5836,30548.4229,,8217.789,,28234.0786,45.184,,926.3181,,1226.6512,52271.4259,29518.3026,,9284.0,,
2014-12-05,,,835.25,65180.8821,30548.9503,,8275.7149,,28259.1245,45.2609,,932.3489,,1227.6503,52487.499,29496.784,,9284.0,,
2014-12-08,,,834.94,65175.5815,30566.575,,8273.6827,,28259.1245,44.8433,,932.6945,,1229.0042,52308.0014,29496.8387,,9284.0,,
2014-12-09,,,826.0,65007.8999,30557.3576,,8243.3437,,28290.1948,44.2278,,923.2413,,1229.7676,51917.5259,29509.6436,,9284.0,,
2014-12-10,,,818.59,65199.6991,30559.2838,,8218.0702,,28282.8554,43.6233,,919.4149,,1230.1671,51506.0712,29426.6565,,9284.0,,
2014-12-11,,,813.84,64947.4151,30539.649,,8178.0411,,28264.6392,43.2386,,914.4901,,1230.1723,50979.9415,29420.0422,,9284.0,,
2014-12-12,,,809.72,64902.9528,30528.4702,,8151.1052,,28255.8829,42.777,,910.2409,,1231.1175,50691.8717,29367.6497,,9339.31,,
2014-12-15,,,800.97,64388.7571,30545.8416,,8089.9427,,28254.6698,42.1835,,895.4449,,1231.3974,50247.0268,29339.1219,,9339.31,,
2014-12-16,,,794.87,63939.8851,30520.1895,,8033.0708,,28252.05,41.7438,,886.677,,1233.9094,49861.11,29324.0723,,9339.31,,
2014-12-17,,,801.46,64142.3448,30496.4154,,8068.0908,,28239.7972,43.0704,,895.159,,1233.8498,50290.318,29357.9599,,9390.0,,
2014-12-18,,,808.7,64432.3649,30518.7267,,8054.9651,,28240.0928,43.6207,,903.5,,1234.27,50855.9688,29358.4,,9390.0,,
2014-12-19,,,803.41,64301.584,30525.1549,,8008.517,,28239.6239,43.3015,,897.3289,,1233.2845,50871.8297,29339.1663,,9390.0,,
2014-12-22,,,799.82,64095.3429,30533.4278,,8022.7691,,28248.0439,43.3015,,892.0244,,1234.3105,50702.5375,29350.8089,,9390.0,,
2014-12-23,,,802.52,63959.853,30543.5028,,8006.6254,,28263.365,43.3786,,898.3495,,1235.087,50764.5813,29343.4702,,9390.0,,
2014-12-24,,,803.48,64047.5263,30544.5931,,7987.26,,28276.1275,43.5877,,901.7042,,1234.5312,50927.6845,29364.5026,,9390.0,,
2014-12-25,,,803.38,64045.7878,30546.2267,,7986.8903,,28276.1275,43.5877,,901.6232,,1234.645,50925.083,29367.8646,,9390.0,,
2014-12-26,,,802.67,63850.1139,30544.5496,,7983.9904,,28281.1632,43.6537,,903.8753,,1234.3329,51042.8573,29376.9616,,9390.0,,
2014-12-29,,,807.77,63676.5758,30551.1585,,8001.1674,,28304.0685,44.083,,910.3307,,1236.0185,51392.8601,29394.1195,,9390.0,,
2014-12-30,,,806.54,63624.188,30561.0744,,8013.5195,,28296.678,43.8849,,909.2968,,1235.9417,51165.0956,29405.8266,,9390.0,,
2014-12-31,,,806.45,63622.4606,30557.1351,,8014.9599,,28298.7881,43.9069,,910.2413,,1236.0461,51136.5322,29404.3525,,9390.0,,
2015-01-01,,,806.37,63620.7333,30559.2698,,8014.819,,28298.7881,43.9069,,910.1777,,1236.1589,51134.1462,29407.225,,9390.0,,
2015-01-02,,,805.96,63564.4812,30562.6029,,7995.9309,,28298.36,43.3786,,909.6587,,1236.0931,50931.8621,29365.482,,9390.0,,
2015-01-05,,,798.6,63355.1867,30571.244,,7917.6418,,28319.094,42.5971,,901.2763,,1237.4487,49947.5659,29328.1075,,9370.0,,
2015-01-06,,,797.57,63277.7661,30592.0743,,7918.894,,28338.829,42.476,,900.4263,,1237.1691,49712.7162,29312.2886,,9370.0,,
2015-01-07,,,794.9,62946.5124,30597.5092,,7895.4612,,28357.1063,42.6851,,899.9961,,1237.5824,49658.7298,29334.1696,,9370.0,,
2015-01-08,,,794.76,63029.3977,30596.7129,,7862.582,,28364.3642,42.9713,,899.3879,,1236.4493,49740.5677,29324.4708,,9370.0,,
2015-01-09,,,794.85,62973.4806,30620.9803,,7857.6658,,28385.3326,42.7512,,900.8415,,1237.4731,49833.0427,29322.9893,,9370.0,,
2015-01-12,,,792.53,63054.4063,30621.4334,,7845.6179,,28390.2663,42.7181,,898.2443,,1238.0161,49574.4542,29328.8231,,9370.0,,
2015-01-13,,,794.34,62904.62,30619.1151,,7815.6346,,28390.7964,42.3769,,899.6021,,1237.5658,49804.1757,29324.9943,,9370.0,,
2015-01-14,,,788.62,62882.0642,30631.9505,,7788.1246,,28407.2694,41.7605,,890.4711,,1237.2529,49446.2181,29344.8936,,9474.0,,
2015-01-15,,,783.99,62666.396,30639.6499,,7757.0356,,28428.8495,41.2982,,886.1697,,1238.0153,49146.9432,29350.8736,,9498.8,,
2015-01-16,,,784.33,62612.3273,30650.1083,,7740.3004,,28436.6375,41.4413,,883.744,,1238.425,49028.8882,29363.5544,,9471.48,,
2015-01-19,,,783.25,62754.6544,30651.0322,,7753.685,,28430.5824,41.4413,,886.3858,,1237.992,48863.8945,29370.3392,,9476.11,,
2015-01-20,,,788.45,62651.0913,30663.8316,,7738.9464,,28447.2491,41.6175,,886.3488,,1237.9007,49051.9386,29361.6928,,9476.11,,
2015-01-21,,,791.84,62507.6016,30667.6879,,7774.2361,,28466.1584,42.454,,898.3111,,1239.1832,49371.2912,29375.3118,,9468.0,,
2015-01-22,,,800.39,62571.1883,30676.4255,,7815.4763,,28496.2604,43.5877,,917.8295,,1238.9496,49942.9087,29367.9923,,9468.0,,
2015-01-23,,,801.95,62648.9442,30679.8142,,7824.3302,,28519.4103,43.1144,,921.4525,,1238.739,49987.4332,29360.8684,,9493.29,,
2015-01-26,,,797.97,62396.3055,30684.7588,,7800.0438,,28522.5092,43.0814,,918.5176,,1239.1172,49556.324,29362.7526,,9493.29,,
2015-01-27,,,797.51,62427.7927,30699.2944,,7763.4366,,28563.0495,43.1804,,923.4609,,1240.4389,49580.131,29380.6317,,9493.29,,
2015-01-28,,,801.11,62202.7053,30706.2483,,7771.5285,,28587.6876,42.8722,,932.0135,,1241.1729,49910.7819,29396.4925,,9493.29,,
2015-01-29,,,798.67,62192.4208,30700.9624,,7773.8059,,28592.7947,42.7181,,935.4538,,1242.3822,49631.8694,29396.6269,,9493.29,,
2015-01-30,,,793.79,62075.0656,30726.5871,,7764.6505,,28602.6928,41.9477,,933.3933,,1242.7791,49734.3338,29428.7385,,9493.29,,
2015-02-02,,,795.81,62041.8447,30738.4178,,7839.9764,,28628.0954,42.8502,,939.6922,,1244.1188,50115.3769,29508.5759,,9493.29,,
2015-02-03,,,806.92,62241.3895,30742.4146,,7861.1673,,28634.1097,43.6207,,952.6389,,1244.6766,50984.6882,29539.1541,,9493.29,,
2015-02-04,,,808.26,62373.1248,30755.8531,,7858.5646,,28653.6103,43.4446,,955.1645,,1244.1274,51386.6151,29536.9088,,9493.29,,
2015-02-05,,,813.68,62619.7766,30747.3434,,7874.0503,,28674.1913,44.039,,956.9041,,1243.8921,51616.6545,29544.6818,,9493.29,,
2015-02-06,,,817.71,62841.9782,30785.9685,,7879.4619,,28780.0019,43.6978,,957.6342,,1244.7675,51603.2413,29584.0299,,9493.29,,
2015-02-09,,,816.61,63196.9333,30826.6589,,7843.7388,,28793.2129,43.8959,,952.4884,,1244.909,51287.6367,29594.6812,,9493.29,,
2015-02-10,,,818.26,63543.0584,30821.0351,,7879.5706,,28815.639,43.7528,,954.2236,,1245.2203,51032.7042,29594.333,,9493.29,,
2015-02-11,,,822.59,63693.9519,30803.1143,,7918.9579,,28817.953,43.4116,,958.4349,,1245.7078,50971.9751,29592.8179,,9493.29,,
2015-02-12,,,833.81,63967.3033,30814.7976,,7956.266,,28840.5422,44.6003,,969.4713,,1247.1716,51450.4152,29623.7425,,9493.29,,
2015-02-13,,,841.49,63872.7608,30805.9318,,7986.8918,,28839.584,45.1507,,980.3497,,1247.5734,51561.782,29632.6007,,9493.29,,
2015-02-16,,,845.65,64283.5901,30821.5399,,8005.418,,28870.4709,45.1507,,982.9777,,1249.5221,51853.1871,29652.7062,,9493.29,,
2015-02-17,,,841.77,64342.3786,30821.0756,,8006.6472,,28870.4709,44.7985,,980.1816,,1249.3941,51805.7993,29666.0324,,9557.5,,
2015-02-18,,,841.93,64493.6041,30833.609,,8014.2052,,28870.4709,45.0296,,980.4858,,1249.7526,52034.0423,29684.2293,,9557.5,,
2015-02-19,,,843.1,64670.0687,30837.7936,,7976.0892,,28925.4455,45.0957,,979.1561,,1249.7195,52080.1777,29708.0637,,9568.17,,
2015-02-20,,,847.44,64707.3866,30829.6254,,8032.3599,,28926.0368,45.4039,,981.4555,,1250.0929,52050.1307,29708.8767,,9568.17,,
2015-02-23,,,851.61,64884.2241,30831.0151,,8072.0797,,28934.8951,45.1617,,991.6952,,1252.4502,52291.534,29739.2532,,9568.17,,
2015-02-24,,,850.4,64699.9011,30832.2987,,8078.1959,,28951.9797,45.0847,,992.3038,,1254.6063,52033.7446,29770.7807,,9568.17,,
2015-02-25,,,845.58,64522.3695,30844.7361,,8033.4301,31753.8387,28966.7504,45.1727,,983.5918,,1255.3674,51708.5415,29779.6022,,9568.17,,
2015-02-26,,,844.41,64551.1942,30861.2574,,8028.2601,31784.4213,28984.6505,45.0406,,979.9496,,1255.9932,51610.9989,29773.9975,,9568.17,,
2015-02-27,,,848.46,64652.0596,30868.9564,,8031.5426,31776.7958,28987.6067,45.4699,,984.3716,,1254.3394,51740.2366,29791.628,,9617.03,,
2015-03-02,,,846.0,64481.1437,30870.9707,,8006.5169,31715.089,29006.4039,44.9966,,976.9863,,1255.8836,51317.6016,29799.9275,,9617.03,,
2015-03-03,,,850.92,64560.8899,30875.6488,,8031.2446,31798.5236,29030.6547,45.1397,,979.943,,1255.4691,51607.2002,29808.0574,,9617.03,,
2015-03-04,,,849.39,64375.2754,30900.555,,8021.6551,31758.5202,29060.9197,45.0736,,983.6011,,1256.75,51704.6914,29817.0156,,9639.89,,
2015-03-05,,,847.15,64425.2127,30924.2391,,8030.0473,31764.4385,29077.7189,44.6003,,981.387,,1258.2686,51507.3838,29818.858,,9639.89,,
2015-03-06,,,845.62,64343.0625,30947.1631,,8038.0268,31843.0659,29123.8964,44.006,,983.9598,,1258.8706,51460.997,29765.9218,,9639.89,,
2015-03-09,,,836.81,64414.214,30956.1634,,8005.2716,31580.1745,29127.1278,43.5107,,978.6579,,1258.9479,50894.8949,29763.4991,,9639.89,,
2015-03-10,,,836.52,64349.6985,30967.4082,,7968.0762,31472.7827,29135.1706,42.6631,,977.3736,,1260.4698,50645.7184,29691.0452,,9615.28,,
2015-03-11,,,834.16,64160.8268,30984.7607,,7924.6604,31286.24,29150.8791,42.476,,972.7254,,1260.1986,50482.0911,29638.7753,,9615.28,,
2015-03-12,,,838.96,64588.9853,30995.9524,,7935.875,31406.8818,29162.4387,42.8392,,976.4441,,1260.7382,50717.7422,29671.0185,,9615.28,,
2015-03-13,,,833.85,64437.0687,31007.3424,,7901.264,31236.9834,29176.0779,41.9367,,972.193,,1261.947,50338.761,29594.444,,9615.28,,
2015-03-16,,,834.43,64422.8754,31008.5426,,7863.4309,31267.6789,29186.7711,42.1128,,969.6182,,1263.0021,50376.5819,29605.192,,9615.28,,
2015-03-17,,,834.17,64289.5437,30984.6374,,7854.4257,31449.5765,29183.6722,42.1128,,971.2682,,1263.167,50587.8715,29604.7486,,9615.28,,
2015-03-18,,,842.45,64158.5973,30992.6488,,7857.6119,31841.9958,29202.9485,42.9053,,983.1437,,1263.4077,50961.9816,29657.4038,,9615.28,,
2015-03-19,,,845.71,64301.347,30993.7007,,7854.3577,31622.2435,29213.4276,42.454,,986.076,,1263.1813,50975.3595,29676.3534,,9615.28,,
2015-03-20,,,845.62,64197.0264,30999.3633,,7817.6247,31761.1751,29230.0739,43.1034,,986.5046,,1263.3237,51120.2292,29702.0803,,9615.28,,
2015-03-23,,,843.29,64181.1862,31008.7192,,7795.8668,31803.1882,29245.3848,43.6427,,986.0197,,1264.0099,51163.0245,29721.2017,,9583.5,,
2015-03-24,,,844.14,64204.3001,31011.0393,,7772.377,31866.972,29268.0047,44.083,,988.4557,,1265.1354,51213.2735,29743.0987,,9583.5,,
2015-03-25,,,843.22,63901.4265,31021.4235,,7790.3567,31807.5684,29277.5052,44.094,,987.0102,,1265.434,51449.5428,29760.2995,,9583.5,,
2015-03-26,,,837.53,63877.1963,31026.926,,7733.3531,31743.1839,29283.9986,43.6207,,983.7758,,1267.6889,51183.6405,29756.3781,,9585.2,,
2015-03-27,,,839.88,63873.228,31032.3695,,7730.4471,31767.0809,29298.3717,43.8188,,991.1268,,1267.011,51287.2256,29774.7605,,9585.2,,
2015-03-30,,,844.78,64067.4629,31040.7022,,7735.3155,31860.0287,29316.863,44.061,,996.8721,,1267.9735,51436.569,29798.4238,,9585.2,,
2015-03-31,,,847.58,64051.7076,31055.3907,,7757.7943,31866.8676,29319.86,44.3472,,998.794,,1268.2172,51485.2688,29790.0407,,9585.2,,
2015-04-01,,,849.63,63829.4506,31055.8762,,7763.8198,32025.1688,29320.5124,45.0957,,998.1659,,1268.7909,51664.035,29775.0391,,9560.11,,
2015-04-02,,,856.85,64074.4956,31057.8741,,7843.0526,32332.6277,29329.2688,45.5249,,1008.6271,,1269.9576,52270.222,29815.6965,,9603.1,,
2015-04-03,,,856.75,64072.756,31061.871,,7842.6769,32332.8984,29329.2688,45.5249,,1008.5652,,1270.1894,52267.9724,29824.8594,,9603.1,,
2015-04-06,,,861.38,64585.0315,31053.5139,,7910.1959,32340.3768,29338.8304,46.1413,,1013.1156,,1270.3032,52419.6629,29848.3875,,9603.1,,
2015-04-07,,,862.19,64649.92,31043.161,,7915.3122,32425.0614,29334.07,46.1633,,1014.3144,,1269.739,52366.1672,29856.2017,,9603.1,,
2015-04-08,,,861.56,64989.0709,30995.3223,,7974.1377,32527.4669,29253.7743,46.0973,,1016.7223,,1268.1177,52526.5049,29877.3373,,9603.1,,
2015-04-09,,,861.79,64986.7082,30979.6832,,7994.6497,32651.0163,29249.8395,46.1083,,1020.9687,,1268.0054,52853.7073,29903.6045,,9603.1,,
2015-04-10,,,863.68,64972.3397,31002.5298,,8014.2217,32818.6434,29255.1691,45.8772,,1025.1084,,1268.6506,53128.6381,29919.5605,,9603.1,,
2015-04-13,,,864.62,64603.1684,31014.2289,,8009.7527,32800.1631,29266.1562,45.8001,,1027.886,,1270.1639,53269.5967,29941.7577,,9700.0,,
2015-04-14,,,859.54,64431.0997,31013.6884,,8010.5748,32715.4422,29287.6735,45.9762,,1020.4353,,1270.4142,52909.0305,29974.2098,,9700.0,,
2015-04-15,,,862.7,64202.5572,31003.6806,,8011.5265,32833.3055,29278.8776,46.4055,,1023.6871,,1270.9605,53040.8845,29954.5391,,9700.0,,
2015-04-16,,,864.87,64391.3756,30993.3334,,8028.4908,33050.0924,29262.6669,46.7797,,1031.2293,,1270.9773,53321.3042,29956.1282,,9700.0,,
2015-04-17,,,861.03,64482.7879,30962.4891,,8010.5732,32851.6111,29195.6849,46.5046,,1025.5478,,1268.8959,53173.6494,29943.9875,,9700.0,,
2015-04-20,,,859.57,64626.1863,30954.2846,,8031.3684,32785.848,29184.4174,45.9982,,1024.3184,,1269.5182,53008.8034,29966.678,,9700.0,,
2015-04-21,,,859.01,64587.595,30956.5086,,8048.7423,32823.6463,29162.4742,46.1303,,1028.7731,,1270.5365,53069.1197,29998.5355,,9700.0,,
2015-04-22,,,860.08,64565.9709,30945.1154,,8041.6935,32772.7124,29167.3863,46.0753,,1028.1836,,1272.4627,53172.3575,30013.14,,9700.0,,
2015-04-23,,,861.13,64601.5126,30940.4827,,8051.2415,32809.9161,29167.8743,46.5046,,1036.8901,,1272.7186,53193.8806,30034.7231,,9700.0,,
2015-04-24,,,864.32,64432.0056,30934.9212,,8069.4948,33024.4173,29175.3306,46.9999,,1042.988,,1272.8676,53523.6548,30045.9735,,9700.0,,
2015-04-27,,,872.82,64568.5702,30944.9391,,8101.8742,33343.9246,29205.2285,47.7043,,1051.7819,,1274.4778,54247.6799,30062.1255,,9700.0,,
2015-04-28,,,874.1,64554.4658,30938.2219,,8100.1018,33091.9843,29194.8645,47.5612,,1046.7643,,1273.9603,54172.5582,30051.4209,,9710.0,,
2015-04-29,,,870.04,64564.522,30936.1446,,8088.2274,32983.0043,29220.5461,46.8128,,1039.936,,1274.6702,53574.2683,30020.2536,,9710.0,,
2015-04-30,,,869.07,64541.8815,30930.7473,,8126.1344,32996.3837,29202.9231,46.4715,,1034.5815,,1273.5769,53657.2138,29995.7718,,9710.0,,
2015-05-01,,,868.97,64540.1297,30936.1498,,8127.7785,32995.4277,29202.9231,46.9338,,1034.5098,,1273.8773,53672.7449,29999.0917,,9710.0,,
2015-05-04,,,871.46,64697.6023,30951.9007,,8154.1735,33097.9287,29235.1575,46.5046,,1038.0157,,1275.1427,53889.2986,30019.7337,,9710.0,,
2015-05-05,,,878.31,64740.3529,30954.5591,,8194.8247,33146.7981,29228.5943,47.231,,1045.2583,,1274.9411,54227.3929,30004.493,,9710.0,,
2015-05-06,,,879.54,64644.441,30953.0093,,8230.0752,33261.8618,29209.6317,47.4842,,1046.1341,,1272.1545,54412.3787,29987.4669,,9710.0,,
2015-05-07,,,883.3,64551.494,30954.17,,8270.6865,33255.3024,29235.3029,47.6383,,1049.5322,,1273.1962,54626.3564,30017.6577,,10026.44,,
2015-05-08,,,886.05,64786.5251,30990.8111,,8345.29,33190.7661,29301.4127,48.0455,,1055.6565,,1274.1346,54893.8657,30103.2988,,10051.59,,
2015-05-11,,,891.37,64851.8998,31011.4214,,8407.6573,33375.7873,29327.5201,48.1446,,1059.4274,,1275.1846,55128.1385,30095.8737,,10051.59,,
2015-05-12,,,889.3,64872.777,30997.3911,,8411.5157,33117.2653,29327.5201,48.2216,,1057.0788,,1272.9032,54941.1683,30032.7221,,10046.65,,
2015-05-13,,,887.42,64889.9585,31009.9081,,8414.6967,33308.8193,29301.6307,48.0345,,1053.2999,,1273.3948,54734.8413,30020.228,,10046.65,,
2015-05-14,,,882.33,64997.6696,30999.4262,,8420.9437,33132.4437,29308.7132,48.4528,,1047.845,,1273.755,54576.8012,30032.196,,10046.65,,
2015-05-15,,,882.88,65129.9098,31006.0279,,8428.6484,33191.8804,29317.8414,48.6839,,1047.6713,,1275.1568,54725.312,30080.2946,,10046.65,,
2015-05-18,,,882.38,65366.0668,31022.3002,,8448.4773,33226.8977,29335.9941,48.2877,,1046.506,,1276.1849,53185.6712,30139.3874,,10046.65,,
2015-05-19,,,884.18,65714.1218,31014.6565,,8459.9963,33078.5022,29331.6636,47.3961,,1048.0652,,1276.438,54700.0579,30137.5381,,10036.0,,
2015-05-20,,,878.58,65301.525,31017.9167,,8446.8943,32935.4475,29340.2415,47.0879,,1043.5027,,1276.8033,54424.8926,30157.6679,,10036.0,,
2015-05-21,,,878.47,65299.834,31022.9454,,8447.249,32934.4618,29340.2415,47.1099,,1043.4322,,1277.1024,54394.023,30161.7128,,10036.0,,
2015-05-22,,,876.53,65242.518,31029.5134,,8458.13,32869.3472,29354.3752,46.7907,,1040.6848,,1277.6386,54242.6043,30165.2168,,10036.0,,
2015-05-25,,,875.64,65303.2743,31046.2129,,8442.1657,32769.6668,29379.5584,46.7907,,1037.3833,,1279.1055,54135.539,30190.7649,,10036.0,,
2015-05-26,,,870.14,65130.8794,31054.4925,,8413.4063,32606.5468,29388.0428,46.2624,,1033.747,,1279.7328,53670.2847,30188.8518,,10036.0,,
2015-05-27,,,872.17,65047.2985,31064.0267,,8409.1367,32613.8826,29396.1221,46.1854,,1036.3606,,1279.273,53865.8497,30213.0156,,10036.0,,
2015-05-28,,,871.55,64974.5917,31066.983,,8408.5141,32593.445,29398.0641,45.9652,,1037.0004,,1279.6589,53894.0153,30224.964,,10036.0,,
2015-05-29,,,873.49,65112.398,31077.4384,,8425.0046,32722.6113,29416.871,45.4149,,1044.7389,,1280.5684,54019.4056,30244.1212,,10036.0,,
2015-06-01,,,867.46,65027.9587,31090.3966,,8378.9356,32349.2455,29430.6932,44.8205,,1037.911,,1281.2335,53611.6638,30246.6545,,10036.0,,
2015-06-02,,,860.64,64839.106,31096.2342,,8288.7433,32103.5681,29436.706,44.5783,,1032.1789,,1280.957,53243.0488,30241.7303,,10036.0,,
2015-06-03,,,861.58,64823.3942,31104.8494,,8331.8609,32162.7371,29441.5245,44.2701,,1031.3295,,1281.6296,53130.1769,30229.7759,,10036.0,,
2015-06-04,,,855.18,64683.5026,31116.5321,,8298.4839,31940.7273,29447.6931,43.7858,,1022.3752,,1283.0054,52748.3926,30231.1084,,10036.0,,
2015-06-05,,,852.67,64400.1653,31121.8952,,8244.9962,31914.3868,29459.0749,43.5767,,1019.4334,,1283.9758,52557.5489,30214.9941,,10036.0,,
2015-06-08,,,852.63,64137.8757,31133.481,,8231.5298,31811.3626,29477.7156,43.6537,,1016.9355,,1285.1598,52392.6899,30261.7541,,10036.0,,
2015-06-09,,,847.2,63765.2332,31138.2751,,8152.7786,31685.4347,29497.4364,43.5877,,1007.0111,,1285.0718,51932.6047,30243.8444,,10036.0,,
2015-06-10,,,854.47,63851.9955,31150.3686,,8190.6793,31878.9708,29500.8426,44.028,,1016.6584,,1283.7787,52407.1868,30246.6091,,10036.0,,
2015-06-11,,,855.55,63727.2003,31155.3285,,8194.2831,31915.2872,29501.6941,44.039,,1018.33,,1284.4965,52596.6037,30266.8624,,10130.0,,
2015-06-12,,,852.97,63753.2753,31165.3979,,8191.6708,31931.3443,29520.8541,44.017,,1017.3722,,1284.8491,52573.4444,30290.4116,,10130.0,,
2015-06-15,,,844.54,63480.6088,31187.3173,,8153.8858,31715.5862,29534.749,43.4886,,1007.4364,,1285.048,52098.932,30278.0997,,10130.0,,
2015-06-16,,,845.62,63354.4136,31187.381,,8140.3332,31632.622,29547.0654,43.5987,,1013.6328,,1285.2637,52187.0313,30309.207,,10130.0,,
2015-06-17,,,846.41,63279.4097,31211.1716,,8129.0563,31699.5908,29564.9065,43.4446,,1016.1661,,1285.3094,52210.3368,30283.6519,,10130.0,,
2015-06-18,,,838.19,63094.6161,31207.2257,,8093.6755,31362.6979,29569.185,43.4886,,1012.7304,,1285.0407,52018.5219,30285.1529,,10130.0,,
2015-06-19,,,833.1,63195.6345,31213.8799,,8042.0427,31304.0044,29568.5204,42.6851,,1005.8619,,1285.1451,51932.3238,30294.6076,,10130.0,,
2015-06-22,,,837.22,63498.2982,31217.0184,,8068.1885,31531.8776,29577.8564,43.3015,,1011.9121,,1285.6527,52591.8103,30342.5708,,10123.0,,
2015-06-23,,,840.64,63634.0986,31232.0411,,8117.5584,31592.168,29586.9638,43.8188,,1014.108,,1285.9388,52814.5413,30335.5395,,10123.0,,
2015-06-24,,,836.96,63704.0676,31246.3482,,8110.6847,31527.5265,29594.3994,43.4336,,1006.3939,,1286.0421,52433.7368,30328.3075,,10123.0,,
2015-06-25,,,830.59,63688.962,31247.069,,8116.2899,31243.236,29602.9357,42.8002,,996.9773,,1285.9385,51937.8151,30319.0859,,10123.0,,
2015-06-26,,,829.79,63510.391,31261.5322,,8104.0353,31368.4294,29621.7114,42.8113,,996.8344,,1287.0397,51859.6386,30321.1949,,10123.0,,
2015-06-29,,,829.52,63505.7981,31269.4629,,8104.6221,31364.7531,29621.7114,41.7726,,996.6831,,1287.5109,51866.8189,30337.5452,,10123.0,,
2015-06-30,,,829.65,63351.0703,31292.2656,,8097.8495,31427.1819,29661.6099,42.5768,,1000.0,,1288.3747,51838.72,30360.9442,,10123.0,,
2015-07-01,,,826.34,63324.3644,31290.569,,8093.7649,31099.8377,29665.1511,41.9848,,990.1399,,1288.6425,51738.4932,30370.1837,,10123.0,,
2015-07-02,,,824.64,63268.5837,31300.6909,,8105.2782,31275.1129,29681.0606,42.2864,,985.2794,,1288.9735,51539.6802,30381.7736,,10240.0,,
2015-07-03,,,827.66,63167.119,31309.1782,,8092.6163,31202.8725,29691.2897,42.2864,,987.6292,,1289.0642,51601.2532,30389.7292,,10028.27,,
2015-07-06,,,818.25,63034.9333,31323.9064,,8044.5143,30922.6407,29716.2547,41.27,,973.8061,,1290.0942,51102.3213,30377.4123,,10028.27,,
2015-07-07,,,810.33,62814.5829,31333.0249,,7988.1387,30687.7703,29725.7257,40.8232,,963.4395,,1290.3022,50583.8768,30316.4632,,10036.27,,
2015-07-08,,,805.1,62370.4487,31365.9434,,7921.4392,30513.552,29781.7725,40.1084,,955.3084,,1291.15,50619.2795,30353.4431,,10051.7,,
2015-07-09,,,810.42,62493.267,31380.6946,,7940.3591,30696.207,29813.602,40.7339,,965.0485,,1290.0648,50875.321,30425.1768,,10051.7,,
2015-07-10,,,822.71,62701.6453,31393.0161,,8016.2585,31218.7842,29835.0155,41.8285,,989.7644,,1291.1696,51837.1477,30465.405,,10051.7,,
2015-07-13,,,826.68,62987.6988,31422.6341,,8077.8351,31414.217,29875.6408,42.0407,,1001.0155,,1292.8445,52315.4501,30496.6294,,10051.7,,
2015-07-14,,,827.68,63279.7763,31430.8132,,8091.3525,31464.6162,29885.226,42.5209,,1005.1556,,1292.6382,52519.7519,30528.1488,,10051.7,,
2015-07-15,,,825.85,63932.6901,31431.1674,,8093.9087,31455.8496,29895.4862,42.2082,,998.4552,,1292.7402,52226.4321,30522.2015,,10051.7,,
2015-07-16,,,825.76,63931.0571,31435.8792,,8094.5189,31454.5041,29895.4862,42.4651,,998.3943,,1292.9908,52253.7658,30528.1513,,10051.7,,
2015-07-17,,,825.42,64146.2734,31440.7358,,8116.8986,31444.135,29910.3261,42.2864,,998.6357,,1293.4779,52252.1843,30535.123,,10051.7,,
2015-07-20,,,828.56,64102.2971,31469.7417,,8142.5328,31454.3007,29953.8385,42.2194,,1003.1053,,1294.886,52407.0502,30563.4374,,10051.7,,
2015-07-21,,,829.08,64067.9303,31483.6319,,8151.0623,31513.8191,29963.0083,42.1077,,1003.5347,,1295.516,52433.8155,30595.2025,,10051.7,,
2015-07-22,,,825.59,63794.8489,31498.3366,,8121.055,31209.8494,29991.1096,41.3929,,996.3664,,1296.7976,52137.4418,30597.6415,,10051.7,,
2015-07-23,,,825.82,63775.1467,31509.92,,8080.2831,31103.2247,30009.4388,40.9126,,989.4142,,1296.3462,51798.741,30581.382,,10051.7,,
2015-07-24,,,821.82,63588.8174,31531.3097,,8087.8894,30895.5145,30016.5939,40.3988,,985.1712,,1296.7308,51399.19,30552.8812,,10051.7,,
2015-07-27,,,813.62,63195.1664,31562.1197,,8027.3567,30514.3473,30054.6127,39.5164,,972.3845,,1297.8089,50755.6596,30536.2257,,10051.7,,
2015-07-28,,,815.36,62696.1208,31563.6536,,8002.924,30346.6842,30059.7532,39.5276,,968.9793,,1298.2359,50789.1595,30569.7676,,10269.0,,
2015-07-29,,,813.18,62747.68,31564.1012,,7951.7763,30436.5872,30060.9059,39.751,,965.8054,,1298.312,50910.9413,30594.325,,10269.0,,
2015-07-30,,,811.04,62647.5361,31578.8859,,7944.0506,30310.2332,30079.8893,39.092,,966.9643,,1299.7164,50865.8186,30605.3307,,10269.0,,
2015-07-31,,,820.83,62530.9857,31587.2322,,8013.3978,30802.645,30096.152,39.8962,,987.4747,,1299.9763,51508.8192,30613.8933,,10330.0,,
2015-08-03,,,820.37,61865.8652,31603.2012,,7946.1748,30434.3325,30118.6351,39.3824,,983.6682,,1300.7398,51327.5386,30586.5263,,10330.0,,
2015-08-04,,,820.41,61984.0578,31631.1269,,7967.2405,30569.1564,30134.7419,39.2484,,984.1272,,1302.2819,51350.3795,30629.6714,,10330.0,,
2015-08-05,,,823.83,61915.1532,31643.418,,7970.2987,30600.5777,30141.6063,39.4606,,986.9038,,1302.7177,51641.1064,30663.3577,,10450.0,,
2015-08-06,,,823.5,61943.3197,31668.4998,,7970.2864,30555.9449,30165.8237,39.5164,,986.2348,,1303.1663,51628.1565,30653.7017,,10450.0,,
2015-08-07,,,822.48,61921.0279,31677.28,,7909.2124,30509.5938,30165.8237,40.0079,,983.4789,,1306.0549,51484.2694,30650.1403,,10450.0,,
2015-08-10,,,823.01,61971.1526,31687.8209,,7902.3852,30453.64,30199.5847,40.41,,982.4095,,1306.3119,51572.8783,30723.5524,,10450.0,,
2015-08-11,,,816.36,61869.668,31702.7992,,7897.4469,30333.8069,30208.0587,39.4494,,974.2781,,1306.6552,51234.9755,30711.7123,,10450.0,,
2015-08-12,,,810.31,61690.3739,31719.5159,,7849.6666,30222.7254,30221.7147,39.3601,,966.7385,,1306.3019,50880.9663,30697.5008,,10450.0,,
2015-08-13,,,810.06,61812.6232,31736.7462,,7848.9634,30186.9752,30231.9957,38.4889,,969.4727,,1306.0934,50950.8119,30727.6427,,10450.0,,
2015-08-14,,,808.48,61760.3633,31737.3475,,7826.6864,30171.2925,30228.361,38.5782,,972.1442,,1305.3452,50817.6391,30752.0389,,10240.77,,
2015-08-17,,,807.54,61974.3037,31754.9277,,7828.2127,30018.2393,30252.2876,38.1091,,965.5931,,1307.1587,50794.9867,30773.7315,,10240.77,,
2015-08-18,,,804.49,61918.2647,31774.3316,,7826.8634,29785.6642,30264.0224,37.9974,,961.26,,1307.4646,50854.1133,30795.5732,,10240.77,,
2015-08-19,,,804.53,61632.9677,31790.7654,,7770.1888,29681.3978,30287.2637,37.8634,,962.4551,,1307.9167,50662.6548,30769.2601,,10240.77,,
2015-08-20,,,805.05,61663.5564,31798.0784,,7743.1908,29603.6967,30281.9466,37.9974,,962.6786,,1307.5872,50673.609,30701.1237,,10159.05,,
2015-08-21,,,799.78,61501.9256,31789.7901,,7721.2632,29374.1181,30273.1299,36.981,,950.0717,,1307.4621,50343.872,30567.1656,,10100.0,,
2015-08-24,,,777.06,60743.6434,31798.5068,,7554.7772,28774.029,30170.1126,35.6743,,912.1023,,1305.8041,48999.4975,30204.8945,1000.0,10100.0,,
2015-08-25,,,786.28,60942.8414,31793.1783,,7590.5756,29148.1386,30191.8895,35.8753,,924.8418,,1302.323,49666.939,30259.6096,1000.0931,10100.0,,
2015-08-26,,,789.99,61170.0362,31786.6342,,7599.0405,29112.0976,30205.9817,36.981,,919.8558,,1302.6223,49562.8748,30307.4303,1000.1862,10300.0,,
2015-08-27,,,808.09,61918.712,31793.8026,,7697.5752,29840.3217,30222.3793,38.8686,,944.4901,,1303.2861,50611.1364,30402.1162,1000.2793,10300.0,,
2015-08-28,,,813.57,62309.4826,31790.2535,,7758.7879,30144.51,30223.5736,38.6788,,955.1704,,1303.5389,51238.0826,30424.0292,997.6909,10300.0,,
2015-08-31,,,814.42,62492.9073,31802.8274,,7762.5965,30366.2474,30231.4972,39.1255,,961.3261,,1304.3062,51467.0849,30415.7112,998.3033,10300.0,,
2015-09-01,,,808.85,62029.2342,31796.1807,,7763.0032,30082.7871,30239.7635,38.5671,,953.9117,,1304.6573,51086.6936,30397.0906,999.757,10300.0,,
2015-09-02,,,810.24,62214.2646,31737.5931,,7758.4693,30141.6043,30209.2529,38.7681,,953.5527,,1304.493,51257.1953,30425.3041,1000.7986,10300.0,,
2015-09-03,,,816.55,62436.0797,31667.5384,,7790.5699,30502.6251,30195.9604,39.2149,,968.1305,,1303.6344,51923.9145,30415.1756,1001.0344,10300.0,,
2015-09-04,,,807.76,62416.2577,31650.9158,,7743.4587,30115.4595,30175.71,38.2655,,953.8649,,1304.1809,51375.3103,30388.3178,1001.433,10300.0,,
2015-09-07,,,804.83,62196.6685,31633.2802,,7733.6126,30112.8785,30164.349,38.2655,,952.0881,,1304.5759,51219.8976,30403.0505,1001.7073,10300.0,,
2015-09-08,,,803.33,62025.7531,31626.337,,7698.5394,30028.3304,30159.2916,38.1985,,946.1316,,1301.0374,51368.7344,30398.13,999.2162,10105.9,,
2015-09-09,,,796.97,61750.128,31623.0719,,7680.0761,29846.8882,30145.6564,37.8969,,941.4504,,1301.35,51045.5982,30406.2483,999.6928,10105.9,,
2015-09-10,,,796.11,61549.6046,31626.7952,,7662.5055,30039.24,30139.0308,38.4442,,938.789,,1301.938,50850.3362,30404.4181,1000.7735,10105.9,,
2015-09-11,,,796.1,61652.5719,31637.6602,,7704.7049,29994.4804,30159.8109,38.2432,,937.8081,,1302.8364,50891.3582,30421.614,1001.3961,10105.9,,
2015-09-14,,,793.28,61696.88,31638.5657,,7713.3067,29879.9365,30175.2323,38.3437,,937.3842,,1303.7417,50878.3321,30428.5385,1001.8005,10105.9,,
2015-09-15,,,797.0,61893.3242,31635.2698,,7743.834,30110.5704,30180.8505,38.6788,,946.3887,,1303.7861,51201.3364,30425.0713,1001.7357,10105.9,,
2015-09-16,,,803.1,62089.7545,31633.5096,,7773.9781,30163.811,30202.9701,39.7287,,957.4086,,1304.6345,51603.5041,30473.6845,1002.3143,10105.9,,
2015-09-17,,,802.94,62229.8037,31643.0768,,7821.9203,30115.2036,30205.7429,39.818,,961.3912,,1304.3756,51821.4966,30451.9754,1002.1809,10105.9,,
2015-09-18,,,802.85,62228.206,31649.7742,,7822.5895,30113.9472,30205.7429,39.0697,,961.3167,,1304.7162,51760.5375,30461.0425,1002.418,10105.9,,
2015-09-21,,,804.48,62179.8272,31690.2172,,7826.3894,30103.9101,30249.3591,38.8128,,963.4027,,1306.779,51718.4836,30481.3812,1003.8735,10105.9,,
2015-09-22,,,794.92,62405.0089,31690.7216,,7768.4464,29802.3132,30254.9461,37.3831,,950.099,,1307.1745,51095.2126,30370.7149,1003.6347,10035.0,,
2015-09-23,,,791.36,62455.5914,31699.0517,,7789.4222,29641.8219,30260.6785,36.5008,,951.5148,,1307.0823,50858.044,30350.7696,1003.3334,10034.0,,
2015-09-24,,,786.58,62612.4096,31694.4316,,7819.9771,29581.6766,30259.6608,37.0034,,946.7663,,1307.7895,50583.7855,30243.2956,1003.6707,10034.0,,
2015-09-25,,,789.68,62364.4061,31690.6409,,7804.7534,29499.1409,30273.7842,36.9364,,950.1747,,1307.6784,50795.1202,30313.8032,1003.6874,10034.0,,
2015-09-28,,,776.0,61626.6962,31706.436,,7698.8055,29098.1768,30288.6033,35.8641,,923.2512,,1308.8456,49871.3702,30261.6228,1004.5969,10034.0,,
2015-09-29,,,775.67,61174.1928,31713.9942,,7669.782,29070.3924,30300.0785,36.121,,918.6035,,1308.0121,49721.2202,30273.7562,1004.7395,10034.0,,
2015-09-30,,,784.1,61662.6714,31713.4973,,7705.8492,29242.2632,30289.7872,36.8135,,927.3844,,1307.8275,49969.4118,30357.4507,1004.4768,10017.73,,
2015-10-01,,,784.46,61557.1338,31707.0253,,7711.5283,29145.5879,30301.9686,36.7465,,926.9271,,1307.6411,49956.6866,30384.4842,1004.3798,10144.0,,
2015-10-02,,,782.37,61613.4886,31711.0927,,7733.3835,29187.5592,30316.7254,37.6065,,925.6302,,1308.6716,49961.1226,30448.0885,1004.429,10052.75,,
2015-10-05,,,792.1,61831.0634,31729.626,,7753.7522,29546.6229,30331.6068,38.5447,,939.2761,,1308.8846,50732.5388,30528.7866,1005.7064,10052.75,,
2015-10-06,,,797.25,62043.3273,31732.8066,,7774.6113,29704.124,30338.0973,39.0697,,947.153,,1309.8173,51164.4011,30550.3736,1006.1718,10052.75,,
2015-10-07,,,797.74,62160.736,31722.8413,,7779.6528,29791.4003,30341.0466,39.617,,951.839,,1308.8514,51485.1425,30548.9052,1005.58,10052.75,,
2015-10-08,,,800.53,62304.8046,31729.1696,,7771.7416,29812.16,30328.751,39.6616,,955.1904,,1309.3721,51600.9481,30540.8098,1005.8501,10052.75,,
2015-10-09,,,802.05,62435.4014,31733.4118,,7804.708,30000.4559,30316.6734,39.8739,,961.9462,,1308.3955,51887.5838,30522.9156,1004.0178,10052.75,,
2015-10-12,,,801.78,62430.6606,31749.116,,7802.1416,29996.4159,30316.6734,40.1196,,961.7219,,1309.3097,51907.8197,30527.919,1004.639,10052.75,,
2015-10-13,,,801.15,62353.1538,31760.6702,,7781.6948,29995.8324,30354.3703,39.2707,,961.0159,,1309.7708,51814.2528,30574.0127,1005.6309,10052.0,,
2015-10-14,,,798.53,62295.8877,31764.3248,,7749.3702,29712.3347,30355.0661,39.2707,,957.1295,,1309.1159,51667.7208,30537.7524,1005.6448,10052.0,,
2015-10-15,,,799.97,62368.7907,31766.5307,,7753.5994,29817.1531,30359.4485,39.7175,,959.0412,,1309.3242,51637.7167,30533.8338,1005.5378,10052.0,,
2015-10-16,,,798.93,62334.5906,31766.1031,,7769.5948,29760.3364,30347.4333,39.9744,,958.2483,,1308.4552,51608.6494,30560.1508,1005.2688,10052.0,,
2015-10-19,,,802.02,62392.9428,31783.6469,,7745.7948,29769.3385,30373.1461,39.1255,,960.2254,,1309.7666,51693.2612,30567.9431,1007.7218,10052.0,,
2015-10-20,,,802.69,62319.4718,31792.0499,,7732.6806,29762.8871,30365.6378,39.0808,,964.7716,,1309.8126,51755.9003,30600.7074,1007.4026,10052.0,,
2015-10-21,,,804.93,62239.1811,31802.2521,,7721.6092,29727.2243,30364.5786,38.7346,,970.396,,1310.1053,51789.5086,30620.0837,1007.5514,10052.0,,
2015-10-22,,,813.12,62237.6715,31802.8682,,7749.0065,29803.1608,30376.5419,39.5388,,986.175,,1309.8018,52184.7106,30574.9275,1007.3851,10052.0,,
2015-10-23,,,815.41,62064.8012,31807.8523,,7753.9455,29965.9334,30331.991,39.9855,,994.6208,,1307.3735,52393.4491,30555.4853,1004.0852,10100.0,,
2015-10-26,,,815.64,62472.0987,31822.9198,,7794.1384,30037.126,30340.4131,39.952,,1002.2969,,1307.765,52665.679,30600.9286,1004.3461,10090.0,,
2015-10-27,,,811.99,62543.735,31853.4483,,7784.9911,29908.9641,30337.4535,39.55,,993.4176,,1307.8221,52257.9403,30591.4409,1004.6857,10090.0,,
2015-10-28,,,811.04,62456.9627,31823.464,,7791.3262,30076.2121,30332.3026,39.617,,991.9929,,1305.8784,52337.2138,30449.39,1004.2943,10090.0,,
2015-10-29,,,803.29,62523.2437,31808.9958,,7775.5722,29851.843,30250.0341,39.1255,,983.8512,,1299.2863,52269.3181,30426.8311,998.5741,10082.88,,
2015-10-30,,,798.58,62588.1537,31811.0949,,7766.2094,29925.71,30195.4619,38.9692,,975.9655,,1297.3353,52167.273,30473.6253,998.4199,10082.88,,
2015-11-02,,,797.88,62711.1242,31801.6305,,7770.8007,29951.898,30139.9343,39.1032,,974.7034,,1295.0662,52252.1283,30467.6076,997.5015,10082.88,,
2015-11-03,,,798.84,62899.2262,31784.1004,,7753.0607,30280.2062,30065.3194,39.7845,,979.4347,,1293.3479,52506.3422,30423.2345,996.7152,10082.88,,
2015-11-04,,,801.0,63001.4239,31767.2568,,7791.0047,30410.6994,30051.923,39.4048,,983.5604,,1292.7687,52657.9105,30435.1646,996.8388,10082.88,,
2015-11-05,,,796.31,62935.8729,31770.8987,,7777.7492,30421.1123,30035.2346,39.025,,973.9182,,1292.3517,52595.1698,30441.5165,995.3871,10082.88,,
2015-11-06,,,794.88,62691.1528,31743.4931,,7742.6279,30280.3925,30034.8296,38.5671,,972.802,,1289.7775,52615.8756,30402.2521,993.5589,10082.88,,
2015-11-09,,,790.46,62505.1329,31728.2117,,7711.9837,30156.9367,30016.5835,37.9528,,967.8342,,1289.7482,52425.2195,30399.9438,993.4305,10082.88,,
2015-11-10,,,784.47,62285.2243,31716.176,,7708.8835,30040.9785,30021.2255,37.8857,,955.9295,,1290.3424,52099.1204,30400.1761,994.8237,10082.88,,
2015-11-11,,,784.95,62285.107,31690.7051,,7712.024,30027.051,29999.5109,37.9751,,959.4029,,1290.296,52194.6975,30428.7967,993.6901,10007.26,,
2015-11-12,,,782.72,62404.2292,31678.3499,,7734.3932,30052.8609,30046.2841,37.64,,958.4433,,1293.7184,52298.0742,30458.0236,995.74,10007.26,,
2015-11-13,,,776.83,62143.2685,31663.25,,7752.8525,30092.8142,30066.5033,37.305,,946.3109,,1294.4805,52000.0482,30458.2678,996.0796,10007.26,,
2015-11-16,,,775.93,61921.414,31675.9207,,7758.1217,29922.6703,30088.5087,37.305,,943.6477,,1296.4354,51984.1292,30471.885,996.1611,10007.26,,
2015-11-17,,,775.25,61777.8361,31665.8531,,7716.2944,29751.9859,30085.1856,36.713,,940.7293,,1295.1087,51872.8936,30468.6124,996.6168,10007.26,,
2015-11-18,,,772.03,61769.2997,31652.7215,,7723.7807,30648.1487,30097.7304,37.0592,,937.7523,,1295.848,52263.2836,30474.9328,997.0653,10007.26,,
2015-11-19,,,781.61,62233.3062,31685.0855,,7795.3998,30716.4276,30113.3388,37.2156,,951.7508,,1296.4408,52918.1279,30512.0996,998.3805,10007.26,,
2015-11-20,,,783.08,62176.0591,31690.6063,,7799.9672,30927.5526,30132.9661,37.7964,,957.5383,,1296.744,53364.2712,30534.4291,999.8583,10007.26,,
2015-11-23,,,781.8,61829.2825,31712.8623,,7789.6987,30581.618,30165.2317,37.0592,,953.167,,1298.7033,53163.6385,30569.6901,1001.0808,10007.26,,
2015-11-24,,,777.16,61546.5037,31718.8371,,7749.1943,30388.6447,30175.2738,37.0592,,940.9775,,1297.1983,52854.1841,30607.1717,1001.7773,10007.26,,
2015-11-25,,,774.22,61636.8851,31730.3926,,7728.6026,30275.8054,30204.0813,36.8023,,937.5747,,1298.8743,52681.8307,30597.5967,1003.4774,10007.26,,
2015-11-26,,,771.75,61596.2015,31741.1136,,7707.5016,30261.0022,30179.5212,36.8023,,935.6264,997.8082,1297.4427,52497.7228,30592.2428,1002.6069,10007.26,,
2015-11-27,,,764.55,61379.2653,31714.5625,,7717.9529,30214.0521,30169.0222,36.3221,,924.376,997.816,1294.1459,52107.7305,30638.9914,1002.211,10007.26,,
2015-11-30,,,755.72,61115.8331,31721.3745,,7695.2192,29966.4339,30168.7729,36.2327,,901.0305,998.1362,1291.9972,51332.4299,30617.1343,1002.177,10007.26,,
2015-12-01,,,751.96,61114.8326,31724.3112,,7684.2307,29710.3456,30147.0064,35.987,,891.9685,998.172,1289.9573,50976.9949,30624.744,1001.7044,10007.26,,
2015-12-02,,,746.46,60960.6387,31736.2376,,7645.0938,29612.4078,30149.3637,35.6408,,879.204,998.0301,1288.592,50565.3792,30615.2961,1001.6974,10007.26,,
2015-12-03,,,742.63,60568.9702,31720.6702,,7615.4697,29557.0303,30140.3913,35.92,,878.2465,997.9589,1286.5234,50426.7887,30544.4129,1001.2923,10007.26,,
2015-12-04,,,740.25,60378.4704,31720.9299,,7592.8369,29672.4081,30138.3454,35.9423,,878.8233,997.9627,1286.5913,50265.8951,30618.7673,1001.2744,10007.26,,
2015-12-07,,,739.01,60452.6032,31733.4122,,7566.9571,29665.0222,30148.6887,35.4062,,877.7968,998.5881,1287.3185,50340.7036,30640.5231,1001.6341,10007.26,,
2015-12-08,,,738.93,60450.9597,31738.269,,7565.4661,29663.4043,30148.6887,34.9929,,877.7172,998.7729,1287.6047,50298.3451,30608.9726,1001.6341,10007.26,,
2015-12-09,,,737.52,60410.0225,31721.6001,,7557.2188,29413.4724,30126.5068,35.2722,,874.8766,998.2702,1287.5409,49955.6356,30557.4063,1001.4707,10007.26,,
2015-12-10,,,737.48,60494.8936,31719.4985,,7569.8385,29431.0054,30115.2392,35.0935,,873.5071,998.0127,1281.0994,49982.9826,30576.4375,1001.0943,9985.0,,
2015-12-11,,,730.31,60222.5373,31702.2371,,7565.6679,29370.2328,30084.1679,34.6467,,861.8332,997.7616,1280.4358,49608.3627,30388.4763,1000.3024,9985.0,,
2015-12-14,,,728.81,60212.3473,31648.87,,7541.6941,29318.45,30077.3554,34.468,,858.1687,997.759,1280.2783,49266.227,30315.2521,999.8556,9985.0,,
2015-12-15,,,741.11,60180.9593,31636.1029,,7547.924,29568.9337,30058.7562,34.9929,,876.2187,997.4175,1279.5705,49748.0321,30397.9188,999.274,9985.0,,
2015-12-16,,,745.65,60068.2227,31627.3082,,7566.704,29690.0807,30044.0617,35.7301,,887.6018,996.9196,1279.2508,50177.489,30410.3351,998.5447,9939.78,,
2015-12-17,,,755.73,60606.778,31618.3743,,7598.2893,30049.1601,30033.6042,36.0652,,906.7403,996.9203,1280.8271,51128.6501,30462.5389,998.333,9939.78,,
2015-12-18,,,751.6,60293.7653,31620.4875,,7602.7545,29958.2335,30019.3147,35.9088,,907.0908,996.2762,1280.7419,51014.0107,30453.8385,998.0692,9939.78,,
2015-12-21,,,746.44,59925.4528,31602.3131,,7563.4268,29766.8638,30017.2793,36.1712,,900.5118,995.8635,1281.3031,50643.5523,30463.3465,998.1057,10019.94,,
2015-12-22,,,746.02,59827.2189,31543.5023,,7553.8568,29842.3528,29984.4425,36.0479,,897.6543,995.3893,1280.0321,50480.0203,30351.0707,997.4545,10019.94,,
2015-12-23,,,752.44,60066.0415,31563.0638,,7558.9436,30155.3139,29944.8452,36.7541,,910.9361,994.9249,1280.0321,50987.2755,30408.8538,996.5815,10000.0,,
2015-12-24,,,752.75,60092.87,31557.6268,,7545.1564,30125.283,29919.2674,36.3954,,911.8886,994.7771,1279.089,50999.6741,30397.4502,996.4677,10000.0,,
2015-12-25,,,752.67,60091.2938,31559.4538,,7544.7813,30123.6711,29919.2674,36.3954,,911.8103,994.8469,1279.2485,50997.6563,30400.9009,996.4677,10000.0,,
2015-12-28,,,750.99,59972.5025,31552.3612,,7514.0318,30209.235,29931.0127,36.2385,,911.051,995.1132,1280.7883,51036.7497,30405.2757,997.776,10000.0,,
2015-12-29,,,754.43,60282.7229,31530.9104,,7566.4255,30424.7291,29917.4709,36.2385,,914.5602,994.0671,1281.2382,51260.597,30415.9106,997.776,9880.0,,
2015-12-30,,,757.14,60685.1862,31536.5558,,7606.9485,30576.1932,29917.4709,36.0143,,914.8545,994.4297,1280.4698,51309.3557,30419.2451,998.1386,9880.0,,
2015-12-31,,,757.05,60683.5371,31533.8347,,7606.1249,30572.4382,29917.4709,35.7789,,914.396,994.4144,1280.6317,51331.2023,30421.1178,998.2417,9880.0,,
2016-01-01,,,756.97,60681.9073,31535.5788,,7605.9657,30570.9369,29917.4709,35.7789,,914.32,994.4648,1280.7133,51329.076,30424.9068,998.2417,9880.0,,
2016-01-04,,,748.2,60488.1599,31545.4849,,7559.49,30113.2438,29948.6149,35.3866,,899.2693,994.7899,1280.6859,50598.03,30380.7025,998.2417,9880.0,,
2016-01-05,,,748.14,60375.4336,31565.6333,,7564.04,30211.0054,29968.263,35.6444,,900.1164,995.0709,1279.446,50609.0114,30365.6534,999.4899,9880.0,,
2016-01-06,,,747.14,60354.5052,31594.0849,,7544.4534,30143.9804,29998.0155,35.3642,,894.2896,996.0168,1281.0714,50635.9194,30390.4903,1000.3234,9880.0,,
2016-01-07,,,737.02,59983.8931,31614.8487,,7513.024,29704.4869,30032.8461,34.1312,,874.9925,996.9393,1282.0575,49789.0067,30304.5608,1000.8487,9880.0,,
2016-01-08,,,739.52,59842.4545,31622.2567,,7519.8393,29654.1887,30043.314,33.6716,,876.5159,997.2239,1282.2376,49757.6015,30246.3129,1000.6163,9880.0,,
2016-01-11,,,740.74,59648.9929,31637.8566,,7462.7171,29516.2138,30069.8057,33.6604,,879.7541,997.9819,1283.3235,49882.8846,30294.7929,1001.1839,9880.0,,
2016-01-12,,,740.07,59915.6925,31644.8342,,7466.7721,29426.2481,30081.634,33.582,,876.2912,998.3903,1283.6811,49645.244,30295.3744,1001.1839,9880.0,,
2016-01-13,,,742.93,59833.6772,31659.8667,,7485.5018,29490.248,30083.659,33.8286,,879.3237,998.6473,1283.3979,49754.1562,30313.8192,1001.1839,9880.0,,
2016-01-14,,,740.52,60026.205,31673.9727,,7522.9805,29629.6682,30097.1074,34.0527,,879.0717,999.2055,1283.6242,49753.2874,30366.0523,1000.9997,9880.0,,
2016-01-15,,,732.58,59852.195,31686.6323,,7469.0745,28996.6931,30105.9448,33.2793,,869.2454,999.9231,1284.0728,49241.1944,30213.5707,1001.5593,9880.0,,
2016-01-18,,,728.92,59754.3068,31703.0005,,7454.9901,28811.159,30131.4188,33.2793,,863.7475,1000.8211,1285.349,48934.7449,30230.6096,1002.2483,9880.0,,
2016-01-19,,,732.83,59806.1003,31711.1386,,7452.1901,28866.954,30143.4236,33.3578,,869.6892,1000.8671,1284.9684,49089.7138,30315.8984,1002.2094,9880.0,,
2016-01-20,,,722.11,59610.0292,31734.6561,,7390.3202,28760.9668,30153.2684,33.2009,,848.622,1001.6761,1285.0527,48460.635,30157.3105,1002.1257,9945.0,,
2016-01-21,,,729.3,59701.2287,31743.1782,,7375.2604,28853.7563,30180.2689,33.2233,,860.0173,1002.0562,1286.4536,48875.8073,30252.0012,1002.7524,9810.0,,
2016-01-22,,,737.16,59874.391,31755.2214,,7422.5224,29302.7845,30184.1425,34.5459,,875.7916,1002.3751,1286.0122,49578.5983,30382.7222,1002.8412,9821.93,,
2016-01-25,,,738.39,59995.5894,31782.6091,,7430.649,29201.5253,30203.0428,34.1088,,880.076,1002.9785,1286.1283,49663.7533,30408.4858,1002.8412,9821.93,,
2016-01-26,,,739.33,60494.8664,31822.0192,,7440.325,29306.8587,30233.5223,34.4451,,885.1357,1003.406,1285.8131,49777.9029,30374.3382,1003.6143,9821.93,,
2016-01-27,,,741.24,60015.6017,31846.477,,7382.2287,29250.112,30243.6682,34.5011,,886.7802,1004.2737,1285.164,49754.0456,30408.2398,1003.513,9821.93,,
2016-01-28,,,748.96,60511.9999,31875.6449,,7455.3631,29666.538,30262.5166,35.3418,,899.3592,1004.7583,1286.1276,50216.7959,30429.0802,1003.8762,9821.93,,
2016-01-29,,,765.0,60718.3432,31905.9648,,7501.2942,30211.6924,30275.6119,36.5747,,932.0361,1005.3484,1286.0993,51321.2735,30476.0684,1004.1899,9821.93,,
2016-02-01,,,768.32,60888.5245,31922.3728,,7499.7862,30249.9964,30304.1909,36.7877,,939.1791,1005.6549,1287.6201,51769.399,30534.5422,1004.9991,9821.93,,
2016-02-02,,,759.52,60737.3449,31947.7234,,7469.7769,29898.6119,30333.2372,35.4763,,926.5665,1006.4098,1288.3368,51222.9702,30488.0634,1004.9875,9821.93,,
2016-02-03,,,753.16,60815.3252,31971.2039,,7471.6059,29555.044,30351.2756,36.0928,,917.486,1007.0886,1288.7923,50776.0631,30408.4595,1005.2718,9821.93,,
2016-02-04,,,763.21,61185.2376,31993.3897,,7502.9917,30042.9753,30353.498,36.9783,,933.8766,1007.5407,1289.3979,51465.4274,30492.7737,1005.3839,9821.93,,
2016-02-05,,,764.92,61450.4405,32000.1828,,7513.6249,29925.5636,30369.6152,36.5187,,937.8252,1007.9196,1288.63,51575.2064,30505.8987,1005.7058,9821.93,,
2016-02-08,,,761.46,61253.1763,32028.3841,,7498.1912,29904.9064,30385.1613,36.3169,,929.0623,1008.8995,1290.8261,51424.2787,30459.5702,1006.2207,9821.93,,
2016-02-09,,,761.83,61447.8558,32039.2404,,7502.7888,30012.4825,30387.5706,36.0816,,927.0149,1009.29,1291.4774,51343.3154,30410.3253,1006.5432,9890.0,,
2016-02-10,,,767.66,61767.3624,32054.0163,,7536.5427,30106.5978,30399.7519,36.1824,,934.5257,1009.7692,1291.2454,51828.7795,30477.5418,1006.853,9890.0,,
2016-02-11,,1017.2,763.83,61932.3934,32079.9943,,7524.2899,29869.0309,30425.5582,35.9022,,925.9846,1010.7932,1291.5744,51390.5501,30298.282,1007.4633,9890.0,,
2016-02-12,,1018.52,767.22,62073.0625,32104.3019,,7535.7346,29922.9011,30446.7536,36.7541,,930.5326,1011.4255,1292.448,51688.0477,30376.4548,1008.0161,9890.0,,
2016-02-15,,1018.52,769.54,62196.5768,32135.5681,,7572.8487,30117.8845,30471.1579,36.7541,,935.1332,1012.1889,1293.8001,52055.8665,30454.5351,1008.7229,9885.0,,
2016-02-16,,1018.52,772.16,62343.4875,32148.7231,,7600.3937,30408.685,30477.15,36.9559,,941.7948,1012.4597,1293.3674,52410.6063,30478.4231,1008.9864,9885.0,,
2016-02-17,,1018.52,777.44,62637.8884,32160.4963,,7600.5651,30616.6707,30483.1524,37.5948,,953.4155,1012.7459,1292.7905,52923.0943,30520.9384,1009.357,9885.0,,
2016-02-18,,1018.52,777.74,62693.2537,32173.7232,,7605.8308,31029.7967,30512.3441,37.6284,,954.9316,1013.2718,1293.5588,53129.9764,30539.8939,1009.7912,9885.0,,
2016-02-19,,1018.52,776.53,63018.3632,32181.9635,,7646.8287,31037.1979,30532.0441,37.8301,,953.1411,1013.6665,1294.5467,53165.9738,30587.6195,1010.3213,9885.0,,
2016-02-22,,1018.52,779.14,63022.1461,32194.488,,7667.2146,31118.0161,30550.7056,38.144,,957.3406,1014.329,1294.4875,53330.5441,30557.5474,1011.1072,9930.0,,
2016-02-23,,1018.52,771.21,62614.9759,32206.3857,,7638.2346,30902.9238,30569.0244,37.4266,,945.5935,1014.5901,1295.3367,52870.8243,30523.5786,1011.2203,9930.0,,
2016-02-24,,1018.52,764.13,62253.0575,32213.1782,,7573.8254,30539.2526,30580.24,37.2809,,934.7811,1015.0424,1296.2825,52356.9811,30483.4716,1011.6639,9930.0,,
2016-02-25,,1018.52,767.14,62420.6369,32219.0004,,7613.5293,30633.251,30586.9278,37.5387,,941.5919,1015.2436,1296.4417,52547.687,30551.4481,1012.2809,9930.0,,
2016-02-26,,1018.52,771.34,62407.6709,32222.2284,,7682.4289,30857.0369,30593.3872,37.393,,950.1695,1015.336,1297.2525,53087.7823,30593.0432,1013.0313,9930.0,,
2016-02-29,,1018.52,770.38,62419.7762,32241.5696,,7696.7783,30988.2187,30622.5477,37.2024,,946.2808,1015.7694,1297.7996,52954.5767,30643.0056,1014.0438,9930.0,,
2016-03-01,,1018.52,776.3,62400.1897,32250.0317,,7689.5901,31124.2923,30645.3735,38.1888,,952.6045,1015.9612,1298.3465,53163.0369,30668.3462,1014.2387,9930.0,,
2016-03-02,,1018.52,780.52,62324.1131,32253.7619,,7704.7064,31231.9631,30648.9044,38.5811,,953.3468,1016.0244,1298.4252,53342.9896,30678.8436,1014.5463,9930.0,,
2016-03-03,,1018.52,785.66,62718.9718,32247.6853,,7742.1924,31814.7984,30652.996,39.1976,,954.8555,1015.9825,1299.0906,53784.9074,30762.3562,1014.8168,9930.0,,
2016-03-04,,1023.14,791.23,62872.8719,32244.6076,,7781.3844,32074.4897,30709.5205,39.6796,,961.7496,1015.7636,1303.1618,54275.7616,30822.7312,1017.2805,10262.0,,
2016-03-07,,1023.14,792.99,63124.7191,32244.122,,7795.5619,32068.0121,30710.4967,39.6908,,962.4477,1015.5671,1303.7337,54366.7784,30852.4441,1017.426,10262.0,,
2016-03-08,,1023.14,791.32,63400.2478,32253.9751,,7792.3456,32001.4592,30720.1961,39.1752,,951.5896,1015.8075,1304.2981,54016.5759,30923.7571,1017.5689,10262.0,,
2016-03-09,,1023.14,791.25,63684.3961,32255.7044,,7805.1736,31953.5795,30745.2443,39.3994,,954.4538,1015.7557,1304.02,54000.2172,30960.0263,1017.9227,10262.0,,
2016-03-10,,1023.14,793.18,63980.5701,32252.6318,,7870.3767,32120.2914,30791.4359,39.5339,,961.5154,1015.7965,1307.3008,54161.0782,31023.2454,1020.1635,10262.0,,
2016-03-11,,1023.14,797.7,64485.9698,32261.9531,,7927.6858,32419.7126,30805.3204,39.8702,,969.4706,1015.9445,1308.155,54382.1025,31074.7197,1020.9521,10262.0,,
2016-03-14,,1023.14,799.9,64948.7677,32264.7261,,7958.4387,32481.1826,30815.0406,39.8029,,972.7278,1015.9962,1307.48,54514.6517,31097.0621,1021.0688,10262.0,,
2016-03-15,,1023.14,798.3,64949.0776,32275.1988,,7973.7783,32703.9627,30829.7766,39.433,,974.7351,1016.2116,1308.7495,54606.8929,31085.4193,1021.1905,10262.0,,
2016-03-16,,1023.14,797.29,65214.0778,32277.9083,,8003.6134,32841.1082,30859.7161,39.8253,,977.3719,1016.4664,1309.9418,54778.2516,31104.9728,1022.1121,10262.0,,
2016-03-17,,1023.14,802.33,65647.9717,32286.6935,,8029.5758,33160.0114,30901.3176,40.9799,,982.9343,1016.7094,1310.9337,55318.2975,31084.8838,1022.6383,10262.0,,
2016-03-18,,1023.14,810.87,66122.7669,32295.543,,8059.6668,33577.9708,30925.8985,41.0583,,994.0708,1016.9429,1311.6111,56086.0537,31148.0124,1022.9349,10262.0,,
2016-03-21,,1023.14,814.11,66377.6893,32305.4687,,8059.8536,33471.5394,30948.0181,41.1928,,998.833,1017.3324,1311.9637,56162.7414,31191.1902,1023.9125,10262.0,,
2016-03-22,,1023.14,813.84,66379.3766,32309.9374,,8059.9981,33490.0052,30959.7841,40.9687,,993.8943,1017.625,1311.8235,55919.0287,31210.7282,1024.2838,10262.0,,
2016-03-23,,1023.14,809.88,66391.7773,32314.187,,8073.7333,33349.8021,30961.643,40.1504,,982.4313,1017.8637,1312.6202,55503.8809,31225.1972,1023.7712,10262.0,,
2016-03-24,,1026.03,805.85,66412.6017,32318.0562,,8090.5133,33281.0152,30966.5654,40.0271,,979.8481,1018.003,1313.0775,55330.7492,31286.7103,1024.3055,10262.0,,
2016-03-25,,1026.03,805.76,66410.9951,32322.249,,8090.124,33279.2108,30966.5654,40.0271,,979.8084,1018.1351,1313.3209,55329.469,31292.5055,1024.3055,10262.0,,
2016-03-28,,1026.03,805.72,66322.7763,32333.2489,,8104.8518,33041.3239,30987.74,40.1168,,978.0274,1018.3411,1313.6359,55316.6872,31319.3164,1024.8556,10262.0,,
2016-03-29,,1026.03,808.24,66311.3074,32341.6725,,8064.0767,33152.0179,31017.4614,40.4194,,976.4316,1018.6103,1314.5701,55307.4838,31315.2317,1024.676,10262.0,,
2016-03-30,,1026.03,813.01,66471.1384,32342.5566,,8139.8231,33536.5732,31004.5634,41.1816,,985.1794,1018.6326,1315.1474,55734.1232,31297.8329,1027.9091,10262.0,,
2016-03-31,,1026.03,812.37,66709.3967,32362.2352,,8177.1958,33687.1409,31048.5742,41.361,,986.6863,1019.0921,1316.9282,55893.79,31354.6516,1028.7983,10262.0,,
2016-04-01,,1026.03,811.84,66872.3299,32370.0033,,8192.3931,33745.7677,31063.113,41.4506,,984.8063,1019.4958,1318.0844,55939.4685,31349.2476,1029.1656,10223.2,,
2016-04-04,,1026.03,813.26,66867.8263,32386.4211,,8193.1933,33823.0155,31089.4385,41.2713,,987.0487,1020.0526,1318.797,56008.7455,31419.2578,1029.3372,10223.2,,
2016-04-05,,1026.03,810.18,66749.7571,32399.5368,,8183.649,33618.7903,31099.491,40.666,,984.8824,1020.403,1319.3585,55856.8919,31432.98,1029.4386,10223.2,,
2016-04-06,,1026.03,804.37,66712.2524,32421.534,,8180.1775,33527.7015,31114.362,40.397,,977.0443,1020.8806,1320.6836,55795.7365,31434.6511,1030.2195,10220.0,,
2016-04-07,,1026.03,800.04,66604.0629,32420.7467,,8166.0906,33567.4222,31120.1152,39.6236,,972.2864,1020.9756,1320.4327,55388.4544,31476.0543,1029.58,10220.0,,
2016-04-08,,1026.03,807.89,67133.5636,32409.5585,,8188.5791,33771.495,31125.2142,40.0383,,980.5902,1020.9645,1320.8424,55892.6485,31513.0691,1030.1176,10220.0,,
2016-04-11,,1026.03,808.06,67286.4248,32432.1689,,8188.2235,33794.8963,31157.0748,40.2513,,978.534,1021.507,1321.9942,55961.0471,31581.4434,1031.3967,10264.17,,
2016-04-12,,1026.03,808.08,67122.8799,32447.4405,,8192.3817,34015.2123,31148.5281,40.9911,,981.7961,1021.522,1321.3696,56063.8408,31574.1781,1031.949,10264.17,,
2016-04-13,,1026.03,812.12,67683.6903,32449.6453,,8213.4885,34048.3669,31159.484,41.3161,,987.2298,1021.7462,1323.6481,56412.0793,31593.2443,1032.4176,10264.17,,
2016-04-14,,1030.08,812.33,67821.8128,32454.7363,,8220.9516,34074.6496,31147.8011,41.5964,,980.3162,1021.8936,1323.15,56311.5823,31555.6036,1032.0439,10264.17,,
2016-04-15,,1030.08,811.17,68560.2359,32475.346,,8252.0519,34207.6346,31161.1456,41.3385,,978.2161,1022.3966,1323.9428,56317.8173,31612.5912,1031.999,10264.17,,
2016-04-18,,1030.08,812.74,69262.8602,32479.9402,,8260.9705,34248.4277,31184.1272,41.686,,980.5332,1022.9494,1325.0695,56325.5807,31630.8963,1032.7301,10264.17,,
2016-04-19,,1030.08,816.79,69684.8768,32504.8088,,8278.5725,34480.1199,31221.5021,42.5379,,987.6288,1023.1361,1327.6507,56696.337,31634.2498,1034.0996,10264.17,,
2016-04-20,,1031.13,814.59,69661.49,32511.907,,8267.543,34371.8579,31226.1234,42.2465,,986.1619,1023.0023,1328.7013,56629.3589,31616.9941,1034.7253,10264.17,,
2016-04-21,,1032.08,814.26,69805.1692,32504.0822,,8291.3732,34265.7746,31227.3799,42.0559,,989.9728,1022.8646,1328.379,56666.4039,31676.2966,1034.1652,10264.17,,
2016-04-22,,1032.08,814.92,70123.9625,32524.0665,,8320.5784,34362.3647,31213.3812,41.4618,,986.3067,1022.88,1326.8144,56535.6078,31672.7812,1033.9386,10264.17,,
2016-04-25,,1032.08,813.07,70072.3506,32545.1669,,8314.4953,34074.293,31248.0561,40.9574,,974.4122,1023.3633,1329.1468,56335.8569,31740.7855,1034.8877,10264.17,,
2016-04-26,,1032.66,811.84,69851.0051,32549.6663,,8310.1112,34291.1934,31262.9687,41.2713,,974.9623,1023.5014,1328.0027,56356.6423,31774.994,1035.6943,10264.17,,
2016-04-27,,1032.66,814.41,69414.6169,32551.9663,,8301.3824,34406.203,31220.4221,41.8766,,981.4992,1023.533,1328.1374,56457.912,31765.112,1034.8632,10430.0,,
2016-04-28,,1032.66,819.93,69721.1643,32539.9951,,8327.3662,34519.5159,31197.7625,42.4706,,992.5105,1023.2937,1327.7164,56878.8571,31746.1366,1034.2826,10430.0,,
2016-04-29,,1032.66,821.7,69940.6603,32540.0548,,8359.8659,34403.7093,31194.2524,42.7397,,993.0987,1023.0966,1328.2242,56934.7091,31759.0706,1033.7319,10431.52,,
2016-05-02,,1032.66,823.77,69897.0397,32567.762,,8362.0237,34354.8756,31206.9219,42.3922,,993.5294,1023.5022,1329.0037,56834.5053,31771.7973,1034.549,10431.52,,
2016-05-03,,1032.66,821.2,70030.2484,32584.537,,8350.9558,34388.8,31219.5706,41.8429,,993.6797,1023.6783,1329.6932,56731.9259,31790.3313,1034.7836,10431.52,,
2016-05-04,,1032.66,824.14,70445.2702,32600.5349,,8371.3429,34418.5304,31230.1631,41.6972,,994.7615,1024.0063,1330.472,56861.8122,31772.0696,1035.1777,10431.52,,
2016-05-05,,1032.66,827.07,70421.8619,32612.967,,8416.6232,34580.3732,31243.2479,41.8766,,998.197,1024.3245,1330.8414,57052.4727,31777.8439,1035.3842,10431.52,,
2016-05-06,,1032.66,826.78,70752.4322,32630.0924,,8420.3428,34517.5324,31259.2406,42.0671,,995.8738,1024.6856,1331.0898,56864.4799,31773.4453,1035.931,10431.52,,
2016-05-09,,1032.66,824.15,70857.5672,32641.3268,,8446.3779,34499.788,31268.9088,40.7445,,991.8737,1025.215,1332.1526,56711.6258,31822.9699,1035.7614,10431.52,,
2016-05-10,,1035.92,823.45,70918.1746,32657.3575,,8431.3272,34526.5146,31283.9356,41.0359,,991.0743,1025.5355,1332.6114,56666.0519,31788.693,1036.7111,10431.52,,
2016-05-11,,1035.92,822.84,70677.4777,32670.2529,,8363.515,34421.3323,31318.3197,41.0135,,994.4289,1025.8946,1333.8518,56787.7657,31867.5794,1037.6016,10431.52,,
2016-05-12,,1035.92,826.73,70885.4497,32679.9347,,8417.7628,34592.7083,31354.1681,40.7669,,998.9692,1026.1176,1334.0681,57124.1768,31920.4354,1038.83,10431.52,,
2016-05-13,,1035.92,826.57,70688.1992,32706.4766,,8363.098,34546.121,31365.0306,40.2177,,997.2094,1026.5356,1334.631,57017.0709,31977.2225,1039.1487,10431.52,,
2016-05-16,,1035.92,824.26,70940.6501,32719.3606,,8412.9007,34398.9995,31383.7441,39.8029,,997.91,1027.0967,1334.799,57069.3148,31981.5239,1039.934,10431.52,,
2016-05-17,,1035.92,822.21,70860.1556,32734.3571,,8416.3083,34271.1442,31409.2803,40.0831,,993.7874,1027.5604,1335.3116,56793.2821,31999.1301,1040.768,10431.52,,
2016-05-18,,1038.91,818.88,70553.6826,32751.1707,,8394.739,34343.5385,31432.9369,39.5451,,990.0762,1028.0637,1336.2263,56654.5456,31996.9815,1041.0845,10431.52,,
2016-05-19,,1039.4,814.06,70451.0092,32767.4083,,8407.833,34188.4579,31436.4574,39.2649,,986.1248,1028.4662,1336.3972,56382.3604,31998.3159,1041.2664,10430.0,,
2016-05-20,,1039.4,818.28,70531.5142,32778.0187,,8451.5526,34303.4772,31447.6314,39.5675,,988.8138,1028.7779,1337.0232,56468.9395,32053.5428,1042.0398,10430.0,,
2016-05-23,,1040.45,817.49,70509.1736,32811.2415,,8480.4601,34421.3952,31460.1659,39.4891,,989.2152,1029.5588,1338.1739,56332.5169,32076.5615,1042.6384,10430.0,,
2016-05-24,,1040.45,816.39,70404.0476,32823.8869,,8480.4601,34593.9125,31481.1017,39.433,,992.4473,1029.8762,1339.0725,56530.5736,32063.5629,1042.6384,10349.0,,
2016-05-25,,1040.45,819.41,70222.2094,32836.0341,,8473.5432,34595.7566,31506.451,39.7357,,996.8599,1030.2286,1342.4845,56700.5045,32084.7089,1044.0741,10357.0,,
2016-05-26,,1040.45,820.0,70365.7493,32846.1282,,8495.1862,34643.3372,31509.7949,40.0495,,997.4691,1030.5883,1342.5458,56746.3981,32077.7741,1043.5779,10357.0,,
2016-05-27,,1040.45,819.17,70319.8159,32854.3582,,8475.1952,34574.4866,31519.4009,39.9935,,997.5808,1030.8452,1342.8262,56698.2717,32096.0702,1044.113,10357.0,,
2016-05-30,,1042.34,818.36,70401.0794,32872.1572,,8452.6056,34841.1153,31536.432,39.9935,,998.4409,1031.472,1345.0804,56633.464,32109.6412,1044.0176,10357.0,,
2016-05-31,,1042.34,818.83,70536.2491,32878.8105,,8457.4299,34634.3962,31548.8003,39.4554,,995.4915,1031.5127,1344.3789,56471.3473,32068.3055,1044.3969,10357.0,,
2016-06-01,,1042.38,818.06,70557.2061,32891.3782,,8463.6487,34674.1222,31558.3439,39.377,,994.9921,1031.8484,1344.6177,56509.8514,32101.5397,1045.3259,10357.0,,
2016-06-02,,1042.38,819.68,71058.92,32907.6299,,8521.2327,34422.9576,31559.4862,39.5227,,994.8494,1032.1503,1342.8863,56494.8149,32094.3276,1044.088,10357.0,,
2016-06-03,,1042.38,822.03,71211.4778,32916.4075,,8516.3188,34616.4366,31583.6517,40.3746,,994.3926,1032.3961,1344.1595,56601.8496,32129.6721,1044.0784,10357.0,,
2016-06-06,,1044.06,826.29,71346.4329,32943.2058,,8558.2347,34633.9778,31611.8465,41.0695,,1000.5429,1033.1541,1344.696,56840.1713,32137.9304,1045.1844,10357.0,,
2016-06-07,,1044.06,829.24,71409.1981,32963.6612,,8558.8005,34745.8891,31630.2068,41.3273,,1003.5445,1033.651,1345.7062,57064.4384,32154.177,1045.8641,10357.0,,
2016-06-08,,1044.06,832.53,71730.1929,32969.7956,,8571.562,34723.8734,31617.4543,41.6748,,1004.2713,1033.7514,1346.1303,57336.2974,32142.0659,1045.8221,10357.0,,
2016-06-09,,1044.06,827.24,71670.225,32978.413,,8551.9182,34303.5328,31626.5721,41.1368,,997.6592,1034.0001,1346.6837,57055.3627,32186.8893,1045.7917,10357.0,,
2016-06-10,,1044.82,823.35,71628.0355,32990.9255,,8568.7194,34271.9161,31629.0645,40.397,,990.8597,1034.097,1347.2588,56701.9917,32203.4104,1046.2235,10357.0,,
2016-06-13,,1044.82,818.56,71584.1671,33011.1869,,8540.0545,34156.0803,31654.2165,39.8365,,983.7305,1034.5489,1348.5678,56445.9055,32218.2305,1046.5259,10357.0,,
2016-06-14,,1044.82,817.73,71350.6493,33019.4204,,8523.8437,34210.2975,31659.1908,39.7805,,981.6819,1034.6204,1348.7673,56335.7722,32199.2277,1045.7706,10357.0,,
2016-06-15,,1044.82,819.47,71273.7736,33020.6728,,8523.8496,34307.6835,31665.2452,40.0944,,984.8112,1034.7428,1349.3098,56512.6925,32242.552,1047.3999,10357.0,,
2016-06-16,,1044.82,819.22,71376.467,33036.4113,,8530.3251,34314.9088,31673.9165,40.128,,980.2804,1034.9214,1350.3287,56478.3587,32249.171,1046.4752,10357.0,,
2016-06-17,,1044.82,823.21,71472.4992,33028.6269,,8525.122,34482.3932,31676.3881,40.4642,,983.4204,1034.9253,1350.2461,56668.3317,32250.693,1047.2627,10357.0,,
2016-06-20,,1044.82,826.47,71428.5232,33023.3783,,8535.9988,34502.279,31687.9879,41.0135,,986.7149,1035.1378,1350.3017,56801.7999,32301.3822,1048.2316,9313.0,,
2016-06-21,,1044.82,825.14,71393.4366,33011.4633,,8522.0928,34524.57,31691.5084,41.3722,,983.6505,1034.9846,1349.946,56717.8126,32287.9134,1048.4108,9313.0,,
2016-06-22,,1044.82,826.5,71421.0118,33010.2559,,8532.5768,34553.1958,31691.5707,41.3794,,988.2601,1034.999,1349.5475,56963.2011,32308.7576,1048.3872,9378.54,,
2016-06-23,,1044.82,828.89,71440.3344,33018.2537,,8550.1014,34638.5345,31701.9555,42.1558,,994.3746,1035.0424,1350.0466,57239.1516,32295.2261,1048.6441,9378.54,,
2016-06-24,,1044.82,817.53,70847.4716,33023.1357,,8452.2501,34306.9563,31716.8577,40.0092,,978.1943,1035.3894,1350.8693,56405.1643,32303.2107,1047.8753,9378.54,,
2016-06-27,,1044.82,817.27,70842.215,33032.96,,8452.6427,34302.899,31716.8577,39.267,,977.9569,1035.6975,1351.574,56374.7568,32266.3688,1048.4385,9378.54,,
2016-06-28,,1044.82,816.16,70958.4128,33042.5768,,8453.571,34062.7708,31747.3787,40.9455,,973.2635,1035.8818,1352.1933,56290.9777,32270.8781,1049.6762,9378.54,,
2016-06-29,,1044.82,819.97,71296.2749,33059.0057,,8479.8047,34211.2909,31772.053,41.7334,,980.2411,1036.4046,1352.977,56636.9034,32299.2344,1049.2975,9378.54,,
2016-06-30,,1044.82,824.61,71601.4915,33069.3443,,8522.8947,34318.2055,31797.1323,42.0188,,987.3663,1036.9398,1355.8426,56807.8686,32312.0616,1049.4508,9378.54,,
2016-07-01,,1044.82,830.39,71921.0974,33089.1397,,8590.5849,34581.7013,31816.5415,42.407,,996.2698,1037.4588,1356.9128,57078.3194,32328.8972,1050.0352,9378.54,,
2016-07-04,,1044.82,831.92,72240.4343,33108.9497,,8608.2004,34583.7573,31842.4516,42.407,,998.441,1038.0224,1358.0334,57095.4455,32345.1145,1050.8658,9378.54,,
2016-07-05,,1044.82,832.6,72194.6486,33131.0412,,8622.7378,34633.9155,31862.0581,42.0416,,994.154,1038.4403,1359.02,56932.174,32356.0014,1051.2539,9430.69,,
2016-07-06,,1044.82,835.62,72294.0875,33140.5327,,8676.5194,35367.1363,31885.6005,41.0939,,996.2881,1038.8512,1359.3981,57531.1147,32391.3573,1052.5795,9430.69,,
2016-07-07,,1044.82,841.38,72825.6416,33151.1988,,8689.4326,35329.404,31906.6194,41.6991,,993.6222,1039.3066,1360.2477,57502.2882,32441.7405,1052.1981,9430.69,,
2016-07-08,,1044.82,841.68,73259.2653,33185.6188,,8753.0563,35472.4443,31946.2582,42.4413,,996.5576,1040.0765,1361.6839,57668.2793,32465.6447,1054.0463,9430.69,,
2016-07-11,,1044.82,845.04,73472.1886,33216.8449,,8783.1277,35577.7977,31979.9985,42.3271,,1001.7027,1040.833,1364.0736,57659.2541,32488.3233,1054.5411,9430.69,,
2016-07-12,,1044.82,848.52,73761.4439,33222.8986,,8795.7699,35636.8244,31994.8591,42.8866,,1008.0867,1041.0456,1364.7319,58257.7182,32555.9136,1055.7491,9430.69,,
2016-07-13,,1044.82,850.95,74156.3859,33258.5949,,8829.5235,35624.0579,32030.074,42.9893,,1008.2862,1042.3626,1365.7976,58237.4667,32605.4465,1056.9704,9430.69,,
2016-07-14,,1044.82,849.35,74576.1925,33264.8168,,8834.1606,35731.7445,32046.5132,43.5945,,1010.1358,1042.6373,1366.4853,58482.2749,32605.3494,1058.195,9430.69,,
2016-07-15,,1044.82,854.99,74701.676,33283.3259,,8853.3709,35913.9061,32058.5699,43.526,,1017.0938,1042.7918,1367.0816,58795.0502,32631.9694,1058.4816,9430.69,,
2016-07-18,,1044.82,859.27,74905.0281,33298.4752,,8862.4505,36038.9904,32081.0531,44.1426,,1021.5977,1043.3015,1369.1531,59168.8233,32668.1285,1059.2709,9430.69,,
2016-07-19,,1044.82,865.62,75061.3773,33307.6315,,8887.9399,36115.029,32087.6163,44.0855,,1031.0779,1043.537,1369.7897,59568.4105,32677.8835,1059.8437,9430.69,,
2016-07-20,,1044.82,862.88,75096.0507,33314.9091,,8920.1298,35996.3734,32101.7604,44.2225,,1028.7639,1044.0142,1370.3575,59626.3616,32691.412,1061.204,9430.69,,
2016-07-21,,1044.82,863.18,75315.2212,33319.7139,,8940.7113,36189.006,32108.012,44.1654,,1024.1799,1044.1318,1371.4956,59551.184,32701.6833,1061.5322,9430.69,,
2016-07-22,,1044.82,872.59,75996.0093,33324.2065,,9022.8871,36562.2386,32113.3187,44.4166,,1030.4655,1044.1693,1371.7287,59932.5611,32710.9376,1062.4049,9430.69,,
2016-07-25,,1044.82,873.51,76104.2463,33328.5897,,9067.3131,36587.2158,32106.8905,44.0512,,1028.5608,1044.3353,1371.5189,59785.7382,32749.1657,1062.7134,9430.69,,
2016-07-26,,1044.82,875.27,76499.3751,33327.9096,,9153.6297,36685.5869,32092.7671,43.8914,,1031.4486,1044.0451,1371.3589,59957.9881,32783.4398,1062.1511,9430.69,,
2016-07-27,,1044.82,876.79,77292.7673,33321.3039,,9200.4999,36845.3753,32096.5991,43.6859,,1032.3809,1043.9698,1372.4587,60082.5845,32805.3543,1061.8744,9430.69,,
2016-07-28,,1044.82,876.76,77662.9548,33319.2653,,9224.1877,36871.6047,32103.2662,43.6173,,1027.2719,1043.9916,1372.5925,59820.7639,32801.843,1062.1502,9430.69,,
2016-07-29,,1044.82,875.41,77365.6533,33324.0855,,9260.6691,36613.5832,32113.0383,43.9028,,1021.9426,1044.2386,1373.0088,59626.8311,32785.5023,1062.4487,9430.69,,
2016-08-01,,1044.82,871.93,77366.8108,33351.3519,,9201.888,36579.9134,32133.8702,43.3776,,1018.6246,1045.0237,1374.6247,59595.9757,32819.1187,1063.5419,9430.69,,
2016-08-02,,1044.82,866.52,77152.6692,33361.8363,,9165.1455,36351.2438,32158.0876,43.3319,,1011.8584,1045.2957,1375.1056,59264.6579,32807.8948,1063.8955,9580.0,,
2016-08-03,,1044.82,868.97,77215.4912,33372.8471,,9142.6853,36383.3071,32175.3368,43.4917,,1013.4946,1045.5535,1375.6828,59447.5051,32819.0752,1064.7766,9580.0,,
2016-08-04,,1044.82,870.04,77234.2364,33390.7066,,9135.6579,36415.9371,32194.476,43.6402,,1015.8651,1046.0391,1376.0755,59694.5163,32849.5545,1065.4831,9580.0,,
2016-08-05,,1044.82,870.28,77241.8121,33398.5583,,9134.3288,36443.6883,32219.4515,43.4803,,1017.5228,1046.1727,1376.5315,59772.788,32836.2491,1066.0072,9580.0,,
2016-08-08,,1044.82,871.4,77420.6481,33422.2934,,9168.0631,36493.6361,32212.2444,43.8,,1022.338,1047.0145,1377.7992,59874.0224,32904.7944,1066.99,9600.0,,
2016-08-09,,1044.82,874.98,77812.157,33442.2788,,9175.4024,36690.2501,32223.6988,44.154,,1025.7422,1047.443,1378.3689,59976.1646,32927.2617,1067.6742,9600.0,,
2016-08-10,,1044.82,873.7,79356.8898,33465.5377,,9193.1914,36520.2287,32263.5869,44.154,,1022.2183,1048.256,1380.1805,59817.0445,32959.8383,1068.7293,9600.0,,
2016-08-11,,1044.82,871.86,78079.0008,33501.4762,,9161.1395,36547.1979,32301.3149,44.9533,,1023.5759,1049.4437,1382.4704,59938.4824,32930.574,1070.6496,9600.0,,
2016-08-12,,1044.82,875.45,78456.7699,33556.5429,,9230.0785,36533.355,32356.8425,44.5536,,1026.9855,1050.9198,1385.4166,60111.0399,32968.5867,1072.2948,9676.87,,
2016-08-15,,1044.82,875.16,78450.946,33565.779,,9228.8184,36527.8407,32356.8425,44.6792,,1026.757,1051.243,1386.1154,60133.846,32980.5995,1072.6398,9676.87,,
2016-08-16,,1044.82,878.75,78579.7588,33605.8315,,9271.1069,36539.6689,32418.1025,44.3824,,1028.9773,1052.4684,1387.8208,60308.4335,33040.5234,1074.5182,9676.87,,
2016-08-17,,1044.82,870.22,78353.2686,33614.0304,,9209.3227,36358.3813,32434.8844,43.5717,,1021.25,1053.0422,1389.1141,59997.7433,33073.7407,1076.8378,9676.87,,
2016-08-18,,1044.82,872.71,78207.5624,33633.5601,,9221.9982,36439.0743,32457.2117,43.7315,,1022.3917,1053.2027,1390.0813,59905.2204,33058.2689,1076.9458,9716.49,,
2016-08-19,,1044.82,879.17,78514.4499,33634.7854,,9257.0844,36393.4195,32462.1964,43.4803,,1027.3127,1053.2749,1390.0261,60070.1212,33086.063,1078.3087,9716.49,,
2016-08-22,,1044.82,876.67,78313.0386,33645.7412,,9252.1076,36654.6853,32475.2086,42.8409,,1025.8389,1053.6971,1390.5105,60043.7115,33117.2151,1078.3486,9716.49,,
2016-08-23,,1044.82,884.84,78326.7166,33658.8152,,9281.5831,36889.8192,32494.7321,42.6468,,1032.842,1054.1059,1391.6221,60545.5294,33125.6137,1078.5807,9716.49,,
2016-08-24,,1044.82,888.73,78491.2732,33670.3074,,9318.9747,37120.2734,32499.8933,43.1264,,1032.9421,1054.742,1392.5402,60724.3791,33173.505,1080.3065,9700.0,,
2016-08-25,,1044.82,892.08,78630.641,33704.8984,,9354.5036,37289.6209,32531.1516,43.4004,,1032.4059,1055.8424,1394.6954,60699.8013,33177.0451,1081.9156,9850.0,,
2016-08-26,,1044.82,889.62,78745.7542,33716.1243,,9388.1931,37348.6953,32542.0245,42.8067,,1027.1796,1056.1519,1395.2952,60331.0802,33184.4074,1081.952,9850.0,,
2016-08-29,,1044.82,888.23,79033.9499,33748.1174,,9407.6854,37593.6917,32578.579,42.7838,,1029.4645,1057.4803,1397.0379,60478.0897,33225.5288,1083.4976,9850.0,,
2016-08-30,,1044.82,887.07,79322.4377,33755.5671,,9467.0472,37905.1263,32595.2051,42.4527,,1030.6583,1057.8667,1397.8342,60441.7214,33247.0439,1084.8566,9850.0,,
2016-08-31,,1044.82,882.98,79813.3295,33781.2714,,9432.7019,37798.7678,32624.0022,41.6991,,1022.9313,1058.3063,1400.0681,60177.2411,33269.1181,1085.4242,9796.73,,
2016-09-01,,1044.82,881.44,80538.7386,33782.056,,9435.3929,38056.2884,32634.6674,41.7904,,1024.154,1058.4784,1400.6633,60162.3991,33281.0178,1085.8728,9796.73,,
2016-09-02,,1044.82,882.42,80828.2859,33790.5585,,9489.9011,38104.5923,32647.8977,42.7838,,1027.4523,1058.6353,1401.5688,60194.6237,33281.3728,1087.3073,9796.73,,
2016-09-05,,1044.82,882.08,81189.199,33801.7968,,9494.5205,38216.1142,32672.5824,42.7838,,1028.8945,1059.1003,1403.8864,60114.202,33303.7638,1088.3942,9796.73,,
2016-09-06,,1044.82,880.19,81293.4111,33824.3865,,9490.5151,38223.5642,32698.1394,43.1378,,1027.6298,1059.7501,1405.7121,59953.383,33319.2152,1090.1457,9796.73,,
2016-09-07,,1044.82,879.32,81727.42,33853.1155,,9498.0772,38260.4187,32726.8742,42.761,,1021.0901,1060.4486,1407.9063,59861.8024,33369.9437,1090.2039,9720.0,,
2016-09-08,,1044.82,878.33,82782.89,33866.6334,,9501.5919,38276.4338,32748.5576,42.407,,1017.1566,1060.9442,1408.8877,59988.208,33398.9185,1091.6728,9790.0,,
2016-09-09,,1044.82,875.74,82755.7067,33869.8128,,9503.3298,38384.2894,32770.5942,41.8019,,1015.7832,1060.9266,1408.8072,59917.2716,33412.6845,1092.4682,9790.0,,
2016-09-12,,1044.82,866.3,82610.3793,33862.8427,,9477.3147,38261.5193,32773.045,41.916,,1006.7504,1061.0741,1409.1443,59667.1314,33406.3686,1092.9732,9790.0,,
2016-09-13,,1044.82,868.57,82980.0354,33877.4573,,9461.1626,38116.2172,32768.0188,41.2081,,1006.5985,1061.2653,1409.7657,59636.1843,33416.0193,1092.2702,9816.35,,
2016-09-14,,1044.82,869.3,82800.7977,33865.3994,,9462.6505,38241.1189,32777.6455,41.231,,1008.2718,1061.115,1409.3789,59662.974,33390.3651,1092.4051,9816.35,,
2016-09-15,,1044.82,870.74,82891.1965,33879.2252,,9466.7881,38191.6375,32786.483,41.6192,,1009.8352,1061.4473,1410.0699,59877.5529,33389.1774,1092.5658,9816.35,,
2016-09-16,,1044.82,867.45,82852.2362,33879.3915,,9447.8907,38121.9361,32792.2673,41.1853,,1003.0286,1061.5196,1410.7335,59706.6258,33400.0476,1092.7292,9816.35,,
2016-09-19,,1044.82,867.16,82846.1072,33883.8563,,9446.5596,38123.2746,32792.2673,41.2995,,1002.8312,1061.6768,1411.2059,59690.2372,33408.1945,1093.0775,9816.35,,
2016-09-20,,1044.82,867.43,82996.9251,33892.8241,,9492.5053,38275.1512,32814.5116,41.6078,,1005.2261,1062.0388,1411.902,59683.6044,33427.2863,1094.3144,9816.35,,
2016-09-21,,1044.82,870.8,83692.1926,33917.5128,,9506.6957,38373.1189,32853.7973,42.544,,1006.6059,1062.5489,1412.1832,60008.0726,33441.4217,1094.6267,9816.35,,
2016-09-22,,1044.82,874.85,83574.538,33957.2632,,9535.4716,38441.5816,32895.0147,43.1264,,1015.3486,1063.5511,1413.9947,60327.8102,33471.573,1095.8659,9816.35,,
2016-09-23,,1044.82,872.79,83734.1921,33966.4501,,9540.7613,38425.5147,32907.5595,42.5783,,1013.705,1063.9504,1415.205,60225.4296,33508.8291,1096.6491,9816.35,,
2016-09-26,,1044.82,871.26,83862.3227,33994.8753,,9546.0809,38386.926,32939.8147,42.2928,,1010.2871,1064.5635,1416.5618,60016.451,33516.4563,1097.4422,9816.35,,
2016-09-27,,1044.82,865.66,84496.9525,34030.2469,,9542.1937,38216.6386,32974.8323,42.3271,,1002.5859,1065.4331,1417.9587,59536.2216,33523.4634,1098.931,9816.35,,
2016-09-28,,1044.82,867.19,84518.1538,34057.6703,,9588.1853,38357.403,32998.4162,42.6468,,1003.5216,1066.1486,1419.7858,59557.8412,33542.6706,1100.0745,9850.0,,
2016-09-29,,1044.82,865.75,84770.7858,34084.9913,,9640.7346,38282.6042,33021.8132,42.2129,,1003.1496,1066.7879,1422.1393,59591.3897,33555.1533,1102.1619,9940.31,,
2016-09-30,,1044.82,856.02,84979.1512,34100.254,,9627.6138,38141.4881,33016.06,42.1216,,992.3172,1066.6808,1422.3047,59075.2648,33558.4923,1102.4296,9940.31,,
2016-10-03,,1044.82,856.99,85733.7714,34111.2845,,9672.1121,38361.101,33032.2707,42.2928,,995.7183,1067.0909,1423.4499,59127.1979,33572.944,1103.0768,9940.31,,
2016-10-04,,1044.82,864.49,85820.3413,34112.7355,,9710.0922,38419.8699,33066.1044,42.1787,,1002.0024,1067.4888,1423.8329,59554.6971,33582.3652,1103.9215,9940.31,,
2016-10-05,,1044.82,867.56,86211.2389,34126.3,,9714.1421,38498.4708,33076.8112,42.3043,,1004.6186,1068.271,1424.3124,59788.1878,33593.3511,1104.2037,9940.31,,
2016-10-06,,1044.82,868.47,86307.5423,34158.6213,,9725.9329,38480.6049,33085.7421,42.3157,,1006.8357,1068.8984,1424.922,59794.2876,33610.3322,1104.4468,9940.31,,
2016-10-07,,1044.82,871.5,86150.5368,34164.6855,,9738.8969,38502.9027,33110.6034,42.2015,,1010.8493,1068.6054,1425.3066,59753.4962,33584.7124,1104.5119,9953.93,,
2016-10-10,,1044.82,871.2,86144.0242,34170.6706,,9738.8969,38497.4001,33110.6034,42.3842,,1010.6296,1068.811,1425.8334,59761.7963,33597.2019,1104.5119,9953.93,,
2016-10-11,,1044.82,872.64,86023.6353,34167.0716,,9745.6045,38645.3686,33123.439,42.6011,,1012.6882,1068.6155,1426.6965,60019.0922,33601.1401,1105.9728,9953.93,,
2016-10-12,,1044.82,879.67,86032.7999,34182.4697,,9779.9315,38730.6873,33113.6773,42.6125,,1018.2383,1068.3129,1426.6536,60536.2895,33614.5814,1105.9702,9984.1,,
2016-10-13,,1044.82,882.7,85753.5173,34190.661,,9771.6189,38806.8708,33109.9283,42.4755,,1019.1131,1067.956,1428.1373,60639.3869,33650.7717,1106.5651,9987.86,,
2016-10-14,,1044.82,886.76,86195.4946,34178.8692,,9809.6747,38801.394,33114.7988,42.6925,,1026.0644,1067.4586,1428.6675,61041.3194,33677.9836,1106.6137,9987.86,,
2016-10-17,,1044.82,891.39,86806.8239,34179.226,,9810.7277,38922.4656,33114.238,42.8181,,1029.3226,1067.2415,1428.4159,61386.6239,33671.2622,1106.3616,10068.12,,
2016-10-18,,1044.82,897.16,87044.9154,34163.7487,,9838.6105,39181.1692,33082.9278,43.5146,,1035.5023,1066.2509,1429.3052,61837.4146,33692.7584,1105.4142,10069.96,,
2016-10-19,,1044.82,910.11,87136.1796,34149.1259,,9870.4787,39403.1781,33054.1515,44.3938,,1048.8856,1065.1403,1429.459,62589.6072,33721.6393,1104.0265,10069.96,,
2016-10-20,,1044.82,913.05,87526.3399,34148.581,,9872.8656,39267.0465,33016.3716,44.2568,,1053.4678,1064.0921,1429.7546,62749.1843,33715.2107,1103.3337,10103.15,,
2016-10-21,,1044.82,909.41,87573.8125,34133.6537,,9916.2749,39316.9892,32973.5965,44.3824,,1051.7924,1063.0877,1429.0578,62799.2539,33719.7509,1103.8687,10103.15,,
2016-10-24,,1044.82,912.18,88155.2057,34109.6489,,9961.8928,39365.3916,32955.4439,44.9076,,1057.1965,1062.0558,1428.6722,63186.6007,33731.5752,1102.9957,10103.15,,
2016-10-25,,1044.82,915.9,88646.0814,34090.8637,,10029.4744,39746.4024,32934.3108,45.7297,,1061.7327,1061.4559,1427.779,63646.9791,33729.7778,1102.8342,10103.15,,
2016-10-26,,1044.82,910.45,88792.2965,34085.6506,,10027.3713,39743.3774,32921.3921,45.3872,,1059.3381,1061.1608,1427.5943,63484.659,33742.5837,1102.1664,10100.14,,
2016-10-27,,1044.82,908.63,89021.6404,34033.549,,10016.7465,39848.5847,32892.7715,45.5698,,1060.1659,1060.202,1426.2271,63490.0678,33725.1012,1101.6684,10100.14,,
2016-10-28,,1044.82,905.35,88967.7941,34013.8412,,10045.9826,39798.7684,32889.4795,45.5813,,1059.3342,1059.3944,1425.0893,63089.2907,33712.127,1100.6127,10100.14,,
2016-10-31,,1044.82,905.05,88961.0898,34022.226,,10045.4669,39800.0192,32889.4795,45.6384,,1059.4161,1059.7156,1425.7237,63075.7781,33731.8753,1101.214,10100.14,,
2016-11-01,,1044.82,904.95,88958.8552,34025.1057,,10045.2951,39798.3332,32889.4795,45.4557,,1059.3349,1059.8151,1425.9187,63048.7078,33708.0795,1100.951,10100.14,,
2016-11-02,,1044.82,903.04,88930.8707,33991.0236,,9970.1823,39550.8292,32864.1095,45.3301,,1051.7899,1058.6286,1423.7118,62783.0139,33693.0205,1099.7405,10100.14,,
2016-11-03,,1044.82,903.07,89033.5997,33990.7718,,9954.0396,39425.9615,32850.5573,45.0675,,1048.7366,1058.2066,1423.6986,62624.425,33691.8925,1098.8461,10100.14,,
2016-11-04,,1044.82,898.04,89115.1397,33993.7812,,9957.2978,39188.2734,32836.9116,44.2568,,1041.7336,1058.0961,1423.5633,62104.2038,33692.3653,1099.1042,10100.14,,
2016-11-07,,1044.82,901.35,89146.7191,34015.0198,,10007.3337,39136.6542,32851.9904,45.3757,,1050.044,1058.5103,1424.7249,62449.78,33696.1645,1098.9332,10100.14,,
2016-11-08,,1044.82,903.05,88947.7259,34025.7383,,10021.9512,39430.9313,32859.7582,45.9923,,1057.1065,1058.7739,1426.8332,62817.1149,33755.7419,1100.0665,10100.14,,
2016-11-09,,1044.82,897.76,88349.3545,34005.5987,,9982.5335,39370.6804,32848.0753,45.7982,,1050.4144,1057.8774,1425.4741,62636.8996,33754.0192,1098.9329,10100.14,,
2016-11-10,,1044.82,888.27,88297.2793,33932.792,,10033.1675,39020.4809,32766.4195,43.7315,,1045.898,1055.4635,1421.7751,62206.7615,33687.1997,1095.1685,10100.14,,
2016-11-11,,1044.82,871.49,87635.195,33856.2149,,9985.6612,38619.9312,32658.2721,42.7724,,1027.8361,1052.1677,1417.9555,60788.6155,33666.8018,1091.8048,10100.14,,
2016-11-14,,1044.82,864.38,87518.6266,33722.8105,,9914.3545,38276.1567,32447.0242,42.0074,,1017.2172,1046.5376,1409.7395,60181.065,33542.8836,1082.9835,10100.14,,
2016-11-15,,1044.82,866.59,87333.3285,33703.3433,,9874.0998,38276.3502,32400.2303,42.7724,,1016.7689,1045.6272,1409.3727,60287.5604,33508.8178,1083.6382,10100.14,,
2016-11-16,,1044.82,875.61,87903.4392,33690.2837,,9851.6904,38394.3987,32431.0835,42.7381,,1024.4536,1045.4786,1409.0359,60813.5638,33542.1316,1083.8613,10100.14,,
2016-11-17,,1044.82,875.89,87716.4989,33703.2094,,9870.6312,38386.3721,32460.8776,42.6011,,1026.7745,1045.9041,1409.6105,60935.8872,33522.6506,1084.2164,10100.14,,
2016-11-18,,1044.82,878.17,87718.7655,33706.3733,,9875.2484,38435.3994,32460.8776,42.3613,,1028.6632,1046.434,1410.0396,60870.0985,33542.5459,1084.9205,10100.14,,
2016-11-21,,1044.82,885.34,87847.8657,33697.5774,,9891.6351,38511.1883,32476.2782,43.3433,,1041.2291,1046.4592,1409.8551,61450.2713,33571.5821,1084.9762,10100.14,,
2016-11-22,,1044.82,886.48,87964.1529,33709.9854,,9877.6161,38378.5983,32486.3307,43.0008,,1043.3585,1046.7456,1409.8026,61391.0766,33561.1096,1083.3227,10100.14,,
2016-11-23,,1044.82,888.13,88422.1856,33694.2156,,9890.1584,38387.4211,32475.5098,42.761,,1042.559,1046.3049,1407.6341,61419.3367,33579.0836,1082.4672,10086.22,,
2016-11-24,,1044.82,884.83,88015.9032,33696.9463,,9900.2465,38456.5163,32481.481,42.761,,1043.572,1046.4088,1406.704,61345.8603,33582.3557,1082.5415,10086.22,,
2016-11-25,,1044.82,882.12,87677.9296,33670.2508,,9911.6734,38566.7068,32476.6833,42.8067,,1043.275,1045.9841,1405.4223,61175.9555,33575.3375,1082.0793,10086.22,,
2016-11-28,,1044.82,882.75,87575.9442,33703.8437,,9882.8368,38483.0685,32491.762,42.761,,1045.186,1046.5037,1405.6207,61084.459,33624.5619,1082.7935,9955.0,,
2016-11-29,,1044.82,878.37,87159.649,33725.1034,,9873.2653,38471.0515,32506.6954,42.7724,,1042.8471,1047.0135,1406.3598,60822.1496,33628.342,1084.1919,9955.0,,
2016-11-30,,1044.82,878.13,86905.3459,33736.7406,,9831.725,38755.8801,32520.5487,42.7838,,1042.9309,1047.389,1406.6128,61032.4061,33600.3862,1084.0237,10100.0,,
2016-12-01,,1044.82,880.3,86798.4244,33752.5465,,9810.2849,38598.6807,32538.2963,42.6011,,1045.1774,1047.8063,1407.2876,61220.5343,33607.7553,1084.7554,10100.0,,
2016-12-02,,1044.82,880.69,86703.4934,33789.6474,,9793.4254,38510.0304,32558.2871,43.0464,,1047.1259,1048.5076,1406.4394,61152.5139,33643.7532,1086.2715,10100.0,,
2016-12-05,,1044.82,881.43,86386.1517,33851.9101,,9753.1389,38327.026,32593.7201,43.7201,,1047.2381,1049.7109,1407.7294,61159.2578,33713.7635,1088.7082,10100.0,,
2016-12-06,,1044.82,879.47,86222.2375,33884.6299,,9754.6033,38430.4789,32610.3358,43.9256,,1046.3596,1050.3464,1409.0387,61121.8225,33672.2657,1089.6855,10100.0,,
2016-12-07,,1044.82,877.81,85678.5038,33915.4568,,9772.5093,38426.1357,32655.0736,44.7592,,1049.0269,1051.4157,1409.6276,61179.494,33755.6462,1091.0842,10177.37,,
2016-12-08,,1044.82,877.71,85678.5038,33919.0269,,9772.0766,38424.3669,32655.0736,45.0903,,1048.9604,1051.5365,1409.85,61195.1504,33762.6693,1091.2877,10177.37,,
2016-12-09,,1044.82,881.92,85634.4827,33943.7669,,9815.6476,38624.7397,32683.2995,45.3072,,1052.1681,1052.245,1410.8012,61428.8575,33761.7226,1092.443,10177.37,,
2016-12-12,,1044.82,879.85,85718.6528,33938.7726,,9842.0997,38427.2633,32701.0679,44.9761,,1050.9923,1052.5696,1410.828,61178.9505,33773.6314,1092.1125,10177.37,,
2016-12-13,,1044.82,879.25,85476.166,33976.2989,,9815.9123,38331.9228,32713.7893,45.3986,,1047.777,1053.2843,1410.9921,61331.7586,33735.5035,1092.1936,10177.37,,
2016-12-14,,1044.82,876.73,84793.2371,34060.335,,9750.3925,38252.6866,32797.2416,43.8229,,1045.7183,1055.2635,1414.3165,61292.0668,33808.1375,1095.2401,10177.37,,
2016-12-15,,1044.82,874.75,84114.817,34043.5343,,9603.1887,37993.5355,32807.2734,43.6059,,1037.3507,1055.5655,1415.0661,61018.7549,33814.6412,1095.4888,10177.37,,
2016-12-16,,1044.82,876.02,83645.9134,34067.9946,,9553.9279,38031.7922,32837.3582,43.0579,,1039.828,1056.3953,1414.6121,61129.4566,33837.4922,1096.2509,10177.37,,
2016-12-19,,1044.82,873.55,83197.496,34112.9071,,9544.88,37876.1575,32891.4734,42.6354,,1039.1014,1057.7944,1416.1918,61019.1773,33877.8693,1097.212,10100.0,,
2016-12-20,,1044.82,869.57,83257.3568,34136.0942,,9501.6328,37744.4586,32919.5747,42.624,,1033.2283,1058.8098,1416.5019,60658.3784,33860.3881,1098.4173,10100.0,,
2016-12-21,,1044.82,862.75,82752.1324,34182.1939,,9450.6427,37604.6894,32961.6021,42.3669,,1024.9429,1059.9014,1418.6327,60334.3333,33876.3985,1098.9166,10100.0,,
2016-12-22,,1044.82,857.84,82738.0459,34210.155,,9447.4185,37492.3279,32990.0253,41.8985,,1019.5908,1061.5046,1419.8269,59835.8677,33865.7766,1098.5012,10099.4,,
2016-12-23,,1044.82,844.83,82779.3798,34207.7938,,9427.0206,37497.7872,32994.6777,41.3503,,1010.193,1061.8285,1420.9659,59035.146,33856.9594,1098.3456,10147.28,,
2016-12-26,,1044.82,838.89,82273.538,34249.4026,,9336.4147,37328.323,33044.5975,41.3503,,1004.8792,1062.9827,1422.4365,58777.9994,33875.3726,1099.7277,10147.28,,
2016-12-27,,1044.82,839.31,82037.8693,34295.4841,,9326.6126,37218.5443,33099.0035,41.4416,,1004.0021,1064.4225,1423.682,58704.3087,33893.2317,1100.9658,10147.28,,
2016-12-28,,1044.82,849.24,81933.7425,34354.969,,9335.2645,37548.2159,33136.3265,42.0585,,1015.3628,1065.4819,1424.9134,59569.1616,33947.1146,1102.7183,10147.28,,
2016-12-29,,1044.82,857.63,81936.3354,34407.7134,,9347.7195,37691.9047,33195.0423,43.0065,,1028.1146,1067.2128,1427.2433,60062.2811,33984.5075,1103.6834,10147.28,,
2016-12-30,,1044.82,860.47,81847.7615,34429.1755,,9352.0357,38037.9828,33212.4161,42.7438,,1032.5967,1067.9845,1427.9427,60296.0757,34004.9027,1103.9249,10147.28,,
2017-01-02,,1044.82,860.2,81847.7615,34437.1387,,9351.6176,38031.8436,33212.4161,42.7438,,1033.0169,1068.2303,1428.5308,60288.3525,34022.7317,1104.2259,10147.28,,
2017-01-03,,1044.82,863.39,81772.9341,34487.3138,,9345.0418,38009.5639,33271.9833,42.5382,,1037.2412,1069.8683,1430.5899,60403.2579,34036.2625,1105.7631,10147.28,,
2017-01-04,,1044.82,862.32,81904.3967,34600.0268,,9364.1015,38170.7648,33370.3483,42.5953,,1037.0273,1072.6086,1433.635,60497.641,34079.0548,1107.2682,10217.66,,
2017-01-05,,1044.82,860.39,81860.7922,34654.2879,,9364.3475,38213.8135,33429.8533,43.2007,,1036.3146,1074.2317,1434.1485,60443.3031,34053.7301,1108.1653,10300.0,,
2017-01-06,,1044.82,861.95,81856.3271,34642.9186,,9362.6857,38084.7146,33420.2681,42.8809,,1038.1598,1071.9737,1431.1818,60471.7087,34069.5333,1106.5729,10300.0,,
2017-01-09,,1044.82,861.42,81595.0264,34670.9863,,9355.6866,37928.7301,33424.1935,42.5154,,1033.7066,1072.6243,1431.4666,60370.6152,34088.6763,1107.0144,10300.0,,
2017-01-10,,1044.82,865.0,81264.0664,34652.2635,,9327.4303,37957.5337,33408.6994,42.7324,,1036.8004,1072.2992,1431.4596,60553.8745,34090.3054,1106.0539,10300.0,,
2017-01-11,,1044.82,873.51,81461.797,34661.9756,,9399.9852,38219.5458,33412.0225,43.2236,,1048.4231,1072.3938,1431.6447,60950.2722,34093.6533,1106.3459,10300.0,,
2017-01-12,,1044.82,878.94,81720.8251,34682.7886,,9430.6551,38293.428,33427.1221,43.8747,,1055.7366,1072.847,1432.4016,61372.6389,34128.8404,1107.2821,10300.0,,
2017-01-13,,1044.82,879.37,82139.1848,34699.666,,9498.4906,38280.5212,33437.4342,44.2402,,1056.941,1073.0225,1432.4562,61427.0844,34143.0018,1107.5009,10300.0,,
2017-01-16,,1044.82,879.18,82274.9672,34697.7913,,9520.5064,38344.9662,33449.6779,44.2402,,1054.8481,1073.1944,1432.3937,61389.3564,34164.9522,1107.1143,10256.41,,
2017-01-17,,1044.82,879.23,81963.9107,34691.8965,,9490.6679,38310.2598,33437.2161,44.2174,,1052.9329,1073.0607,1430.3649,61398.8878,34103.2123,1106.2314,10256.41,,
2017-01-18,,1044.82,885.6,82293.5551,34688.212,,9517.5291,38420.1076,33432.5325,44.423,,1063.3251,1072.9763,1430.0368,61750.2098,34094.8117,1105.3631,10256.41,,
2017-01-19,,1044.82,884.99,82279.3461,34684.2815,,9582.5855,38439.2388,33461.1012,44.2859,,1065.827,1072.9004,1433.4386,61788.4483,34255.84,1107.7311,10256.41,,
2017-01-20,,1044.82,883.75,81942.3089,34696.412,,9591.5397,38351.5038,33443.8728,44.5372,,1066.3611,1073.0252,1430.3044,61793.8199,34118.3341,1106.4437,10383.62,,
2017-01-23,,1044.82,882.22,82011.5801,34709.4196,,9585.4273,38389.3484,33469.5856,45.0055,,1064.2695,1073.3838,1430.6418,61725.0206,34156.3863,1106.1432,10274.5,,
2017-01-24,,1044.82,884.82,81949.3345,34725.5114,,9549.9824,38439.932,33494.831,45.1312,,1064.4033,1073.919,1431.721,61828.0695,34182.5771,1106.9226,10274.5,,
2017-01-25,,1044.82,887.02,82177.4406,34731.7799,,9564.7331,38542.4059,33504.7589,45.7823,,1071.2579,1074.0694,1431.9375,62082.2886,34188.3993,1107.0767,10274.5,,
2017-01-26,,1044.82,890.64,82356.4734,34735.666,,9562.91,38392.2243,33523.8773,45.4967,,1075.6282,1074.4413,1432.5985,62234.1811,34205.4279,1106.9938,10274.5,,
2017-01-27,,1044.82,888.31,82667.9404,34732.2173,,9571.3863,38325.2152,33525.5908,45.0512,,1074.3201,1074.5091,1432.7492,62082.8879,34221.0938,1106.9406,10274.5,,
2017-01-30,,1044.82,877.75,82586.4984,34733.3065,,9512.0259,37926.3666,33533.5871,44.5258,,1054.7693,1074.757,1433.3376,61315.8761,34222.6905,1107.5945,10279.47,,
2017-01-31,,1044.82,876.21,82469.0124,34741.4481,,9515.5626,37584.3583,33548.6555,44.4115,,1050.5903,1075.0967,1434.1313,60912.9548,34229.6248,1107.9114,10279.47,,
2017-02-01,,1044.82,881.03,82557.8467,34772.6942,,9515.3721,37551.4384,33568.0543,44.4915,,1057.7114,1075.8314,1435.7612,60925.076,34243.9651,1108.856,10279.47,,
2017-02-02,,1044.82,886.6,82593.9544,34788.6011,,9488.2748,37623.8993,33591.254,45.2226,,1064.0031,1076.3498,1436.8075,61157.0879,34270.2645,1109.3037,10279.47,,
2017-02-03,,1044.82,891.48,82220.986,34806.7008,,9429.158,37895.1973,33604.7127,45.9422,,1072.188,1076.8182,1437.2562,61470.0963,34282.6265,1109.9743,10279.47,,
2017-02-06,,1044.82,895.39,82919.0137,34803.2098,,9448.4937,37816.9945,33611.2448,45.6224,,1071.0773,1077.0548,1437.483,61440.0686,34295.8299,1109.9086,10279.47,,
2017-02-07,,1044.82,899.47,83219.1046,34824.9874,,9460.31,37662.6958,33643.5623,45.2568,,1071.0032,1077.7254,1438.4854,61495.7736,34326.487,1110.2414,10400.0,,
2017-02-08,,1044.82,902.77,83142.2695,34852.7667,,9504.4851,37790.5349,33693.4198,45.3368,,1075.4709,1079.1447,1440.1237,61617.6846,34365.1807,1111.8943,10400.0,,
2017-02-09,,1044.82,907.95,83361.8911,34875.7007,,9522.299,37861.8419,33721.895,45.8622,,1082.8855,1080.034,1441.4926,62078.1503,34373.5672,1112.8472,10400.0,,
2017-02-10,,1044.82,914.64,83339.9145,34866.1888,,9579.1062,37869.4874,33729.4966,46.8903,,1088.1464,1080.5287,1442.4294,62324.2529,34378.2593,1113.5915,10400.0,,
2017-02-13,,1044.82,924.72,83449.1944,34891.4949,,9562.8683,37945.1477,33759.8203,47.073,,1094.9073,1081.2716,1443.8531,62640.8111,34401.7632,1113.8327,10400.0,,
2017-02-14,,1044.82,924.86,83362.5822,34919.2871,,9556.2243,37908.7803,33780.6107,47.1416,,1095.4555,1082.1029,1445.3759,62787.6291,34412.5547,1114.635,10400.0,,
2017-02-15,,1044.82,924.65,83083.6358,34906.5796,,9590.1768,38035.2994,33797.0602,47.2786,,1098.2123,1082.6333,1446.6359,62969.0699,34418.4996,1114.227,10400.0,,
2017-02-16,,1044.82,924.97,82869.5119,34903.1269,,9602.4735,38192.8295,33806.3546,47.073,,1100.963,1082.8396,1446.4105,63182.073,34432.1578,1114.408,10400.0,,
2017-02-17,,1044.82,924.78,82970.8914,34926.3079,,9588.4534,38106.1165,33821.2465,46.5362,,1097.5764,1083.0581,1447.2919,63206.0131,34458.2556,1114.625,10400.0,,
2017-02-20,,1044.82,926.31,83058.0403,34930.91,,9620.4209,38178.8515,33838.4437,46.5362,,1098.0608,1083.4219,1447.7382,63071.1356,34475.2159,1115.2507,10400.0,,
2017-02-21,,1044.82,930.2,83323.537,34938.2519,,9636.7114,38125.2964,33848.7143,46.9817,,1102.7438,1083.6743,1448.6521,63192.6581,34484.4116,1115.0747,10400.0,,
2017-02-22,,1044.82,930.54,83558.2271,34953.1534,,9574.403,38132.3545,33866.8358,47.1187,,1104.0854,1083.6743,1448.6521,63192.2426,34502.0629,1115.607,10400.0,,
2017-02-23,,1044.82,928.18,83641.9013,34959.576,,9628.0862,38285.7777,33890.4612,47.0159,,1104.1249,1084.5192,1450.3817,63304.1213,34518.6975,1116.0245,10400.0,,
2017-02-24,,1044.82,921.5,83532.4358,34968.3116,,9622.1064,38225.9143,33901.5418,46.3648,,1099.6353,1084.9039,1450.9024,63074.5299,34542.1381,1116.7072,10448.0,,
2017-02-27,,1044.82,924.3,83691.5517,34983.9694,,9606.1352,38243.9267,33922.1557,46.2392,,1101.22,1085.6632,1451.965,63116.5268,34547.6528,1117.5464,10448.0,,
2017-02-28,,1044.82,928.89,84454.9002,35003.3389,,9641.1109,38562.1405,33942.6553,46.0221,,1105.6803,1086.1724,1453.2126,63223.9879,34568.5955,1118.4669,10448.0,,
2017-03-01,,1044.82,938.44,85578.267,35006.8571,,9692.8176,39333.2685,33952.5312,46.6276,,1112.3,1086.6303,1453.7407,63651.5479,34574.8085,1119.3274,10448.0,,
2017-03-02,,1044.82,943.2,87100.9513,35022.6308,,9815.9293,39482.4098,33976.6759,46.1592,,1117.5849,1086.9847,1454.8486,63859.9063,34624.4567,1120.2158,10448.0,,
2017-03-03,,1044.82,945.83,87197.5581,35022.8,,9893.3216,39613.4315,33978.8567,46.5476,,1120.0536,1087.3316,1454.9168,63974.9874,34620.0034,1120.3499,10478.77,,
2017-03-06,,1044.82,951.16,87454.6106,35035.2146,,9988.3225,40019.6193,33987.8811,46.7875,,1127.3546,1087.8127,1455.5455,64439.617,34632.0063,1120.782,10478.77,,
2017-03-07,,1044.82,954.15,87836.4914,35037.941,,10082.7364,40087.0507,33991.9832,47.0159,,1133.267,1087.9505,1456.0422,64708.0507,34636.7015,1121.1841,10478.77,,
2017-03-08,,1044.82,954.36,88041.8878,35032.4181,,10118.8438,40119.2394,33990.2499,46.3877,,1136.5053,1087.7814,1455.9414,64734.675,34631.3364,1120.3241,10478.77,,
2017-03-09,,1044.82,953.92,88191.4627,35000.7536,,10139.3644,40369.184,33968.2199,46.2163,,1134.0195,1087.0802,1454.8317,64685.4331,34584.8241,1118.7194,10478.77,,
2017-03-10,,1044.82,954.53,88507.4551,34958.4961,,10208.6726,40618.5864,33924.3729,46.3191,,1134.5679,1086.1311,1453.7081,64736.051,34574.5958,1116.8295,10700.0,,
2017-03-13,,1044.82,964.96,89086.0757,34922.023,,10272.0294,41228.2448,33905.1885,47.1187,,1145.2768,1085.4341,1452.8527,65362.1836,34592.7064,1116.4952,10540.0,,
2017-03-14,,1044.82,968.53,89907.4484,34881.2446,,10302.5286,41239.6738,33870.2943,46.6618,,1147.946,1083.8769,1451.1505,65564.8847,34588.3339,1115.4459,10565.0,,
2017-03-15,,1044.82,974.69,90702.3988,34827.3613,,10375.7816,41493.2476,33832.7781,47.45,,1151.7499,1082.8281,1450.3101,65885.5845,34595.0655,1113.9875,10500.0,,
2017-03-16,,1044.82,988.26,90861.7195,34863.0066,,10410.8043,41931.7812,33853.2415,48.1582,,1169.1843,1083.3405,1451.7274,66956.1474,34615.0271,1115.972,10565.0,,
2017-03-17,,1044.82,995.41,91001.0305,34901.5281,,10502.4317,42097.4882,33885.5991,48.3295,,1179.3757,1084.295,1453.1243,67582.7104,34653.7125,1117.9614,10565.0,,
2017-03-20,,1044.82,996.78,90861.5451,34945.557,,10494.5444,42208.9856,33920.5147,48.7899,,1181.0145,1085.3251,1455.0738,67631.381,34704.6379,1119.2704,10565.0,,
2017-03-21,,1044.82,999.51,90970.9383,34965.812,,10522.5937,42310.9695,33953.1708,48.7179,,1186.4675,1085.7035,1455.2475,67897.3055,34718.6751,1119.6657,10565.0,,
2017-03-22,,1044.82,998.17,90985.7636,34995.3999,,10519.0005,42415.1863,33983.8125,48.7065,,1181.859,1086.3952,1455.8886,67773.2683,34715.7469,1120.4384,10600.0,,
2017-03-23,,1044.82,1007.27,91973.7391,35021.6289,,10572.8725,43041.6893,34010.1377,48.9349,,1190.7855,1087.0244,1457.1268,68230.0889,34757.3969,1122.6282,10600.0,,
2017-03-24,,1044.82,1024.93,94894.6668,35023.1749,,10810.643,43494.2869,34017.1614,49.5518,,1202.8523,1088.1623,1457.3333,68889.4756,34784.218,1121.9302,10602.0,,
2017-03-27,,1044.82,1021.53,94702.0187,35058.9474,,10818.4398,43546.0864,34057.1075,49.3005,,1198.7105,1088.1623,1460.0385,68878.0982,34810.2621,1123.1353,10602.0,,
2017-03-28,,1044.82,1042.98,95658.2202,35069.5291,,10877.2459,44202.053,34060.646,50.2257,,1217.8503,1088.3198,1458.5611,70118.0755,34837.1548,1122.95,10625.0,,
2017-03-29,,1044.82,1053.94,97036.8426,35079.508,,10932.9433,44157.0133,34070.4726,50.2714,,1225.5033,1088.6754,1459.0674,70249.6708,34861.2008,1122.7239,10625.0,,
2017-03-30,,1044.82,1048.82,97293.0401,35087.3749,,10991.875,44138.4405,34083.4114,50.0315,,1225.8521,1089.1164,1459.5283,70016.6783,34880.1341,1123.4496,10625.0,,
2017-03-31,,1044.82,1040.31,96992.7347,35136.0535,,10965.3944,44061.413,34124.0823,49.7574,,1221.1062,1090.1031,1461.3412,69612.2293,34881.8079,1124.7649,10625.0,,
2017-04-03,,1044.82,1039.26,96945.5794,35159.3392,,10958.2762,44151.3591,34141.5721,50.0429,,1222.5874,1090.6826,1461.8235,69698.9738,34888.5975,1126.0471,10625.0,,
2017-04-04,,1044.82,1046.62,97208.9631,35190.1281,,10933.4775,44381.2765,34164.7852,49.9973,,1229.2144,1091.5427,1462.9301,70134.3674,34909.6582,1126.0261,10625.0,,
2017-04-05,,1044.82,1063.65,98125.646,35204.3087,,10980.5232,44982.5415,34186.4955,50.4199,,1243.1382,1092.182,1463.7758,70780.4741,34946.5253,1126.4764,10700.0,,
2017-04-06,,1044.82,1075.52,99325.6216,35206.331,,11095.1133,45639.1426,34198.0808,51.1167,,1255.7088,1092.6706,1464.1542,71122.0243,34972.4766,1126.5621,10700.0,,
2017-04-07,,1044.82,1084.42,100472.9225,35238.2343,,11149.0574,45503.2718,34207.1614,51.2309,,1260.1665,1092.8899,1464.2049,71043.3169,34987.0438,1126.6618,10700.0,,
2017-04-10,,1044.82,1083.79,100759.695,35266.1626,,11149.0643,45704.5265,34222.6261,51.802,,1255.4295,1093.7909,1464.9533,70917.9836,34957.6245,1126.8474,10670.0,,
2017-04-11,,1044.82,1080.53,100524.0795,35300.4231,,11132.0157,45689.1778,34243.4412,51.2423,,1250.5435,1094.5422,1466.8741,70651.2297,34951.4164,1127.7154,10670.0,,
2017-04-12,,1044.82,1079.51,100341.2229,35320.8463,,11156.8077,45784.8186,34257.2006,51.3451,,1251.2539,1095.1598,1467.6179,70933.753,34998.8747,1128.0716,10670.0,,
2017-04-13,,1044.82,1083.12,100990.8074,35343.397,,11194.9679,45770.8552,34275.9267,51.5507,,1253.2609,1095.7413,1468.7215,70946.1078,35014.0432,1129.0944,10670.0,,
2017-04-14,,1044.82,1083.02,100990.8074,35347.7846,,11194.5781,45766.7167,34275.9267,51.5507,,1253.1425,1095.9033,1468.8646,70946.1078,35014.0432,1129.2835,10670.0,,
2017-04-17,,1044.82,1082.91,101622.3455,35411.7056,,11226.7303,45722.2043,34348.433,51.8592,,1250.0058,1097.7816,1471.8025,70709.7334,35034.4568,1131.8015,10622.4,,
2017-04-18,,1044.82,1079.14,101964.7505,35424.4837,,11264.7867,45559.085,34358.1744,51.2994,,1246.7836,1098.0772,1472.1136,70433.4678,35039.989,1131.3887,10622.4,,
2017-04-19,,1044.82,1079.04,101964.7505,35428.7641,,11264.3468,45554.9448,34358.1744,50.8425,,1246.6745,1098.2311,1472.3624,70433.4678,35039.989,1131.5736,10622.4,,
2017-04-20,,1044.82,1072.81,99635.5494,35443.9614,,11228.6111,45324.983,34377.8171,50.8083,,1235.704,1098.488,1472.3135,70037.1535,35070.3925,1131.7811,10670.0,,
2017-04-21,,1044.82,1075.72,102394.6269,35473.5897,,11206.4438,45435.9963,34386.6845,50.6826,,1234.4589,1098.8177,1472.9802,70001.7215,35109.9066,1132.2448,10679.54,,
2017-04-24,,1044.82,1085.31,102951.9267,35469.8203,,11237.4864,45666.7772,34386.3328,50.8311,,1248.0194,1099.0484,1472.8617,70497.5857,35164.4719,1131.7722,10684.82,,
2017-04-25,,1044.82,1086.65,103255.7412,35445.4423,,11253.1606,45853.7356,34369.344,50.2257,,1250.9497,1098.5759,1472.1872,70581.832,35164.1673,1131.296,10670.0,,
2017-04-26,,1044.82,1080.55,103140.0515,35445.6312,,11259.8229,45768.9659,34347.5058,49.7688,,1246.7689,1097.9095,1471.1199,70589.8854,35171.3937,1130.7081,10714.18,,
2017-04-27,,1044.82,1066.71,102778.8106,35469.3147,,11240.9897,45479.9368,34373.7457,49.2205,,1236.3255,1097.9095,1471.1199,69856.9905,35189.678,1131.4523,10714.18,,
2017-04-28,,1044.82,1064.03,102098.7704,35483.0554,,11203.2951,45380.0904,34374.2467,49.0492,,1230.817,1098.3301,1472.5689,69670.4665,35184.005,1131.2549,10718.0,,
2017-05-01,,1044.82,1063.72,102098.7704,35496.9229,,11203.0595,45395.4076,34374.2467,49.072,,1230.4936,1098.8095,1473.3057,69661.5199,35209.4571,1131.805,10718.0,,
2017-05-02,,1044.82,1074.95,102445.2488,35506.5648,,11220.0528,45845.8244,34399.293,49.8031,,1240.8503,1098.9528,1473.837,70317.9152,35229.7383,1132.2248,10718.0,,
2017-05-03,,1044.82,1074.89,102228.2749,35512.6052,,11258.6453,45841.6456,34402.16,49.3233,,1240.2569,1099.0966,1474.4586,70299.5396,35230.6901,1132.2193,10718.0,,
2017-05-04,,1044.82,1069.27,101050.4413,35501.1306,,11226.3209,45633.0154,34388.2086,48.9235,,1234.4492,1098.2538,1472.5315,70318.6456,35246.8242,1131.4239,10718.0,,
2017-05-05,,1044.82,1070.52,100852.3296,35504.1842,,11212.5128,45704.6058,34383.647,49.2434,,1237.4445,1098.4389,1473.0786,70404.4817,35249.6889,1131.8346,10718.0,,
2017-05-08,,1044.82,1071.04,101303.9966,35508.3378,,11212.8617,45671.7609,34389.2318,48.3638,,1236.0539,1098.5734,1473.0312,70320.2754,35263.0957,1131.9569,10720.0,,
2017-05-09,,1044.82,1063.06,101191.3971,35481.6966,,11142.411,45709.2885,34347.3992,48.1925,,1229.9503,1097.4439,1471.1835,69970.5928,35268.9272,1130.7139,10720.0,,
2017-05-10,,1044.82,1061.93,101419.7037,35483.6654,,11149.1674,45763.0521,34343.9353,48.7864,,1230.8059,1097.1236,1470.8839,70136.8101,35277.9209,1130.531,10720.0,,
2017-05-11,,1044.82,1055.14,100996.485,35453.6071,,11118.0359,45710.5878,34315.0309,48.8436,,1226.002,1096.3082,1469.2827,69921.1263,35285.6627,1129.5759,10720.0,,
2017-05-12,,1044.82,1056.59,101012.2924,35450.8907,,11167.2094,45765.6161,34300.5573,49.1063,,1232.7281,1096.134,1468.5249,70176.591,35283.1039,1129.4868,11000.0,,
2017-05-15,,1044.82,1067.4,101630.5078,35477.3256,,11225.1828,45764.8303,34327.8524,49.8488,,1237.2325,1096.7758,1470.5726,70594.5789,35302.3942,1130.3419,11000.0,,
2017-05-16,,1044.82,1063.1,101534.5475,35488.0,,11309.888,45815.0615,34339.5123,49.8716,,1239.4597,1097.0184,1471.388,70450.1976,35320.6799,1130.6291,10734.9,,
2017-05-17,,1044.82,1059.19,101376.9852,35520.5232,,11310.784,45710.0071,34371.7953,49.2662,,1230.5354,1097.7916,1473.6113,70112.343,35305.5156,1130.9985,10735.0,,
2017-05-18,,1044.82,1042.69,100792.2751,35529.2677,,11251.1206,45385.6246,34387.7823,48.3067,,1210.5875,1098.2335,1474.7156,69154.4833,35258.8038,1131.1367,10735.0,,
2017-05-19,,1044.82,1046.8,101008.871,35541.7564,,11287.4729,45457.1435,34397.8754,48.9806,,1221.3724,1098.6611,1474.9316,69319.7192,35271.5643,1131.5569,10735.0,,
2017-05-22,,1044.82,1046.45,101351.4776,35546.4339,,11258.6389,45850.1004,34394.1984,48.9007,,1216.645,1098.1959,1474.1859,68795.0595,35247.9431,1131.1058,10735.0,,
2017-05-23,,1044.82,1053.76,101980.2418,35554.5038,,11319.3387,45854.599,34402.6502,48.8778,,1224.7537,1098.3101,1474.2458,69345.4861,35276.5671,1131.223,10735.0,,
2017-05-24,,1044.82,1062.15,102360.8287,35553.7942,,11310.9837,46253.9804,34399.1864,49.4147,,1234.1112,1098.0875,1474.3575,69864.4467,35306.4077,1131.0522,10708.92,,
2017-05-25,,1044.82,1064.62,102624.0444,35545.6831,,11333.3115,46432.4757,34390.0205,49.4947,,1237.6229,1097.5901,1473.6235,69876.4949,35298.7239,1131.0479,10682.24,,
2017-05-26,,1044.82,1067.37,103156.5136,35532.6393,,11387.0564,46751.1493,34370.154,49.5746,,1241.933,1096.8837,1472.0402,70087.154,35308.6903,1129.8493,10715.0,,
2017-05-29,,1044.82,1068.98,103079.9857,35528.6712,,11373.9869,46751.4541,34358.249,49.5746,,1242.133,1095.93,1471.9639,70208.406,35307.7462,1129.8003,10700.0,,
2017-05-30,,1044.82,1074.89,103359.4237,35537.8723,,11368.4451,46861.0941,34369.8982,49.5061,,1247.4002,1096.7366,1474.7148,70520.0233,35323.8198,1130.6219,10718.0,,
2017-05-31,,1044.82,1067.67,103299.1469,35566.5954,,11338.2083,46659.1731,34396.2874,49.0149,,1235.4567,1097.8559,1477.6195,70026.3853,35330.0213,1131.8722,10718.0,,
2017-06-01,,1047.683,1072.92,103478.8113,35581.8989,,11366.1526,46844.1029,34405.3254,49.5975,,1240.7927,1098.147,1477.9872,70514.1842,35341.2632,1132.035,10718.0,,
2017-06-02,,1047.683,1074.31,103573.6017,35602.2836,,11364.558,47029.8826,34431.3842,49.7574,,1241.9032,1099.2155,1480.1876,70587.595,35365.3078,1132.5018,10718.0,,
2017-06-05,,1047.683,1073.4,103449.5057,35619.093,,11354.2453,47237.9167,34443.8327,49.7802,,1240.7514,1099.585,1480.9726,70584.5636,35370.7541,1132.9894,10718.0,,
2017-06-06,,1047.683,1076.76,103468.9491,35635.3913,,11363.6599,47171.5531,34461.8554,50.0315,,1245.6682,1100.1137,1481.456,70885.1195,35391.6086,1133.4083,10718.0,,
2017-06-07,,1047.683,1074.35,101591.406,35641.83,,11379.7195,47101.0177,34459.9795,49.8259,,1242.9739,1100.3006,1481.6915,70678.0487,35401.1349,1133.4656,10718.0,,
2017-06-08,,1047.683,1067.39,102889.4205,35650.9534,,11359.7115,46854.701,34482.8729,49.746,,1233.9388,1100.6274,1481.843,70295.4213,35403.9872,1133.9818,10733.46,,
2017-06-09,,1047.683,1063.94,102413.0172,35658.8975,,11328.9101,46758.5184,34494.0638,49.8259,,1231.8786,1100.5051,1482.4129,70294.1667,35456.4887,1134.9457,10733.46,,
2017-06-12,,1047.683,1062.11,102015.9002,35665.7644,,11306.9,46808.6471,34490.6426,49.9858,,1227.1468,1100.408,1481.8499,69960.0087,35455.4858,1134.6159,10733.46,,
2017-06-13,,1047.683,1068.8,101951.8936,35664.1402,,11291.5984,47011.5068,34498.0712,50.3514,,1236.9431,1100.5907,1481.5925,70307.4962,35466.3149,1134.6812,10733.46,,
2017-06-14,,1047.683,1070.47,101906.7104,35681.2747,,11303.2811,46988.3435,34518.0336,50.2143,,1238.0679,1101.0613,1482.2704,70321.491,35492.3655,1134.6736,10781.0,,
2017-06-15,,1047.683,1063.87,101944.1767,35681.3911,,11286.9495,46730.234,34520.1652,49.7003,,1225.8208,1100.8696,1482.2385,69902.7212,35478.9974,1134.3202,10781.0,,
2017-06-16,,1047.683,1062.87,101601.6768,35687.9815,,11263.3824,46668.85,34522.3927,49.5975,,1220.2271,1100.9001,1482.1109,69682.6825,35479.8606,1134.128,10781.0,,
2017-06-19,,1047.683,1061.93,101408.6274,35686.6144,,11242.812,46578.436,34523.3306,49.5975,,1218.5954,1101.0214,1482.635,69753.7789,35501.7082,1134.2438,10903.169,,
2017-06-20,,1047.683,1053.32,100652.6172,35679.4183,,11173.1974,45474.7961,34516.808,48.8594,,1204.8777,1100.8109,1482.5389,69308.4409,35480.6623,1134.2222,10934.52,,
2017-06-21,,1047.683,1045.27,100680.8185,35680.7295,,11111.2365,45168.7735,34503.6027,48.395,,1193.1609,1100.8109,1481.7008,68763.391,35471.437,1133.8676,10934.52,,
2017-06-22,,1047.683,1043.37,101005.3377,35692.8305,,11074.514,45143.8945,34517.0531,48.662,,1190.6208,1100.8875,1482.7609,68706.7081,35497.9045,1134.1953,10934.52,,
2017-06-23,,1047.683,1047.89,101446.8023,35703.3258,,11078.621,45304.8207,34514.719,48.9755,,1198.2403,1100.4063,1481.9978,68947.418,35513.1529,1133.8023,10928.756,,
2017-06-26,,1047.683,1047.59,101446.8023,35712.1208,,11077.5231,45300.2358,34514.719,49.1845,,1197.9894,1100.6423,1482.7066,68933.1268,35517.2731,1134.0023,10928.756,,
2017-06-27,,1047.683,1048.28,101756.4136,35701.4698,,11064.1323,46160.5919,34513.4081,48.6969,,1199.1312,1099.8606,1481.4414,68887.6474,35509.7583,1133.7362,10928.756,,
2017-06-28,,1047.683,1049.11,101515.2305,35698.2561,,11050.0276,46062.1514,34513.44,48.4414,,1201.4781,1099.5196,1480.9317,68869.913,35537.0124,1133.5422,10813.676,,
2017-06-29,,1047.683,1042.49,101137.5554,35681.4172,,11006.7445,45891.714,34487.0615,48.2789,,1194.4199,1098.5336,1480.2348,68391.7552,35510.8499,1133.0785,10813.676,,
2017-06-30,,1047.683,1044.6,100885.2097,35683.8352,,11050.708,46036.7057,34486.017,48.3834,,1197.614,1098.4203,1480.8952,68686.6064,35547.7638,1133.3838,10826.308,,
2017-07-03,,1047.683,1049.17,101294.1168,35686.8712,,11072.5382,46422.2927,34488.8947,48.6272,,1204.6689,1098.4945,1481.2538,68802.0013,35558.2093,1133.843,10826.308,,
2017-07-04,,1047.683,1060.62,101391.2922,35682.841,,11065.6084,46670.7272,34476.6486,48.6272,,1220.3186,1098.2272,1480.8407,69522.799,35566.6879,1133.7396,10799.002,,
2017-07-05,,1047.683,1065.31,101652.8703,35671.6864,,11092.9398,46867.7455,34467.4721,49.5793,,1228.362,1097.9588,1480.1165,69974.4652,35578.5525,1133.4536,10799.002,,
2017-07-06,,1047.683,1064.82,101652.8703,35675.4493,,11086.3442,46808.5598,34467.4721,49.2426,,1222.0416,1097.2132,1479.2264,69879.8862,35539.05,1133.3878,10799.002,,
2017-07-07,,1047.683,1070.16,101652.8703,35655.4078,,11132.5191,46977.6692,34467.4721,49.4864,,1230.6755,1096.0515,1477.7606,70115.4203,35557.3408,1132.9527,10799.002,,
2017-07-10,,1047.683,1079.36,101652.8703,35663.402,,11194.5779,47252.2085,34467.4721,50.067,,1245.4052,1095.5985,1477.6035,70509.68,35607.8129,1133.1136,10799.002,,
2017-07-11,,1047.683,1083.24,103247.8444,35657.7825,,11221.9383,47380.63,34440.7632,50.0786,,1242.9996,1095.0366,1478.6395,70502.6904,35594.3951,1132.7399,10799.002,,
2017-07-12,,1047.683,1092.01,103266.7428,35661.007,,11218.2449,47867.3676,34450.2381,50.8101,,1255.3283,1095.418,1479.6481,71125.4683,35640.0258,1133.0454,10799.002,,
2017-07-13,,1047.683,1100.34,103794.6624,35644.4944,,11232.5953,48285.3073,34435.6687,51.2745,,1264.5002,1094.7117,1477.8798,71683.3561,35663.6985,1132.8113,10799.002,,
2017-07-14,,1047.683,1110.63,105681.2544,35612.201,,11309.5139,48527.7166,34409.8657,51.7042,,1271.303,1093.2773,1475.6542,71992.8867,35653.9153,1132.2542,10799.002,,
2017-07-17,,1047.683,1118.98,106112.3306,35595.0954,,11344.3558,48759.8667,34384.5956,51.9364,,1282.9351,1092.4529,1474.3218,72402.6906,35656.8959,1131.9949,10799.002,,
2017-07-18,,1047.683,1122.82,106885.2538,35597.6661,,11349.7269,48695.078,34406.21,52.3428,,1282.7018,1091.6456,1473.5401,72294.6156,35728.6343,1131.8261,10799.002,,
2017-07-19,,1047.683,1125.44,106839.1797,35601.3989,,11342.1537,48681.3325,34408.3629,52.4937,,1288.1367,1091.4128,1473.5473,72332.2373,35748.4935,1131.8909,10799.002,,
2017-07-20,,1047.683,1123.03,106842.9484,35609.655,,11367.1666,48568.2372,34414.811,52.4589,,1288.5745,1091.4314,1473.0828,72273.5925,35751.3166,1132.0871,10799.002,,
2017-07-21,,1047.683,1119.75,106165.1966,35640.3708,,11377.43,48392.2691,34442.3619,52.2383,,1285.586,1092.2812,1474.8337,72096.3939,35765.9684,1132.7986,10799.002,,
2017-07-24,,1047.683,1113.29,105848.9477,35660.2841,,11338.2925,48513.5914,34468.6658,52.1918,,1278.8513,1092.959,1475.7013,71672.8312,35769.0517,1133.4732,10799.002,,
2017-07-25,,1047.683,1119.94,106479.1411,35668.5842,,11364.7186,48792.6066,34481.8497,52.5053,,1285.186,1093.2292,1475.927,72007.5852,35791.8394,1133.4375,10799.002,,
2017-07-26,,1047.683,1125.64,107123.6222,35683.608,,11432.9352,48972.1009,34495.7099,53.0975,,1289.6149,1094.0228,1476.7234,72181.0029,35814.3263,1134.1695,10919.35,,
2017-07-27,,1047.683,1131.78,107123.6222,35698.2532,,11487.0005,49053.8945,34495.7099,52.842,,1292.9297,1094.7874,1478.1175,72228.8543,35805.2526,1134.3754,10919.35,,
2017-07-28,,1047.683,1133.5,107647.3917,35735.8024,,11495.091,49271.8351,34552.0888,52.7724,,1299.0658,1095.9115,1479.7499,72167.4525,35818.3938,1135.0328,10919.35,,
2017-07-31,,1047.683,1133.12,108508.8164,35746.8325,,11550.3093,49142.7213,34575.7503,52.784,,1294.8947,1096.5409,1480.7062,71676.1632,35804.4685,1135.3301,10919.35,,
2017-08-01,,1047.683,1136.13,108641.5326,35737.0183,,11537.6962,49393.8106,34580.0284,52.784,,1296.054,1096.3415,1480.098,71790.6958,35796.4916,1135.1133,10919.35,,
2017-08-02,,1047.683,1141.95,108746.0781,35752.6324,,11544.59,49614.5722,34591.2172,52.8304,,1302.2933,1096.8589,1480.7697,72223.249,35850.5488,1135.4934,10919.35,,
2017-08-03,,1047.683,1140.87,108916.9631,35755.2851,,11513.4732,49432.9465,34585.7639,52.9117,,1302.4244,1096.6849,1479.4447,71866.509,35779.0912,1134.1422,11042.338,,
2017-08-04,,1047.683,1141.48,108884.284,35745.1917,,11537.4675,49703.7147,34569.9711,52.9814,,1306.6147,1096.1747,1477.4889,71852.1273,35800.7582,1133.3266,11042.338,,
2017-08-07,,1047.683,1143.33,108348.3001,35746.9837,,11559.7392,49770.4436,34554.531,53.3181,,1308.0838,1095.5407,1476.2959,71909.6464,35823.6776,1133.0273,11042.338,,
2017-08-08,,1047.683,1145.31,108847.84,35764.7373,,11536.9067,49763.2704,34597.2679,53.2949,,1303.4172,1096.2186,1477.9521,71822.0956,35808.2037,1134.0519,11042.338,,
2017-08-09,,1047.683,1138.14,108772.3115,35759.7591,,11511.8392,49716.6703,34594.5698,52.8653,,1294.6297,1096.3657,1477.6421,71514.0971,35796.2876,1133.5653,11042.338,,
2017-08-10,,1047.683,1134.03,108719.5506,35778.4144,,11465.6493,49608.0563,34615.3267,52.6563,,1285.9665,1096.4422,1477.4266,71224.3247,35789.1687,1134.0109,11019.472,,
2017-08-11,,1047.683,1128.61,108728.503,35791.3566,,11436.0258,49579.049,34647.5499,52.4821,,1277.1665,1097.0621,1478.8976,70781.9399,35818.0517,1135.2341,10846.534,,
2017-08-14,,1047.683,1138.15,108728.503,35813.2093,,11501.2525,49937.6241,34647.5499,52.9001,,1288.535,1097.729,1479.6461,71295.8681,35857.0007,1135.7017,10846.534,,
2017-08-15,,1047.683,1138.04,109527.9889,35816.3334,,11500.8911,49935.8119,34667.976,53.0743,,1288.4254,1097.8383,1479.8172,71292.7245,35861.2943,1135.8217,10846.534,,
2017-08-16,,1047.683,1149.68,110160.0812,35818.9571,,11504.0925,50407.1068,34687.3464,53.6664,,1304.1862,1098.5143,1480.6735,71810.248,35880.0574,1136.4216,10846.534,,
2017-08-17,,1047.683,1152.96,110593.8209,35847.6323,,11514.4377,50497.5916,34710.0432,53.3181,,1307.8445,1098.7985,1481.2593,72051.9557,35940.7623,1136.5904,11124.651,,
2017-08-18,,1047.683,1158.12,111703.1865,35854.0955,,11544.0112,50606.9144,34722.6355,53.6548,,1307.8259,1099.1579,1481.3575,72170.6657,35891.2832,1138.2268,11010.37,,
2017-08-21,,1047.683,1161.35,112894.4657,35871.8838,,11598.0222,50486.8486,34740.2997,54.0496,,1308.749,1099.6865,1483.4802,72258.2154,35909.5192,1139.2962,11010.37,,
2017-08-22,,1047.683,1166.8,113833.7854,35908.4438,,11617.7994,50401.3508,34789.4277,54.2934,,1312.6516,1099.6648,1483.736,72083.7565,35921.7396,1139.1394,11067.531,,
2017-08-23,,1047.683,1163.15,112551.0816,35929.0023,,11576.3675,50077.4155,34791.9443,54.4792,,1312.036,1099.5427,1483.7348,71847.5869,35943.0308,1138.4049,11067.531,,
2017-08-24,,1128.173,1172.56,113465.4142,35927.0009,,11534.4666,50108.5317,34784.1585,54.9262,,1316.4054,1099.3456,1483.3226,71919.5009,35972.8085,1137.6957,11124.651,,
2017-08-25,,1128.173,1178.14,113065.3686,35909.7838,,11604.5954,50343.9026,34795.6809,55.3268,,1326.0073,1099.4941,1483.268,72306.5478,35978.3284,1137.1995,11124.651,,
2017-08-28,,1128.173,1176.74,113285.5697,35939.4121,,11569.2399,50304.1068,34783.7285,56.0235,,1327.5677,1099.76,1483.1335,72335.3515,35980.4869,1137.8654,11124.651,,
2017-08-29,,1128.173,1172.42,112565.5804,35935.2743,,11508.566,50388.5648,34806.8296,56.1048,,1325.0611,1100.0883,1483.1618,72255.099,35934.4929,1138.4692,11124.651,,
2017-08-30,,1128.173,1174.17,112545.6985,35949.3618,,11516.4631,50303.2455,34815.6763,55.1991,,1326.4709,1100.3412,1483.7324,72338.5295,35963.1973,1138.51,11124.651,,
2017-08-31,,1128.173,1173.5,111952.2561,35958.1421,,11569.7398,50363.9569,34823.3819,55.9074,,1325.3431,1100.7852,1483.8518,72286.2157,35985.4808,1138.8351,11154.991,,
2017-09-01,,1128.173,1174.88,111414.2879,35967.0235,,11587.283,50509.5471,34850.9377,56.2789,,1328.7133,1101.4301,1484.8159,72249.5003,36020.7298,1139.9194,11154.991,,
2017-09-04,,1128.173,1172.75,111542.6588,35989.0919,,11625.4129,50438.2056,34863.6297,56.2789,,1327.619,1101.9929,1486.2329,72052.4212,36036.4374,1140.714,11154.991,,
2017-09-05,,1128.173,1167.43,111462.3457,35998.7944,,11615.3705,50415.1965,34875.6981,56.0003,,1323.4538,1102.5177,1486.6475,71723.6948,36034.3415,1141.197,11154.991,,
2017-09-06,,1128.173,1161.02,111002.2701,36002.414,,11604.5322,50126.0243,34877.7037,55.6984,,1316.5688,1102.4033,1486.5943,71524.1992,36052.8263,1141.2886,11154.991,,
2017-09-07,,1128.173,1160.04,110667.8272,36000.3377,,11744.0935,50395.5044,34874.7959,56.337,,1322.0976,1102.4445,1487.4669,71339.7862,36051.356,1141.064,11154.991,,
2017-09-08,,1128.173,1158.12,110803.7862,36014.3704,,11849.031,50236.192,34891.0864,55.7448,,1320.4265,1102.6511,1487.9409,71150.9833,36060.9277,1141.2712,11154.991,,
2017-09-11,,1128.173,1164.41,111047.3302,36011.3888,,11970.7865,50592.7743,34879.6982,56.2673,,1332.5109,1102.4362,1487.8993,71267.9222,36069.1379,1140.6118,11154.991,,
2017-09-12,,1128.173,1171.47,111497.0022,35983.7905,,12028.5269,50795.266,34847.1543,56.3718,,1342.0242,1101.2958,1486.5647,71506.8534,36069.1656,1138.6942,11154.991,,
2017-09-13,,1128.173,1169.46,110916.1434,35963.448,,12052.9305,50851.9616,34822.0317,55.7332,,1342.518,1100.5427,1485.5813,71625.2983,36066.7416,1137.7747,11154.991,,
2017-09-14,,1128.173,1166.57,110177.5836,35938.2211,,12047.6818,50864.9409,34798.4128,56.1512,,1341.8581,1099.995,1485.2847,71657.6158,36064.7172,1137.6465,11255.75,,
2017-09-15,,1128.173,1171.83,110404.0016,35926.4478,,12067.5322,50993.6524,34777.1572,56.4299,,1348.9774,1099.1632,1483.6417,71787.9881,36054.1084,1136.9216,11255.75,,
2017-09-18,,1128.173,1171.49,110404.0016,35937.3479,,12066.3823,51058.1121,34777.1572,56.4647,,1348.6084,1099.4793,1484.188,71777.7271,36080.9409,1137.3129,11255.75,,
2017-09-19,,1128.173,1171.38,110404.0016,35940.9174,,12065.999,51056.1943,34777.1572,56.8827,,1348.4862,1099.5897,1484.3726,71774.307,36053.1377,1137.4432,11255.75,,
2017-09-20,,1128.173,1179.11,110695.7599,35928.8968,,12116.8957,51483.27,34782.2515,57.0569,,1361.053,1099.228,1483.8427,72190.1301,36085.2398,1136.9753,11266.237,,
2017-09-21,,1128.173,1183.57,111755.4791,35928.1148,,12173.9807,51833.6101,34765.6979,57.2426,,1368.09,1098.8504,1484.008,72576.6138,36076.6928,1136.9793,11266.237,,
2017-09-22,,1128.173,1188.41,112268.6124,35947.2995,,12196.581,51789.1502,34784.3977,57.1962,,1372.9401,1099.4767,1485.8918,72705.6521,36112.9017,1137.7539,11266.237,,
2017-09-25,,1128.173,1186.69,112721.992,35938.789,,12229.2664,51722.6448,34791.9904,56.4415,,1366.1422,1099.6246,1485.7925,72483.301,36147.7409,1137.8407,11266.237,,
2017-09-26,,1128.173,1182.98,112050.2669,35956.6989,,12230.2121,51697.5485,34796.0061,55.9074,,1362.7844,1099.6601,1486.3114,72424.1248,36142.8952,1137.9167,11282.702,,
2017-09-27,,1128.173,1185.2,112971.0494,35959.279,,12326.0679,52010.7846,34791.4593,56.0699,,1368.7318,1099.1743,1485.7544,72589.228,36142.2327,1137.4213,11282.702,,
2017-09-28,,1128.173,1184.46,113319.4798,35943.5823,,12368.7491,52142.5945,34780.9028,56.2557,,1373.6497,1098.8963,1485.927,72845.5186,36165.7885,1136.6477,11282.702,,
2017-09-29,,1128.173,1191.7,114227.1303,35936.2328,,12429.7214,52429.3503,34736.67,56.4531,,1380.8357,1097.2393,1483.9206,73479.6748,36188.9155,1134.6495,11282.702,,
2017-10-02,,1128.173,1200.12,115537.8851,35921.8844,,12478.3419,52726.1139,34706.4325,56.6737,,1386.3558,1096.8075,1482.7664,73851.3717,36166.9004,1134.0921,11282.702,,
2017-10-03,,1128.173,1207.67,116088.6593,35907.2937,,12524.1344,53061.8021,34683.7531,57.8696,,1395.9789,1096.2438,1482.1166,74244.2582,36197.5618,1133.3085,11282.702,,
2017-10-04,,1128.173,1212.69,116375.7111,35885.6811,,12602.5305,53248.7158,34657.5102,58.2122,,1402.2872,1095.4087,1480.4117,74555.1349,36192.934,1132.8839,11282.702,,
2017-10-05,,1128.173,1216.51,116940.9528,35879.8235,,12619.174,53325.4088,34635.3892,58.485,,1405.537,1094.4192,1478.5166,74906.0551,36172.746,1131.4906,11282.702,,
2017-10-06,,1128.173,1222.51,117982.3806,35846.5489,,12661.7455,53773.6757,34468.4418,58.6708,,1408.7459,1089.5448,1472.3928,75221.1004,36133.6595,1125.9373,11282.702,,
2017-10-09,,1128.173,1222.16,117982.3806,35857.2002,,12660.5641,53767.186,34468.4418,58.3109,,1408.3339,1089.8884,1472.9714,75210.6078,36137.5612,1126.321,11282.702,,
2017-10-10,,1128.173,1228.94,119076.3124,35795.2997,,12705.292,53766.1681,34380.4982,58.903,,1409.9195,1087.3501,1469.7199,75261.6695,36101.4604,1123.3814,11282.702,,
2017-10-11,,1128.173,1228.92,119121.0741,35803.7981,,12717.2751,53876.4005,34365.2334,59.2049,,1402.8142,1086.5658,1468.8453,75077.4749,36078.6021,1123.4063,11282.702,,
2017-10-12,,1128.173,1227.33,119121.0741,35766.4051,,12734.5047,53690.4078,34365.2334,58.9553,,1399.5017,1085.7592,1467.7906,75020.0416,36073.9945,1121.9601,11282.702,,
2017-10-13,,1128.173,1231.31,120098.6559,35761.2999,,12752.2596,53823.9581,34342.4869,59.3559,,1399.9915,1085.651,1467.1282,74902.8495,36119.4057,1122.9422,11282.702,,
2017-10-16,,1128.173,1244.59,122023.878,35766.8026,,12827.0703,54064.5974,34361.7989,59.9132,,1406.2862,1085.8149,1467.5242,75335.2856,36139.2759,1123.0796,11282.702,,
2017-10-17,,1128.173,1245.56,123232.93,35772.3382,,12873.7268,54053.4507,34368.414,59.5416,,1404.8446,1085.7427,1467.457,75190.4991,36149.2174,1122.6887,11282.702,,
2017-10-18,,1128.173,1249.32,123243.6647,35782.4351,,12920.1391,54289.1877,34370.2931,59.4023,,1409.2258,1085.367,1467.002,75441.8098,36161.3859,1122.4518,11311.747,,
2017-10-19,,1128.173,1247.77,123382.9059,35801.4264,,12955.7204,54014.034,34389.1954,59.3559,,1405.0395,1086.149,1467.7146,75171.3275,36156.674,1123.3348,11311.747,,
2017-10-20,,1128.173,1253.7,123287.1525,35851.4872,,12936.1009,54438.1431,34428.0325,59.2978,,1411.2711,1087.6844,1469.3428,75631.3609,36169.9902,1124.744,11306.69,,
2017-10-23,,1128.173,1262.89,123687.3878,35921.9135,,12962.1743,54742.642,34518.2633,59.2397,,1419.2113,1090.2089,1473.2333,76288.11,36195.4917,1128.7659,11306.69,,
2017-10-24,,1128.173,1262.83,124148.1051,35956.1219,,12950.6104,54643.2319,34588.3589,58.9379,,1416.2444,1092.1052,1475.1615,76214.2248,36212.6556,1130.5446,11306.69,,
2017-10-25,,1128.173,1258.76,124415.974,35934.7297,,12960.2983,54395.6388,34577.8033,58.903,,1414.6495,1091.351,1474.1527,75854.534,36161.1205,1128.1761,11306.69,,
2017-10-26,,1128.173,1257.38,124295.0981,35930.5594,,12950.3225,54491.8256,34577.1515,58.4618,,1412.59,1091.3411,1474.7904,75752.844,36135.2803,1129.0406,11306.69,,
2017-10-27,,1128.173,1257.26,124295.0981,35931.8292,,12949.9276,54489.5241,34577.1515,58.9843,,1412.451,1091.3479,1474.8285,75749.2383,36161.7835,1129.036,11306.69,,
2017-10-30,,1128.173,1271.73,125538.3039,35947.8987,,13022.0435,55171.8382,34590.1768,59.3094,,1424.774,1091.7977,1476.4345,76577.861,36207.2795,1129.2958,11321.486,,
2017-10-31,,1128.173,1276.12,126621.6155,35962.5383,,12998.2492,55243.6729,34606.7509,59.3791,,1425.197,1092.2214,1477.22,76877.5688,36214.6958,1129.4799,11321.486,,
2017-11-01,,1128.173,1276.0,126621.6155,35963.7698,,12997.9564,55241.1266,34606.7509,59.5474,,1425.0478,1092.2283,1477.245,76873.9038,36228.1979,1129.4076,11321.486,,
2017-11-02,,1128.173,1266.03,127476.1855,35979.1152,,12954.6137,54723.7469,34625.2951,59.1585,,1409.1476,1092.9784,1478.5255,76292.9037,36246.6633,1130.2431,11321.486,,
2017-11-03,,1128.173,1263.22,127885.6212,35983.8669,,12960.7387,54718.1689,34641.5274,58.4154,,1403.5328,1093.5029,1478.5296,75955.9049,36185.6859,1130.51,11321.486,,
2017-11-06,,1128.173,1268.67,127460.9676,35988.136,,12981.0636,55024.8453,34648.9444,59.0307,,1413.9218,1094.1105,1478.9511,76670.666,36205.7993,1130.2133,11321.486,,
2017-11-07,,1128.173,1262.18,127062.0401,35988.7453,,12978.1135,54717.3589,34655.8506,58.3457,,1407.8473,1094.2204,1478.5764,76332.3604,36165.7739,1130.2072,11321.486,,
2017-11-08,,1128.173,1254.05,126775.6145,36023.6966,,12971.3578,54565.387,34727.0428,58.5199,,1400.501,1096.1258,1481.2387,75745.3658,36185.4271,1132.5888,11321.486,,
2017-11-09,,1128.173,1243.42,126111.6715,36045.1876,,12949.7413,54267.6815,34739.912,57.9741,,1391.0327,1096.5728,1482.1423,75109.9444,36163.5271,1133.2344,11357.257,,
2017-11-10,,1128.173,1236.68,126430.0954,36050.2118,,12933.7707,53884.4906,34756.2271,57.5097,,1381.5893,1097.1892,1482.8087,74754.9655,36162.5317,1133.891,11357.257,,
2017-11-13,,1128.173,1222.52,125934.9521,36074.6825,,12887.4093,53440.4872,34782.44,57.0104,,1363.8156,1098.3403,1483.8021,74031.9086,36185.2449,1134.8652,11357.257,,
2017-11-14,,1128.173,1212.97,124661.9835,36085.25,,12822.9636,53289.4315,34799.1466,56.2789,,1356.1274,1098.7516,1484.8482,73568.2782,36141.7811,1135.2061,11356.893,,
2017-11-15,,1128.173,1201.14,123563.862,36093.5778,,12822.0873,53000.4038,34808.2167,55.8958,,1343.3083,1098.9171,1485.2511,72872.8838,36161.8147,1135.2147,11356.893,,
2017-11-16,,1128.173,1216.92,123872.9899,36077.2979,,12842.9607,53421.3614,34798.7513,57.0336,,1357.2657,1098.3953,1484.716,73674.0268,36217.3775,1133.9994,11356.893,,
2017-11-17,,1128.173,1230.98,125333.2869,36069.9386,,12891.0558,53988.2809,34787.871,58.1135,,1371.8368,1097.7127,1483.3921,74370.28,36288.9612,1133.8857,11356.893,,
2017-11-20,,1128.173,1171.68,118124.4153,36104.9936,,12317.7194,51384.4673,34804.6469,54.2818,,1314.0255,1098.3283,1484.4854,71647.9683,36228.9019,1134.4825,11326.917,,
2017-11-21,,1128.173,1168.89,115277.1604,36082.3178,,12181.5837,52031.3647,34781.4219,55.292,,1320.0339,1097.1537,1482.5312,71847.7437,36161.1929,1132.4363,11326.917,,
2017-11-22,,1128.173,1170.59,115729.2975,36063.6428,,12104.0891,51231.724,34754.4976,54.665,,1315.7408,1096.1262,1480.9089,71377.6154,36128.9575,1131.0098,11326.917,,
2017-11-23,,1128.173,1133.02,111498.64,36028.5381,,11899.4743,50239.0373,34719.0143,54.665,,1280.9272,1094.873,1479.249,69718.0567,35994.8104,1128.3192,11326.917,,
2017-11-24,,1128.173,1127.35,109138.9237,36015.2581,,11787.9471,50148.4393,34695.2162,53.8522,,1280.4715,1093.9252,1478.4239,69865.9915,36004.5088,1127.9845,11323.883,,
2017-11-27,,1128.173,1129.69,109881.6815,36034.4226,,11785.251,50145.659,34730.7771,53.2716,,1276.1678,1094.7901,1480.3602,69608.1589,36026.8381,1129.3445,11323.883,,
2017-11-28,,1128.173,1139.11,110635.3704,36036.7699,,11773.5588,50053.6448,34719.722,53.3761,,1274.1072,1094.3684,1480.2973,69650.5763,36057.2823,1128.8,11323.883,,
2017-11-29,,1128.173,1132.81,109494.7534,36034.6479,,11687.4279,49524.3047,34712.7145,52.424,,1263.5597,1094.0854,1480.1028,69262.8554,36010.586,1128.6469,11326.917,,
2017-11-30,,1128.173,1123.07,109072.1562,36033.4549,,11683.912,49604.7779,34724.8674,52.157,,1255.6669,1094.1135,1480.7498,68667.3364,36043.6512,1129.0537,11326.917,,
2017-12-01,,1128.173,1131.56,109876.2765,36041.1882,,11707.9095,49966.6878,34730.3185,52.4124,,1267.3648,1094.0642,1479.9505,68965.7249,36067.1308,1129.3312,11337.03,,
2017-12-04,,1128.173,1136.19,110676.3577,36053.2385,,11711.3961,49898.9547,34733.9073,52.0873,,1272.6409,1094.1606,1480.2256,69263.9442,36123.0108,1129.5197,11371.587,,
2017-12-05,,1128.173,1113.16,108152.8553,36057.3415,,11590.422,48916.4584,34722.8072,50.7288,,1249.6088,1093.6227,1479.4046,68485.1669,36126.5726,1129.0589,11371.587,,
2017-12-06,,1128.173,1094.69,106359.059,36060.634,,11470.3532,48268.7899,34717.0966,50.2644,,1227.222,1093.3392,1480.2827,67608.0644,36114.5978,1129.1958,11371.587,,
2017-12-07,,1128.173,1086.85,105089.8967,36050.8684,,11425.3603,48229.6785,34686.2514,50.2876,,1226.4601,1092.6212,1478.7435,67287.9952,36086.2242,1128.0684,11381.812,,
2017-12-08,,1128.173,1086.75,105089.8967,36057.0942,,11424.9564,48227.3623,34686.2514,50.7404,,1226.3635,1092.8472,1479.1059,67284.7131,36120.3486,1128.344,11381.812,,
2017-12-11,,1128.173,1108.55,106341.9017,36031.2614,,11467.9822,48957.9889,34648.9215,51.5532,,1249.8921,1091.0028,1477.2466,68510.0783,36146.1231,1127.9677,11381.812,,
2017-12-12,,1128.173,1123.09,107835.6284,36019.4933,,11557.4411,49157.3964,34630.1567,51.7216,,1261.9461,1090.4743,1476.4654,69242.7835,36158.7035,1127.5753,11364.013,,
2017-12-13,,1128.173,1149.28,110923.9019,36041.2593,,11759.1333,50292.8741,34635.964,53.6548,,1281.0653,1090.2041,1476.171,69967.8155,36195.8689,1127.7071,11362.314,,
2017-12-14,,1128.173,1158.5,111657.9958,36055.4246,,11898.1436,49861.4122,34658.4032,54.0264,,1288.3594,1090.6373,1476.8139,70552.1718,36235.5873,1128.257,11362.314,,
2017-12-15,,1128.173,1167.79,111441.3553,36056.9334,,11877.1387,50793.2756,34667.5135,55.0365,,1302.8692,1090.7995,1476.4626,71180.165,36255.5398,1128.4203,11362.314,,
2017-12-18,,1128.173,1275.11,123911.5796,36095.3501,,12885.7226,54736.6185,34727.782,60.7376,,1403.9839,1093.2368,1480.2922,76327.2373,36430.2966,1131.4463,11387.87,,
2017-12-19,,1128.173,1278.04,126861.7607,36123.6347,,13089.6686,55053.7058,34771.0994,60.278,,1402.8098,1094.3439,1482.1348,76344.6914,36455.8052,1132.4934,11387.87,,
2017-12-20,,1128.173,1270.47,126118.4246,36160.0986,,13005.0615,54493.6956,34840.2276,59.662,,1391.6052,1096.5717,1485.847,75678.4744,36440.0441,1135.0004,11387.87,,
2017-12-21,,1128.173,1258.11,126202.5409,36186.0363,,13007.4158,54030.2264,34902.5616,59.0751,,1377.6469,1098.4184,1489.5309,74773.2439,36441.9973,1137.2502,11387.87,,
2017-12-22,,1128.173,1261.4,125936.5666,36207.2673,,13091.7476,54355.7294,34924.91,60.063,,1390.1788,1099.1066,1490.9857,75042.9143,36481.0413,1138.0779,11387.87,,
2017-12-25,,1128.173,1261.04,125936.5666,36216.9894,,13090.8803,54348.1568,34924.91,60.063,,1389.7233,1099.3594,1491.3839,75032.1794,36491.7296,1138.4006,11387.87,,
2017-12-26,,1128.173,1264.66,126016.1442,36236.7904,,13130.0079,54386.4989,34970.5131,60.1095,,1395.1143,1100.749,1494.0236,75344.288,36495.2771,1139.2029,11387.87,,
2017-12-27,,1128.173,1259.04,125856.7996,36255.9613,,13120.312,54465.2477,34993.8217,60.0862,,1391.5687,1101.7666,1495.4032,74995.3921,36525.6772,1141.3377,11387.87,,
2017-12-28,,1128.173,1268.41,125865.351,36267.5624,,13131.1756,55059.1489,35018.7402,60.7836,,1405.7067,1102.2803,1495.7671,75510.763,36531.8947,1141.3389,11387.87,,
2017-12-29,,1128.173,1274.55,126091.5489,36283.3106,,13138.2917,55324.5089,35033.4492,60.6209,,1415.5108,1102.8152,1497.0764,75984.5486,36546.3772,1142.3196,11387.87,,
2018-01-01,,1128.173,1274.19,126091.5489,36292.0244,,13137.9795,55317.845,35040.9786,60.6209,,1415.1082,1103.054,1497.4905,75986.0655,36554.0217,1142.5468,11387.87,,
2018-01-02,,1128.173,1281.94,126457.3362,36296.0737,,13124.2028,55936.7755,35053.5435,62.4688,,1428.1312,1103.1988,1497.3296,76576.6879,36558.2188,1142.9851,11660.656,,
2018-01-03,,1128.173,1289.36,126786.0063,36323.6424,,13159.909,56182.1256,35039.0804,62.4804,,1437.3392,1103.2601,1497.0811,77237.9827,36598.4762,1143.2137,11660.656,,
2018-01-04,,1128.173,1290.04,127158.6425,36312.2373,,13206.5091,56342.0818,35013.3413,62.7477,,1439.7354,1102.4682,1495.8429,77230.0409,36582.0567,1141.79,11529.183,,
2018-01-05,,1128.173,1301.65,129062.8225,36338.9237,,13295.9955,56888.2501,35047.2763,63.2881,,1452.7638,1103.3086,1497.6776,77783.47,36583.3104,1142.0141,11529.183,,
2018-01-08,,1128.173,1311.29,130376.2108,36353.9576,,13357.3758,57093.9984,35052.6149,63.4915,,1461.9549,1103.5688,1498.2282,78295.6535,36589.4357,1142.2213,11529.183,,
2018-01-09,,1128.173,1313.45,130533.9952,36357.0277,,13404.9569,57087.2265,35061.4661,63.1777,,1461.8441,1103.7712,1498.5427,78408.1905,36596.0313,1142.528,11529.183,,
2018-01-10,,1128.173,1308.77,130249.7487,36325.833,,13372.4951,56971.3829,35042.1091,62.8756,,1451.039,1102.4233,1496.7484,78256.6535,36578.6599,1140.1666,11630.317,,
2018-01-11,,1128.173,1314.38,130825.4088,36323.1388,,13362.3572,57195.7489,35049.6522,63.5961,,1454.0552,1102.5731,1496.7392,78495.753,36606.2531,1140.388,11630.317,,
2018-01-12,,1128.173,1319.75,131132.1193,36331.6574,,13373.3111,57153.9723,35059.1881,63.9448,,1461.0721,1103.0289,1496.6708,78544.8989,36611.239,1140.5795,11630.317,,
2018-01-15,,1128.173,1330.37,132769.6572,36345.8632,,13401.6248,57306.1263,35080.0792,63.9448,,1470.9906,1103.5272,1498.0591,79135.0712,36632.0367,1141.8158,11529.183,,
2018-01-16,,1128.173,1330.25,132766.1615,36348.8666,,13401.1607,57303.7626,35082.9672,63.3172,,1470.8717,1103.6023,1498.1228,79131.2544,36639.6012,1141.9261,11529.183,,
2018-01-17,,1128.173,1336.67,132615.902,36362.023,,13421.0239,57479.5312,35112.8009,63.9215,,1467.7488,1104.7557,1500.1815,79559.5275,36642.4185,1143.1641,11520.081,,
2018-01-18,,1128.173,1351.36,133479.5675,36374.9513,,13493.4662,57984.6034,35118.1043,64.5143,,1479.4546,1105.0523,1500.5365,80459.6652,36666.445,1142.9901,11520.081,,
2018-01-19,,1128.173,1357.52,134367.8,36385.4866,,13544.0334,58244.8924,35123.8137,64.7002,,1481.1108,1105.2801,1500.4048,80725.0652,36667.5046,1143.0091,11520.081,,
2018-01-22,,1128.173,1358.21,134739.1234,36409.0282,,13565.1349,58145.1622,35148.6183,64.6654,,1473.8385,1105.9865,1501.0521,80437.2135,36668.7915,1143.2446,11520.081,,
2018-01-23,,1128.173,1357.21,134515.7965,36424.6411,,13578.6334,58087.6318,35176.8686,63.7937,,1472.5595,1107.0924,1502.0662,80507.1126,36681.771,1144.4216,11589.317,,
2018-01-24,,1118.056,1359.96,134617.2378,36450.6987,,13560.2262,58342.9996,35208.9834,64.2353,,1473.6944,1108.2907,1503.8432,80795.6683,36664.6345,1145.9177,11589.762,,
2018-01-25,,1118.056,1366.12,134966.4201,36479.4866,,13567.3098,58723.4709,35243.4025,64.7816,,1488.0089,1109.5216,1505.9282,81343.8077,36702.6435,1147.5238,11600.007,,
2018-01-26,,1118.056,1364.25,135080.2582,36487.1283,,13592.8613,58969.76,35254.4162,65.2232,,1480.9694,1109.8139,1506.5303,81313.645,36681.9446,1147.6257,11600.007,,
2018-01-29,,1118.056,1373.2,135619.5447,36481.9486,,13608.681,59103.1697,35253.5587,64.8978,,1487.1607,1109.3699,1505.8529,81665.2849,36694.7314,1145.8984,11597.529,,
2018-01-30,,1118.056,1365.89,135075.3581,36493.3344,,13543.2061,58808.8767,35263.2505,64.4445,,1475.5783,1109.2361,1505.62,81077.8628,36692.4726,1145.8862,11597.529,,
2018-01-31,,1118.056,1366.97,135300.0639,36513.112,,13585.934,58989.8335,35269.0173,65.0373,,1482.6961,1109.4761,1506.6831,81383.4115,36701.7063,1145.5461,11597.529,,
2018-02-01,,1118.056,1367.57,136092.8484,36520.3568,,13647.3289,59135.4706,35272.4023,65.2813,,1487.6428,1109.4246,1506.6843,81650.2442,36676.6224,1144.8621,11597.529,,
2018-02-02,,1118.056,1356.61,135331.3997,36488.3666,,13684.3087,58918.3231,35243.6283,64.061,,1468.2521,1107.7654,1505.0504,81129.1294,36633.393,1143.0548,11597.529,,
2018-02-05,,1118.056,1345.06,134583.4185,36484.9482,,13632.7294,58261.3051,35240.618,62.4107,,1443.3194,1107.4906,1504.1963,80496.8886,36524.8669,1143.0516,11598.581,,
2018-02-06,,1118.056,1320.72,132384.4469,36499.6937,,13516.8471,57714.1463,35273.0606,63.9564,,1407.8528,1108.867,1507.1003,79080.1885,36534.5722,1145.2153,11797.186,,
2018-02-07,,1118.056,1338.01,134058.0249,36505.8622,,13607.7932,58230.0044,35267.3468,63.7937,,1446.3312,1108.4894,1506.3439,79774.8747,36590.5501,1145.3956,11782.016,,
2018-02-08,,1118.056,1327.98,133230.769,36543.9663,,13556.7148,57511.1768,35329.9729,61.4577,,1431.7974,1110.7835,1509.6612,79279.6958,36519.8442,1147.1605,11831.572,,
2018-02-09,,1118.056,1306.79,131923.2386,36546.3375,,13470.8038,56803.0761,35332.4286,61.2833,,1402.3312,1110.914,1509.5703,77793.8224,36467.6359,1147.797,11597.529,,
2018-02-12,,1118.056,1308.51,131988.5432,36573.6486,,13483.9696,56859.1682,35353.8203,61.8877,,1408.88,1111.5547,1510.2369,77692.4518,36534.9628,1148.704,11597.529,,
2018-02-13,,1118.056,1295.42,131557.4217,36584.5206,,13370.257,56486.8519,35380.0434,61.5739,,1392.7848,1112.9065,1512.1466,76819.3622,36517.3953,1149.7862,11597.529,,
2018-02-14,,1118.056,1293.53,130727.9973,36606.8556,,13323.4254,56543.9341,35415.4184,62.678,,1388.8271,1113.8598,1513.1833,76975.99,36524.5054,1150.638,11597.529,,
2018-02-15,,1118.056,1313.59,131448.4646,36602.3591,,13356.3902,56872.6256,35415.7306,63.8867,,1413.2001,1113.8765,1512.8558,78098.4785,36566.5656,1150.1155,11597.529,,
2018-02-16,,1118.056,1316.6,132583.8137,36592.2958,,13405.5671,56941.7658,35399.377,63.4334,,1415.2837,1113.4661,1511.8229,78152.1995,36595.4131,1149.9567,11597.529,,
2018-02-19,,1118.056,1319.64,133242.4749,36634.6959,,13431.7597,57164.4415,35438.3667,63.4334,,1420.2595,1114.7278,1513.7161,78101.901,36634.05,1150.826,11597.529,,
2018-02-20,,1118.056,1322.71,133052.225,36648.0435,,13425.6617,57397.3785,35464.5145,63.5264,,1427.7363,1115.628,1515.2724,78633.6857,36644.0003,1151.9481,11645.588,,
2018-02-21,,1118.056,1328.99,132996.3929,36664.6561,,13450.7048,57682.596,35487.0158,63.3637,,1440.1602,1116.1874,1516.8397,79341.1981,36674.5656,1152.8391,11651.554,,
2018-02-22,,1118.056,1332.08,132729.8141,36680.9833,,13503.4094,57857.4664,35499.9336,64.1307,,1445.2515,1116.7831,1517.5359,79782.7197,36723.3833,1153.3064,11651.554,,
2018-02-23,,1118.056,1333.91,132433.0839,36693.55,,13534.7918,57874.8814,35507.9151,65.0838,,1452.7311,1116.9779,1517.7924,79937.7994,36729.0318,1153.1776,11651.554,,
2018-02-26,,1118.056,1326.53,131484.7576,36699.3709,,13534.4368,57446.4874,35514.7643,64.7235,,1433.1214,1116.9988,1518.101,79725.097,36740.9609,1153.5305,11711.223,,
2018-02-27,,1118.056,1318.38,130720.9793,36682.0895,,13494.0192,57289.9751,35498.5042,63.3404,,1424.9639,1116.1838,1516.9705,79299.0461,36727.6512,1152.8356,11711.223,,
2018-02-28,,1118.056,1308.12,130110.0308,36685.6653,,13504.6252,56914.027,35508.3999,62.4223,,1404.1741,1116.3584,1517.3633,78901.3842,36734.4946,1153.278,11650.543,,
2018-03-01,,1118.056,1297.05,129543.0379,36702.9803,,13444.2902,56392.0448,35517.1756,61.5739,,1376.8995,1116.974,1518.2515,78135.4149,36706.287,1153.9594,11711.223,,
2018-03-02,,1118.056,1284.94,128448.7297,36705.4103,,13355.904,56591.051,35530.8041,62.0388,,1356.3397,1117.4235,1519.1684,77648.1366,36718.3876,1153.9574,11711.223,,
2018-03-05,,1118.056,1289.52,128943.7787,36711.4504,,13300.2883,56429.2931,35532.0257,61.8993,,1359.6947,1117.49,1518.9573,77949.321,36745.6127,1154.33,11650.543,,
2018-03-06,,1118.056,1295.05,129011.7704,36712.2338,,13252.3168,56351.4242,35528.9955,61.8761,,1367.7813,1117.3528,1519.0282,78087.7412,36778.3929,1154.3154,11650.543,,
2018-03-07,,1118.056,1292.45,128598.8202,36706.5765,,13247.5888,56459.9423,35526.3041,61.8993,,1373.1184,1117.3798,1519.2582,77945.2494,36783.2169,1154.1237,11650.543,,
2018-03-08,,1121.064,1296.23,127749.3074,36666.5813,,13238.4883,56714.7558,35500.0314,61.6901,,1386.9935,1116.4113,1518.6418,78232.68,36785.5345,1153.481,11650.543,,
2018-03-09,,1121.064,1309.4,129775.7319,36658.6007,,13331.2703,57119.6546,35485.7815,62.9802,,1406.5665,1114.9715,1517.402,78740.5896,36779.181,1152.5155,11650.543,,
2018-03-12,,1121.064,1314.06,130072.1618,36687.2847,,13358.6606,57259.8863,35504.0607,62.771,,1414.4935,1116.0676,1518.7336,79182.6428,36957.7657,1156.083,11650.543,,
2018-03-13,,1121.064,1318.05,130569.0494,36673.7956,,13357.0393,57280.5027,35519.0295,62.3177,,1411.3544,1117.1314,1519.7793,79434.3471,36950.9325,1156.7845,11650.543,,
2018-03-14,,1121.064,1310.63,129679.2982,36691.2099,,13325.5468,57115.2488,35539.9946,62.5269,,1399.8892,1117.7972,1520.8696,79004.6944,36967.1532,1158.9847,11650.543,,
2018-03-15,,1121.064,1307.07,129759.4141,36706.4474,,13308.6273,56961.3226,35554.7589,61.7598,,1394.3256,1118.4886,1521.9531,78678.958,36966.5986,1159.8632,11731.45,,
2018-03-16,,1121.064,1306.21,129457.0098,36735.7092,,13284.5273,56964.7709,35565.2729,61.4054,,1389.6803,1118.9734,1522.8958,78565.3781,36974.4776,1160.2406,11731.45,,
2018-03-19,,1121.064,1303.13,129334.3428,36749.4392,,13225.1955,56770.4988,35581.3332,61.0044,,1379.2218,1119.6408,1523.9528,78365.1973,36957.5663,1160.9051,11731.45,,
2018-03-20,,1121.064,1300.21,129244.0941,36759.3317,,13183.4535,56469.7637,35586.6184,60.7487,,1374.0893,1119.1679,1523.0652,78033.9338,36944.4468,1160.1519,11731.45,,
2018-03-21,,1121.064,1298.06,129166.6593,36762.978,,13199.9436,56559.5196,35566.3854,61.2136,,1370.7896,1118.81,1522.3236,78016.5589,36969.5742,1159.8039,11731.45,,
2018-03-22,,1121.064,1287.28,128002.5284,36759.9851,,13123.9226,56328.5582,35574.9641,60.0804,,1355.5847,1119.0654,1522.872,77569.4523,36947.0177,1160.2611,11731.45,,
2018-03-23,,1121.064,1283.19,127006.7852,36760.929,,13060.8161,55934.709,35597.28,59.6795,,1351.9524,1120.0235,1524.7635,77335.6342,36876.8259,1161.8057,11731.45,,
2018-03-26,,1121.064,1275.59,126087.7803,36781.6,,12993.5905,55576.9024,35630.4699,60.4349,,1346.1363,1120.8053,1526.6751,76932.3554,36975.0091,1163.976,11731.45,,
2018-03-27,,1121.064,1280.44,126172.1609,36795.3146,,13020.3935,55767.4301,35634.412,60.0979,,1356.976,1121.0178,1527.3429,77352.6269,36996.4441,1165.265,11761.79,,
2018-03-28,,1121.064,1279.09,126106.2302,36805.4592,,12956.1116,55601.2767,35654.8769,60.3187,,1353.1243,1121.6169,1528.953,77385.9327,37021.6484,1166.6098,11761.79,,
2018-03-29,,1121.064,1292.59,125924.9042,36805.1561,,12948.8919,56216.1001,35664.0841,61.6204,,1371.5942,1121.3013,1528.5969,78220.7718,37106.8858,1166.4075,11761.79,,
2018-03-30,,1121.064,1292.47,125921.7201,36806.9511,,12948.8701,56214.2636,35665.8809,61.6204,,1371.4917,1121.3555,1528.7056,78217.322,37111.5438,1166.4887,11761.79,,
2018-04-02,,1121.064,1293.96,126273.9206,36821.1589,,12940.8655,55870.7271,35676.6761,61.2136,,1374.3883,1121.8572,1529.435,78213.735,37054.2242,1166.4267,11761.79,,
2018-04-03,,1121.064,1294.62,126145.0074,36841.8779,,12994.5881,56313.5745,35711.6613,61.4577,,1369.6444,1122.4218,1530.839,78430.1802,37138.8425,1167.3868,11909.444,,
2018-04-04,,1121.064,1292.73,126315.0848,36852.9994,,12982.2509,56413.2654,35716.4611,62.0969,,1367.5709,1123.1794,1532.3534,78464.5796,37166.2612,1168.8525,11909.444,,
2018-04-05,,1121.064,1313.82,128803.089,36872.8552,,13139.0754,57054.8945,35791.9543,62.399,,1403.1232,1123.5598,1533.5918,79519.3719,37241.5179,1169.3221,11909.444,,
2018-04-06,,1121.064,1311.25,128931.8449,36855.2092,,13103.1702,56964.1211,35772.7367,61.969,,1397.408,1122.8953,1532.5347,79481.6486,37237.602,1168.7617,11960.011,,
2018-04-09,,1121.064,1310.73,128538.6703,36868.5531,,13098.5658,57053.8567,35782.0812,61.8063,,1395.916,1123.4601,1533.6269,79614.9399,37267.2252,1173.8735,11960.011,,
2018-04-10,,1121.064,1313.71,129006.9362,36872.9555,,13103.9763,57265.5596,35792.8959,62.8756,,1405.3318,1123.9184,1534.403,79742.1439,37316.8163,1174.9696,12034.849,,
2018-04-11,,1121.064,1311.47,128278.6641,36882.5032,,13114.2041,57195.4487,35810.3059,63.1661,,1403.395,1124.6525,1534.9746,79705.5733,37335.8153,1175.9837,12018.263,,
2018-04-12,,1121.064,1313.41,127832.7541,36899.2966,,13138.4808,57451.3792,35825.6427,63.538,,1411.7419,1124.9135,1535.2363,80047.7443,37391.0175,1177.293,12018.263,,
2018-04-13,,1136.105,1312.95,127807.859,36891.8145,,13164.5535,57350.2363,35811.8501,63.5613,,1411.8039,1124.6314,1534.9644,79955.6377,37404.2739,1177.1163,12018.263,,
2018-04-16,,1136.105,1308.27,127751.9072,36891.0482,,13175.8025,57225.8348,35814.3655,63.3637,,1404.2012,1124.7979,1535.5582,79675.8956,37393.58,1177.5618,12034.849,,
2018-04-17,,1136.105,1308.43,127794.2511,36899.2023,,13153.5165,57334.0289,35817.7654,63.5496,,1408.4759,1125.4884,1536.5043,79707.569,37410.319,1178.8318,12034.849,,
2018-04-18,,1136.105,1316.77,128321.7813,36919.2606,,13153.9624,57644.2996,35833.5511,64.2876,,1426.4104,1125.7504,1537.0487,80163.7064,37440.0543,1179.1379,12034.849,,
2018-04-19,,1136.105,1320.06,129092.0292,36916.3389,,13157.676,57822.2717,35851.0705,64.4562,,1434.1127,1126.0871,1538.1724,80225.799,37416.8413,1179.4282,12034.849,,
2018-04-20,,1136.105,1321.12,129934.1438,36906.2245,,13235.7372,57776.913,35840.8645,64.247,,1440.4153,1125.6046,1537.3929,80196.8391,37400.0368,1178.9168,12034.849,,
2018-04-23,,1136.105,1324.25,130587.1881,36908.1478,,13265.0787,57921.1943,35845.4971,63.5961,,1446.6679,1125.4041,1537.2522,80366.1628,37416.999,1178.1693,12085.416,,
2018-04-24,,1136.105,1321.58,130652.1877,36902.2716,,13220.5672,57650.7021,35827.9414,63.8169,,1438.4699,1124.4938,1536.0736,80306.2466,37382.1132,1176.2345,12085.416,,
2018-04-25,,1136.105,1313.46,130535.4922,36857.439,,13198.6912,57636.3353,35805.6017,62.9453,,1430.1626,1122.9061,1533.8044,79908.7075,37352.1519,1173.5862,12085.416,,
2018-04-26,,1136.105,1313.81,130792.0321,36867.7138,,13206.0124,57727.6354,35810.1631,63.3521,,1433.3709,1123.0082,1534.1171,80092.4651,37379.9984,1174.873,12135.982,,
2018-04-27,,1136.105,1316.24,131195.2096,36876.8014,,13251.5117,57810.3664,35832.4572,63.3056,,1439.2238,1123.5396,1535.2425,80334.404,37391.1268,1175.8096,12306.898,,
2018-04-30,,1136.105,1322.08,131252.5394,36896.9146,,13287.2771,58147.2674,35857.4511,62.4978,,1448.4646,1124.1567,1536.3813,80856.9182,37394.8755,1176.5621,12306.898,,
2018-05-01,,1136.105,1321.96,131249.3521,36900.4687,,13287.2475,58149.6239,35861.2872,61.7598,,1448.3531,1124.2711,1536.5641,80853.362,37372.9876,1176.6904,12306.898,,
2018-05-02,,1136.105,1317.98,131377.1908,36903.7414,,13321.0561,58027.0772,35878.6775,61.3995,,1443.4087,1124.7987,1537.4219,80608.3033,37347.1931,1177.3378,12306.898,,
2018-05-03,,1136.105,1313.92,132185.3736,36911.5486,,13317.9899,57584.6783,35901.3103,60.9579,,1430.8754,1125.5093,1538.2103,79894.003,37305.2868,1178.2017,12135.982,,
2018-05-04,,1136.105,1308.8,132603.5148,36918.9767,,13307.7834,57422.3066,35918.3794,60.5628,,1426.8042,1125.9715,1539.0178,79610.0745,37309.482,1179.3546,12135.982,,
2018-05-07,,1136.105,1309.12,133297.469,36911.5206,,13324.5918,57501.6485,35909.8088,60.4233,,1423.665,1125.3559,1538.7417,79584.8593,37324.8182,1178.4582,12135.982,,
2018-05-08,,1136.105,1306.06,133407.2317,36942.1616,,13322.8006,57601.0453,35960.3459,59.5168,,1421.6056,1126.7379,1540.2296,79398.9716,37295.6399,1179.3083,12135.982,,
2018-05-09,,1136.105,1310.76,133941.1411,36920.9651,,13397.8111,57926.1483,35936.1374,60.063,,1433.4308,1125.5875,1538.4127,79684.8174,37283.0836,1177.6163,12135.982,,
2018-05-10,,1136.105,1314.89,135433.8447,36922.6718,,13478.855,58285.407,35930.8982,61.6204,,1445.3975,1125.6036,1537.9512,79947.999,37361.7328,1177.8274,12135.982,,
2018-05-11,,1136.105,1319.93,135822.25,36942.2238,,13503.5642,58310.5449,35936.6443,61.8063,,1457.3638,1125.9243,1537.549,80202.2108,37371.7776,1178.2819,12135.982,,
2018-05-14,,1136.105,1310.5,135236.7958,36961.4385,,13526.8437,58409.7109,35961.8991,61.2252,,1451.6855,1126.6814,1539.2697,79802.1286,37361.1969,1179.0402,12334.203,,
2018-05-15,,1136.105,1313.7,135202.3942,36945.9646,,13546.6716,58638.9215,35946.6647,60.5628,,1456.1525,1125.987,1537.675,80065.2322,37321.084,1177.6221,12135.982,,
2018-05-16,,1136.105,1312.96,134752.8912,36972.5384,,13534.5049,58689.7964,35975.9334,60.8301,,1464.7257,1127.2632,1539.9314,80439.9047,37355.7458,1179.3021,12135.982,,
2018-05-17,,1136.105,1313.54,135812.9459,36992.6309,,13551.0637,58658.2701,36015.9344,60.3652,,1459.9139,1128.2221,1541.514,80322.1642,37346.2826,1179.8742,12135.982,,
2018-05-18,,1136.105,1311.18,137597.7443,36973.0248,,13601.6381,58550.3051,35991.7591,60.0398,,1456.3281,1127.4792,1540.0301,80187.0693,37294.5387,1178.2762,12333.192,,
2018-05-21,,1136.105,1310.81,137588.1567,36985.7487,,13600.4646,58665.7365,36004.9823,59.8189,,1461.0453,1127.8708,1540.698,80176.4577,37328.9987,1178.7245,12333.192,,
2018-05-22,,1136.105,1301.0,137545.2865,36987.3511,,13606.9411,58465.1664,35999.7079,60.586,,1442.7276,1127.7891,1539.7271,79850.266,37361.8988,1178.5692,12297.796,,
2018-05-23,,1136.105,1294.51,136717.4462,36999.6785,,13606.9628,58183.5429,36010.5962,60.772,,1433.1668,1128.2987,1540.5019,79556.281,37386.9556,1178.7408,12186.549,,
2018-05-24,,1136.105,1282.98,136219.3059,37011.0862,,13564.1819,57771.7133,36033.6596,59.6214,,1404.774,1129.0166,1542.1319,78690.6769,37372.6711,1179.5792,12186.549,,
2018-05-25,,1136.105,1286.67,136569.3407,37035.2978,,13607.5703,57939.7508,36059.0159,59.7027,,1417.4811,1129.8822,1543.8738,78883.6281,37372.4524,1180.6549,12186.549,,
2018-05-28,,1136.105,1277.96,136194.6201,37045.6748,,13616.7665,57790.0994,36070.4201,59.7027,,1415.3732,1130.1693,1544.1991,78644.1512,37384.4444,1180.6785,12135.982,,
2018-05-29,,1136.105,1258.02,135242.6708,37054.3108,,13491.5351,57299.6344,36068.619,58.2964,,1389.5934,1130.0445,1543.6313,77517.6494,37280.5737,1180.8069,12135.982,,
2018-05-30,,1136.105,1254.41,134154.0022,37055.2241,,13461.1252,57377.0195,36080.1972,58.3894,,1384.2507,1130.2548,1544.5718,77592.8978,37300.7838,1181.2143,12135.982,,
2018-05-31,,1136.105,1246.88,133119.2996,37056.4968,,13362.2333,57044.1583,36079.489,58.0059,,1372.5754,1130.3292,1544.6552,76944.3007,37266.772,1180.6631,12135.982,,
2018-06-01,,1136.105,1247.05,132548.1344,37071.7803,,13363.9182,57230.0306,36094.8362,58.0872,,1382.184,1130.7709,1545.352,77116.2417,37279.216,1181.1906,12135.982,,
2018-06-04,,1136.105,1257.59,132492.4711,37101.339,,13350.7771,57718.1938,36112.7955,59.1216,,1409.5904,1131.5356,1545.7983,77923.3161,37340.426,1181.9346,12146.096,,
2018-06-05,,1136.105,1254.79,131777.2039,37112.8643,,13324.7802,57401.7649,36125.9398,58.2732,,1408.45,1131.9098,1546.5784,78057.2312,37344.974,1182.1561,12085.416,,
2018-06-06,,1136.105,1245.08,131100.5019,36529.8685,,13310.665,57246.8734,36123.1097,58.4708,,1385.9578,1131.8688,1546.0196,77452.2887,37298.581,1181.6402,12085.416,,
2018-06-07,,1136.105,1238.01,131677.8267,37121.5907,,13315.8169,57037.5582,36131.249,57.7967,,1370.277,1132.3883,1546.5575,76731.7362,37218.8453,1181.9986,12085.416,,
2018-06-08,,1136.105,1243.89,131749.7751,37148.8299,,13261.8301,57383.8558,36169.8354,58.4592,,1382.0038,1133.5935,1548.3803,77132.0696,37267.295,1183.2013,12085.416,,
2018-06-11,,1136.105,1250.66,131498.0398,37150.9923,,13271.2491,57450.2621,36161.7307,58.2616,,1399.4894,1133.9039,1548.4145,77577.4608,37264.3133,1183.1964,12135.982,,
2018-06-12,,1136.105,1252.2,131538.284,37153.3,,13272.6394,57457.4377,36169.0887,58.1221,,1398.4085,1134.1064,1548.8633,77764.0376,37242.0974,1183.4927,12135.982,,
2018-06-13,,1136.105,1257.17,131602.4821,37153.3876,,13262.2734,57366.5894,36175.1528,58.064,,1403.1648,1134.3721,1549.8066,77828.3471,37245.0288,1183.6856,12338.249,,
2018-06-14,,1136.105,1254.68,131939.5704,37151.8653,,13276.6388,57287.9718,36182.4217,57.9129,,1402.3481,1134.3904,1549.5952,77635.8986,37212.5994,1183.5312,12166.322,,
2018-06-15,,1136.105,1241.29,131957.0185,37161.2147,,13212.6246,56971.1078,36195.8552,57.8548,,1382.1334,1135.0461,1550.2588,76585.7102,37143.0191,1184.5892,12246.42,,
2018-06-18,,1136.105,1237.2,131858.5114,37177.7586,,13172.6429,56835.2419,36211.8344,57.1807,,1374.9224,1135.4571,1551.222,76256.1564,37094.7292,1184.8349,12246.42,,
2018-06-19,,1136.105,1235.93,131439.1996,37188.4793,,13141.9126,56604.4991,36222.9652,56.4489,,1364.513,1136.2314,1551.3631,76092.3835,37052.1554,1185.2895,12134.441,,
2018-06-20,,1136.105,1236.81,131560.5455,37183.8347,,13121.6151,56452.0538,36218.7251,56.4489,,1365.7703,1136.2025,1551.3027,76183.3882,37069.8926,1185.1326,12215.88,,
2018-06-21,,1136.105,1232.15,131160.7128,37187.9001,,13063.4858,56138.2484,36225.4643,55.8448,,1354.9981,1136.4267,1551.9902,75805.669,37093.7428,1185.5945,12215.88,,
2018-06-22,,1136.105,1222.02,130468.0015,37185.9089,,13041.894,56020.4271,36220.1019,55.9514,,1344.6339,1136.3147,1547.546,75096.6299,37140.9936,1184.0181,12134.441,,
2018-06-25,,1136.105,1208.85,129833.5271,37199.8484,,12960.271,55266.0706,36223.8776,55.4538,,1315.2586,1136.9376,1548.5845,74086.9567,37114.848,1184.9765,12134.441,,
2018-06-26,,1136.105,1202.29,129094.0303,37198.6561,,12880.871,55411.3063,36222.6972,55.0274,,1309.4554,1136.8155,1548.1975,73724.1608,37090.2529,1184.8139,12114.081,,
2018-06-27,,1130.901,1197.18,128798.1051,37197.6838,,12880.5734,55112.9221,36220.2352,54.589,,1300.0159,1136.5696,1548.1238,73769.2588,37040.573,1184.6625,12114.081,,
2018-06-28,,1130.901,1191.29,128011.2044,37195.3449,,12830.0403,54879.5913,36233.2145,54.2099,,1294.2192,1136.8654,1553.2204,73279.6857,37021.7967,1184.841,12144.621,,
2018-06-29,,1130.69,1191.34,127440.3349,37183.0948,,12823.3029,54913.7144,36225.4497,54.5416,,1287.151,1136.4267,1552.2889,73493.3722,37027.8649,1184.5387,12134.441,,
2018-07-02,,1130.69,1191.0,127431.2594,37195.7904,,12823.2216,54908.5935,36239.0173,54.1507,,1286.836,1136.8435,1552.9584,73482.8143,37045.3415,1184.4186,12134.441,,
2018-07-03,,1130.69,1186.83,127024.892,37210.9568,,12777.6729,54391.0396,36247.498,54.8852,,1277.8782,1137.1663,1553.2103,73153.0249,37056.7992,1185.5051,12134.441,,
2018-07-04,,1130.69,1177.79,126083.1663,37216.3941,,12717.8856,54261.5443,36253.5347,54.8852,,1267.9796,1137.4102,1553.479,72665.3694,37061.8467,1185.8252,12134.441,,
2018-07-05,,1130.69,1179.1,125991.7442,37228.4954,,12724.6427,54489.3353,36267.5508,54.0322,,1270.3061,1137.8257,1554.1336,72638.1184,37107.0654,1186.0771,12164.981,,
2018-07-06,,1130.69,1184.68,126087.7395,37222.4059,,12762.4863,54717.5233,36270.7787,54.1863,,1281.9725,1138.1051,1555.1222,73145.9195,37129.9969,1186.5371,12164.981,,
2018-07-09,,1130.69,1190.5,126391.0584,37234.5228,,12761.9441,54906.8635,36277.9066,55.1044,,1294.9676,1138.1058,1555.0968,73614.6122,37200.2301,1186.3748,12164.981,,
2018-07-10,,1130.69,1193.03,126850.5818,37245.5339,,12757.0492,55014.7353,36282.4914,55.2406,,1295.4187,1138.3128,1556.0752,73785.4822,37230.0866,1186.7743,12149.711,,
2018-07-11,,1145.13,1187.59,125886.8136,37255.9213,,12685.0383,54736.2501,36303.5334,54.5535,,1285.0438,1138.8548,1557.0923,73463.429,37235.0363,1187.1808,12149.711,,
2018-07-12,,1145.13,1183.52,125410.3581,37261.4964,,12695.3533,54638.9247,36306.131,54.9207,,1285.3753,1138.6848,1556.8259,73411.8518,37257.6698,1186.9532,12149.711,,
2018-07-13,,1145.13,1182.45,124981.0059,37268.8561,,12679.2592,54732.3983,36309.952,54.743,,1288.2993,1138.6881,1556.994,73539.6354,37277.5427,1187.1118,12149.711,,
2018-07-16,,1145.13,1182.12,124971.8264,37275.4856,,12678.1333,54727.3617,36317.9952,54.5298,,1287.9789,1138.9146,1557.3947,73528.9785,37283.5068,1187.3881,12149.711,,
2018-07-17,,1145.13,1193.16,125063.5665,37278.2558,,12705.5651,55032.3154,36319.7574,55.134,,1301.972,1138.8471,1557.2909,74412.0132,37321.7066,1187.2218,12175.161,,
2018-07-18,,1145.13,1199.14,125249.4842,37290.3651,,12733.0094,55107.1171,36337.1525,55.2288,,1312.9046,1139.2585,1558.3471,74852.0181,37334.7111,1187.9632,12175.161,,
2018-07-19,,1145.13,1202.28,125620.6041,37314.274,,12736.4951,55082.8216,36360.6284,54.3876,,1314.0194,1140.1927,1560.2101,74905.4768,37333.7656,1188.6161,12317.679,,
2018-07-20,,1145.13,1210.44,125952.8105,37315.8006,,12767.6194,55535.9762,36373.6906,55.0629,,1330.2584,1140.4491,1561.0089,75587.6576,37379.4916,1189.0035,12317.679,,
2018-07-23,,1145.13,1207.35,125899.1136,37337.9054,,12752.2553,55374.8316,36400.5197,54.6246,,1322.9449,1141.3059,1562.5092,75456.0492,37386.0887,1189.8696,12317.679,,
2018-07-24,,1145.13,1216.69,126470.4771,37335.7256,,12785.8636,55697.5267,36406.8067,55.7382,,1335.3987,1141.2259,1562.3021,76047.0165,37416.331,1189.9405,12317.679,,
2018-07-25,,1145.13,1222.14,127562.3312,37338.8684,,12827.0716,55772.5104,36411.3206,56.3423,,1338.711,1141.304,1562.1414,76221.5448,37446.4197,1191.4885,12368.579,,
2018-07-26,,1145.13,1224.59,127822.6809,37346.8402,,12833.9478,55651.7346,36422.0055,56.2239,,1336.5257,1141.4049,1562.4241,76317.4449,37481.0466,1190.6384,12368.579,,
2018-07-27,,1145.13,1211.82,127140.5793,37353.1699,,12801.5166,55132.5037,36429.3392,55.8448,,1318.2402,1141.6551,1563.0196,75439.5701,37518.7637,1191.056,12368.579,,
2018-07-30,,1145.13,1204.32,126491.8719,37373.3571,,12739.6877,55287.005,36446.3948,56.2949,,1306.5182,1142.458,1564.3357,75280.6014,37541.3918,1191.787,12419.478,,
2018-07-31,,1145.13,1210.3,126398.1309,37384.2345,,12745.8394,55796.2748,36455.5239,57.1242,,1323.39,1142.7624,1564.9914,76053.7103,37556.7704,1192.0791,12419.478,,
2018-08-01,,1145.13,1209.35,126196.9796,37393.3863,,12770.9965,55539.8002,36474.3616,56.212,,1324.0989,1143.2962,1566.2804,75893.235,37542.6857,1193.2077,12419.478,,
2018-08-02,,1145.13,1202.47,125644.9384,37404.4616,,12754.6247,55517.3777,36477.7889,55.8566,,1315.9037,1143.4955,1566.4924,75470.1084,37539.8945,1193.9764,12267.798,,
2018-08-03,,1145.13,1211.05,126067.0878,37406.1943,,12757.4529,55617.6579,36475.9369,56.2713,,1324.3154,1143.3189,1565.9504,75987.7092,37588.8546,1193.5338,12267.798,,
2018-08-06,,1145.13,1203.79,126535.1343,37425.3054,,12813.3952,55426.5927,36491.903,55.4064,,1312.6778,1143.8262,1566.8425,75534.1264,37584.6614,1194.1589,12267.798,,
2018-08-07,,1145.13,1198.57,126195.6197,37440.2742,,12794.2608,55116.8402,36510.5817,55.5249,,1304.8807,1144.3689,1568.7654,75042.3103,37543.1412,1194.3711,12267.798,,
2018-08-08,,1145.13,1191.52,126218.0257,37461.9625,,12775.5289,55036.4504,36530.0712,55.0747,,1297.1787,1145.155,1570.2821,74475.403,37523.9468,1195.8245,12267.798,,
2018-08-09,,1145.13,1184.93,126094.524,37477.1455,,12732.1955,54934.0237,36542.5705,54.5772,,1284.4885,1145.677,1570.8661,73669.9302,37459.9858,1196.2345,12266.78,,
2018-08-10,,1145.13,1179.26,126374.0179,37500.0175,,12696.1992,54661.5506,36562.0314,53.5347,,1277.2198,1146.1151,1571.7962,73290.679,37356.0992,1198.0098,12266.78,,
2018-08-13,,1145.13,1176.25,126182.5562,37522.1286,,12672.8526,54284.7518,36579.0676,52.7528,,1271.529,1146.8264,1572.8134,72918.9966,37258.7146,1198.9275,12419.478,,
2018-08-14,,1145.13,1182.3,126622.8566,37529.2735,,12698.0118,54635.0801,36582.8386,53.0016,,1281.9081,1146.9298,1573.0346,73274.6275,37325.7791,1199.2008,12266.78,,
2018-08-15,,1145.13,1182.19,126619.5493,37534.4096,,12697.6241,54633.3013,36588.3756,51.6392,,1281.7907,1147.09,1573.2882,73271.1848,37311.2079,1198.8279,12266.78,,
2018-08-16,,1145.13,1179.42,126569.5003,37547.9528,,12666.2014,54448.6783,36610.4155,52.279,,1278.9438,1147.4971,1574.0875,72991.1436,37371.9342,1200.4367,12266.78,,
2018-08-17,,1145.13,1181.16,126951.7265,37571.199,,12686.6663,54316.3823,36626.4867,52.2197,,1278.902,1148.3328,1575.7261,72852.7534,37329.6853,1202.1351,12317.679,,
2018-08-20,,1145.13,1182.0,126963.6577,37600.0211,,12677.1986,54390.1898,36656.1585,52.279,,1279.8741,1149.1758,1577.7125,72897.7294,37348.3573,1203.9523,12388.938,,
2018-08-21,,1145.13,1182.76,127027.8197,37601.354,,12674.14,54469.3499,36663.6436,52.6107,,1281.8375,1149.8085,1578.2981,72971.1004,37355.1564,1204.5686,12388.938,,
2018-08-22,,1145.13,1185.84,128321.0363,37605.7862,,12707.0121,54600.8184,36663.1109,53.2859,,1285.562,1149.7344,1578.4556,73207.6993,37353.1572,1204.3554,12266.78,,
2018-08-23,,1145.13,1189.84,129109.4463,37612.204,,12724.7881,54375.8718,36669.9544,52.4922,,1283.4628,1149.9593,1579.1116,73151.5711,37321.5575,1204.5172,12266.78,,
2018-08-24,,1145.13,1187.32,128992.6951,37609.1783,,12753.7694,54254.0439,36668.8611,53.2918,,1281.7831,1149.8282,1578.6426,73154.9375,37282.4635,1204.544,12215.88,,
2018-08-27,,1145.13,1186.56,128700.8605,37611.0302,,12752.9928,54341.3771,36673.4101,53.5821,,1287.6968,1149.9793,1578.6942,73341.0363,37281.2292,1204.8476,12215.88,,
2018-08-28,,1145.13,1184.58,128813.4956,37582.5412,,12817.168,54223.5182,36656.7902,53.2385,,1286.8592,1149.2675,1578.1342,73275.2747,37239.0364,1204.0697,12215.88,,
2018-08-29,,1145.13,1187.24,129191.457,37542.7147,,12835.3756,54124.749,36619.6086,53.0016,,1292.2592,1148.3531,1576.0391,73483.3246,37156.8737,1201.8796,12215.88,,
2018-08-30,,1145.13,1179.13,128906.1184,37525.7546,,12833.9823,53622.2162,36614.7103,51.4378,,1278.2889,1148.0932,1576.0463,72898.2329,37014.7343,1200.8657,12215.88,,
2018-08-31,,1145.13,1176.41,128366.1033,37531.4315,,12848.5395,53951.4245,36623.3851,51.3431,,1274.8648,1148.2957,1576.7845,73111.058,36996.2574,1201.5059,12215.88,,
2018-09-03,,1145.13,1174.95,128144.1137,37560.7955,,12873.5754,53811.1967,36663.2133,51.3431,,1274.1501,1149.2826,1578.6453,72802.3609,37017.0856,1202.9841,12176.179,,
2018-09-04,,1145.13,1166.45,127319.6424,37594.5659,,12831.5687,53251.0534,36707.8126,49.6846,,1262.9197,1150.3793,1580.2237,72016.807,36944.1775,1204.8102,12176.179,,
2018-09-05,,1145.13,1158.31,126566.2355,37569.8129,,12785.7103,53046.4086,36673.1712,49.7201,999.27,1247.8762,1149.679,1578.9773,71444.2365,36932.479,1203.123,12170.071,,
2018-09-06,,1145.13,1162.39,126493.9356,37564.8512,,12760.9745,53409.0304,36672.7549,49.9096,999.34,1257.1027,1149.6491,1578.9186,71799.4593,37016.752,1202.6604,12170.071,,
2018-09-07,,1145.13,1169.58,127231.212,37556.5277,,12823.3488,53802.8549,36657.4591,50.0755,998.97,1268.7597,1149.1606,1578.044,72182.0654,37025.5875,1201.4222,12170.071,,
2018-09-10,,1145.13,1170.43,127033.9071,37550.5811,,12851.8875,53639.8569,36650.8162,49.5483,998.4,1266.8088,1148.8765,1577.4826,71966.4043,37017.3435,1200.5117,12170.071,,
2018-09-11,,1145.13,1171.79,127468.7211,37561.7567,,12826.6812,53722.9282,36657.8182,49.7556,998.7,1268.7903,1149.3953,1577.818,71974.9563,36988.3036,1201.4585,12170.071,,
2018-09-12,,1145.13,1173.91,127708.4636,37588.2868,,12857.595,53991.5868,36668.9888,50.7626,998.68,1274.9121,1149.6694,1578.3108,72477.1145,37054.7524,1202.0699,12170.071,,
2018-09-13,,1145.13,1193.73,129406.4797,37592.0856,,12971.1467,54808.0618,36680.7947,52.3382,999.1,1303.9412,1149.9541,1578.961,73775.9284,37085.9906,1203.4975,12266.78,,
2018-09-14,,1145.13,1206.47,130834.7166,37601.7742,,13041.9423,55051.5846,36688.1846,52.4211,999.19,1319.4791,1150.1296,1579.3437,74427.4289,37110.6385,1203.5839,12266.78,,
2018-09-17,,1145.13,1206.13,130825.5822,37611.2502,,13040.669,55050.7437,36698.7627,52.9068,999.48,1319.4772,1150.4292,1579.8834,74417.4792,37128.2573,1204.0455,12266.78,,
2018-09-18,,1145.13,1206.02,130822.5377,37614.537,,13040.2444,55048.9812,36702.0034,53.3451,999.56,1319.3703,1150.5252,1580.0535,74414.1629,37115.5122,1204.338,12266.78,,
2018-09-19,,1145.13,1205.9,130819.4931,37617.6136,,13039.8199,55047.2198,36705.4324,53.9375,999.65,1319.2635,1150.6292,1580.2372,74410.8468,37143.6155,1204.7254,12266.78,,
2018-09-20,,1145.13,1219.87,130858.3557,37604.4391,,13114.9402,55332.2343,36714.6533,54.6305,999.92,1334.3945,1150.8688,1580.6985,75251.0761,37249.4192,1204.677,12266.78,,
2018-09-21,,1145.13,1224.7,130959.2315,37623.8889,,13069.151,55537.48,36728.7932,54.7904,1000.24,1335.1067,1151.1223,1581.2693,75411.8865,37305.014,1205.3047,12266.78,,
2018-09-24,,1145.13,1219.44,131103.2055,37620.7996,,13035.5794,55268.2179,36726.441,54.0796,1000.08,1326.1945,1150.6663,1580.6575,75112.9133,37298.6417,1203.7921,12266.78,,
2018-09-25,,1145.13,1212.56,130919.3665,37613.5181,,13017.0855,55129.4001,36728.063,53.9612,1000.04,1317.8667,1150.4055,1580.4044,74700.247,37272.2969,1203.2895,12012.282,,
2018-09-26,,1145.13,1212.13,131324.8479,37560.8424,,12977.0183,54907.2992,36681.5243,53.8782,999.86,1315.7846,1149.1236,1577.978,74694.1959,37267.7529,1200.9009,12012.282,,
2018-09-27,,1145.13,1212.52,132001.4045,37554.1795,,13019.1437,54740.656,36674.9294,53.8309,1000.3,1313.6325,1149.1716,1578.2303,74556.9879,37272.2255,1201.3889,12012.282,,
2018-09-28,,1145.13,1206.07,132262.1594,37572.678,,13040.9442,54626.4186,36693.796,53.6768,1000.93,1304.9849,1149.7587,1579.5845,74128.029,37273.9165,1203.3485,12012.282,,
2018-10-01,,1145.13,1204.51,132460.6796,37606.6578,,13061.7961,54737.5217,36728.9015,53.6768,1001.85,1304.9968,1150.6488,1581.1931,74085.4468,37260.2577,1204.8205,12012.282,,
2018-10-02,,1145.13,1210.87,132548.7633,37630.3931,,13075.0556,55030.691,36741.4265,53.7835,1001.99,1314.4809,1151.1843,1581.9965,74400.2021,37307.3274,1205.6321,12012.282,,
2018-10-03,,1145.13,1218.52,133063.1677,37624.5936,,13108.5788,55291.764,36731.1424,53.9256,1000.76,1330.1073,1150.8123,1581.5457,75110.9039,37371.1729,1205.6916,12164.981,,
2018-10-04,,1145.13,1208.79,132457.6454,37607.4727,,13091.5774,55151.307,36708.3847,52.6225,1000.41,1317.9399,1150.177,1580.1814,74551.6088,37330.2581,1203.6221,12164.981,,
2018-10-05,,1145.13,1204.99,132631.1658,37591.9448,,13070.7797,54809.1063,36705.8158,51.8406,1000.42,1308.4733,1149.8157,1579.7018,74218.3408,37299.4347,1203.4901,12164.981,,
2018-10-08,,1145.13,1217.53,132839.1742,37580.5122,,13094.935,55317.9097,36694.5654,52.5277,1000.56,1328.5313,1149.6182,1579.8408,74944.8827,37374.4854,1203.5597,12164.981,,
2018-10-09,,1145.13,1213.85,132973.1736,37555.1709,,13041.4005,55021.7696,36662.083,51.9236,1000.03,1324.7349,1148.6474,1578.2513,74640.8114,37379.9136,1201.8292,12327.859,,
2018-10-10,,1145.13,1199.11,132344.5329,37527.8683,,12995.8045,54329.3957,36641.9749,50.3953,999.89,1298.0896,1148.017,1577.338,73520.2266,37324.6062,1199.5679,12353.309,,
2018-10-11,,1145.13,1181.53,130891.0529,37500.6844,,12905.0514,53784.1727,36620.1131,50.5375,999.24,1273.4365,1147.0757,1576.1597,72657.4535,37292.3691,1198.6264,12317.679,,
2018-10-12,,1145.13,1183.71,130635.4853,37470.3616,,12907.8341,53623.5575,36595.6775,51.0114,999.49,1276.2825,1145.4934,1574.5023,72625.5837,37320.6992,1197.1586,12338.039,,
2018-10-15,,1145.13,1183.37,130625.7804,37482.4157,,12906.5792,53618.0974,36608.4415,50.81,999.83,1275.9547,1145.8903,1575.1598,72615.5442,37350.4389,1197.7751,12338.039,,
2018-10-16,,1145.13,1180.41,129550.6972,37448.3522,,12848.2915,53644.4002,36584.5795,51.7814,1000.11,1273.0786,1144.8967,1574.334,72399.285,37378.6627,1196.9357,12368.579,,
2018-10-17,,1145.13,1180.22,129602.0293,37423.9462,,12786.5605,53600.587,36566.5818,51.2365,999.48,1268.0474,1144.1827,1573.6783,72439.6451,37361.8172,1196.137,12368.579,,
2018-10-18,,1145.13,1178.06,129696.6874,37415.5837,,12769.4889,53344.1246,36577.0507,50.5257,999.52,1260.0959,1144.1599,1574.3538,72251.3525,37317.9276,1197.1998,12368.579,,
2018-10-19,,1145.13,1173.89,129285.012,37427.9531,,12733.8397,53388.523,36602.4566,50.3124,1000.09,1253.5543,1144.8256,1576.3397,71798.0952,37333.3455,1200.2391,12368.579,,
2018-10-22,,1145.13,1174.96,129100.0241,37457.5525,,12742.4072,53458.1309,36634.4437,50.2413,1000.95,1258.521,1145.6204,1577.5911,71932.6436,37361.9865,1199.9034,12368.579,,
2018-10-23,,1145.13,1165.64,128560.0054,37463.2839,,12663.3566,53433.4824,36639.3145,50.0755,1001.23,1248.3455,1145.8632,1577.8399,71486.4888,37317.5489,1200.7542,12419.478,,
2018-10-24,,1145.13,1181.3,129403.7042,37452.2821,,12641.8886,53523.8511,36619.7895,49.3173,1000.93,1273.1162,1145.6894,1577.4958,72439.0918,37335.6821,1200.5953,12470.378,,
2018-10-25,,1145.13,1178.01,129011.3093,37427.4876,,12606.8991,53495.4881,36597.0619,50.0044,1000.83,1275.3729,1145.1959,1576.9414,72470.0422,37318.7041,1200.0295,12521.277,,
2018-10-26,,1145.13,1177.04,128751.8637,37441.3565,,12598.386,53311.9429,36611.5576,50.0399,1000.87,1274.5176,1145.5495,1577.2586,72268.7048,37313.5166,1200.9072,12521.277,,
2018-10-29,,1145.13,1174.45,128203.4905,37453.3028,,12587.7738,52756.9907,36625.9782,48.7487,1001.55,1267.2584,1145.7507,1577.6164,71949.7073,37314.1271,1201.0608,12521.277,,
2018-10-30,,1145.13,1152.76,127154.865,37460.1703,,12507.9199,52362.8523,36611.5732,48.8198,1000.76,1239.0612,1145.4556,1577.3029,70617.2826,37279.5982,1200.6018,12521.277,,
2018-10-31,,1145.13,1168.78,127008.8219,37475.0504,,12529.2197,53171.9241,36642.7392,49.187,1001.04,1264.2445,1146.1129,1578.7218,71550.8781,37329.8207,1202.8704,12521.277,,
2018-11-01,,1145.13,1168.67,127005.5808,37479.1607,,12529.1518,53169.6015,36647.1779,51.2779,1001.16,1264.1434,1146.2542,1578.9375,71547.3974,37361.3353,1203.3284,12521.277,,
2018-11-02,,1145.13,1168.56,127002.3398,37483.5557,,12529.0838,53167.279,36651.9475,51.8762,1001.28,1264.0385,1146.3904,1579.1664,71543.9079,37387.171,1203.7724,12521.277,,
2018-11-05,,1145.13,1191.43,127556.3918,37504.4752,,12561.5294,54057.5969,36686.7991,51.8288,1001.63,1307.7428,1147.1177,1580.3488,73333.1391,37486.0443,1204.4889,12521.277,,
2018-11-06,,1145.13,1191.3,128075.6907,37518.4048,,12565.5893,53848.0428,36708.2258,52.0183,1002.23,1311.3082,1147.5516,1581.0178,73432.3594,37495.6156,1204.8622,12541.637,,
2018-11-07,,1145.13,1190.65,127767.684,37524.0292,,12578.9529,53900.5136,36717.0144,52.1723,1002.53,1315.6262,1147.5929,1581.4606,73509.3089,37538.3686,1204.8908,12685.174,,
2018-11-08,,1145.13,1191.9,128077.2409,37536.9226,,12593.174,53811.6282,36740.6782,52.0776,1002.35,1320.7498,1148.0729,1581.3348,73565.7211,37513.7335,1204.4483,12685.174,,
2018-11-09,,1145.13,1181.58,127586.0023,37522.7362,,12547.3484,53393.5361,36727.724,51.0232,1001.89,1302.6151,1147.7278,1581.0385,72748.9787,37501.7338,1203.9967,12480.558,,
2018-11-12,,1145.13,1176.44,127165.5294,37537.736,,12501.4252,53145.0961,36749.2996,50.1584,1002.57,1292.4969,1148.2524,1582.1802,72214.8649,37504.8369,1205.2113,12480.558,,
2018-11-13,,1145.13,1174.93,127143.9028,37531.3535,,12511.3236,53040.7079,36738.2095,49.9215,1002.47,1289.5824,1148.2321,1581.8826,72004.8428,37454.6045,1204.755,12480.558,,
2018-11-14,,1145.13,1175.17,126987.9664,37525.05,,12516.4253,53088.9939,36734.0162,50.7034,1002.53,1288.6974,1148.1046,1581.7879,71863.8519,37449.4586,1205.4572,12480.558,,
2018-11-15,,1145.13,1183.55,127210.3642,37522.3214,,12519.8152,53296.7959,36728.8351,51.6511,1002.67,1300.5089,1148.094,1581.647,72315.1432,37436.74,1205.4777,12492.051,,
2018-11-16,,1145.13,1186.26,127674.3038,37527.6984,,12493.0087,53376.3869,36741.5546,52.1131,1003.1,1304.4945,1148.3218,1582.3892,72525.4646,37471.7631,1205.6852,12480.659,,
2018-11-19,,1145.13,1186.15,128005.171,37529.4094,,12488.0541,53262.7343,36751.1882,51.8643,1003.29,1300.1075,1148.7247,1583.292,72281.389,37452.6261,1206.5421,12521.277,,
2018-11-20,,1145.13,1176.63,127383.5511,37525.7144,,12456.7608,52877.4178,36762.8856,51.0351,1003.98,1286.4814,1149.1699,1583.7615,71726.6897,37416.1282,1208.4632,12521.277,,
2018-11-21,,1145.13,1178.92,126595.4923,37536.4048,,12456.9138,52997.5749,36785.8121,51.6511,1005.72,1294.4112,1149.5695,1584.4961,71800.2466,37451.2087,1209.226,12470.378,,
2018-11-22,,1145.13,1175.41,126179.0196,37538.1907,,12487.6667,52920.1449,36778.7787,51.6511,1005.9,1290.2131,1149.3927,1584.123,71550.3947,37445.1947,1208.6904,12521.277,,
2018-11-23,,1145.13,1176.54,126426.4676,37527.7807,,12516.631,52933.0297,36772.234,50.9758,1005.65,1297.2733,1149.2315,1584.0333,71796.7138,37427.8246,1208.75,12480.558,,
2018-11-26,,1145.13,1179.78,126178.5975,37506.0656,,12495.1945,52844.5174,36776.8829,50.9758,1005.94,1299.019,1149.4603,1583.5159,71839.0461,37423.3723,1209.1374,12470.378,,
2018-11-27,,1145.13,1179.53,126150.6799,37538.4634,,12491.7738,52811.7252,36777.9222,50.9995,1006.24,1294.1956,1149.9052,1583.8768,71795.5588,37394.7343,1209.6138,12470.378,,
2018-11-28,,1145.13,1180.69,126216.2396,37518.4282,,12478.1976,52860.11,36772.9261,51.4852,1006.11,1290.9577,1149.7747,1583.907,71482.4669,37423.2913,1209.6424,12470.378,,
2018-11-29,,1145.13,1193.17,126784.6705,37567.0953,,12563.07,53234.8443,36800.914,51.5919,1006.6,1307.1221,1150.5009,1584.7682,72069.5677,37477.3909,1211.5062,12642.418,,
2018-11-30,,1145.13,1190.16,126800.1672,37576.6307,,12571.7458,53071.94,36802.3377,50.9877,1006.43,1304.3857,1150.7946,1585.3724,71787.0266,37491.2304,1211.927,12642.418,,
2018-12-03,,1145.13,1197.42,127034.1678,37596.6703,,12627.9334,53484.4629,36832.2268,51.9709,1007.11,1323.5912,1151.2475,1586.2143,72466.2114,37565.6025,1212.3153,12642.418,,
2018-12-04,,1145.13,1197.79,127513.8013,37598.8172,,12654.5392,53626.5962,36836.0567,51.3668,1007.24,1318.54,1151.4674,1586.5814,72212.9158,37546.0804,1212.6247,12642.418,,
2018-12-05,,1145.13,1198.02,127614.6635,37608.4063,,12668.4086,53602.4007,36848.7041,51.3668,1007.81,1321.3907,1151.9439,1587.3496,72323.9851,37573.3014,1213.5714,12500.917,,
2018-12-06,,1145.13,1192.09,127434.5818,37606.4533,,12633.9259,53460.9537,36841.178,51.2838,1007.61,1306.6372,1152.0266,1587.1178,71806.3948,37553.4767,1214.1938,12500.917,,
2018-12-07,,1145.13,1199.49,127871.9073,37614.9734,,12625.4221,53329.5364,36864.066,50.7507,1008.3,1314.9483,1152.4436,1588.1876,71897.8106,37596.9762,1214.895,12500.917,,
2018-12-10,,1145.13,1186.2,127354.2597,37615.8145,,12627.4826,52920.4231,36884.975,50.1584,1008.39,1293.1477,1152.9085,1588.6505,70846.5795,37547.6227,1215.3234,12500.917,,
2018-12-11,,1145.13,1194.92,128098.3509,37625.573,,12666.1648,53079.2742,36883.7376,49.8267,1008.25,1300.5599,1153.0455,1588.4585,71378.2852,37555.8375,1215.1416,12500.917,,
2018-12-12,,1145.13,1204.06,128565.9944,37627.3263,,12722.0019,53327.908,36874.2179,50.8574,1008.38,1314.0912,1153.2964,1588.2006,71984.2265,37604.7203,1215.481,12500.917,,
2018-12-13,,1145.13,1211.5,129553.8454,37628.2123,,12812.9906,53508.7964,36870.0063,51.0114,1009.0,1326.4477,1153.2488,1587.9535,72380.7391,37659.8955,1215.0458,12500.917,,11925.0
2018-12-14,,1145.13,1211.72,129706.8339,37611.2581,,12794.2722,53525.5167,36845.9422,50.656,1008.67,1328.7346,1152.7748,1587.2197,72511.5736,37642.3045,1214.7659,12500.917,,11925.0
2018-12-17,,1145.13,1203.6,130396.6975,37569.1593,,12832.6715,53189.6458,36839.7302,49.8386,1008.84,1315.0826,1152.8101,1587.2356,71915.1684,37604.1965,1214.2394,12500.917,,11925.0
2018-12-18,,1145.13,1205.49,130045.3149,37610.1174,,12819.3928,53168.8205,36849.4657,49.6505,1009.23,1309.2877,1153.0524,1588.2244,71837.1217,37634.4971,1215.3169,12450.018,,11925.0
2018-12-19,,1145.13,1205.45,130613.3264,37604.8364,,12829.3502,53224.6853,36863.9165,49.2353,1009.35,1310.2246,1153.7873,1589.3933,71817.2366,37616.6754,1216.2098,12450.018,,11925.0
2018-12-20,,1145.13,1190.56,129881.2268,37640.1849,,12786.0383,52770.7989,36879.8642,48.8675,1009.87,1285.4758,1154.2651,1590.3939,71154.0893,37579.4243,1217.3062,12450.018,,11925.0
2018-12-21,,1145.13,1191.56,129806.3211,37645.5379,,12753.9383,52918.9205,36892.8937,48.6421,1010.4,1286.1231,1154.5402,1590.8126,71195.8836,37564.2768,1218.0917,12388.938,,11925.0
2018-12-24,,1145.13,1184.48,129431.2115,37658.9329,,12772.447,52574.0667,36909.0477,48.2743,1011.01,1280.0316,1155.0931,1591.9664,70893.779,37556.1944,1219.1048,12388.938,,11925.0
2018-12-25,,1145.13,1184.37,129428.0545,37660.4245,,12772.0074,52572.4335,36910.7998,48.2743,1011.06,1279.914,1155.1554,1592.069,70890.4316,37559.4562,1219.1828,12388.938,,11925.0
2018-12-26,,1145.13,1184.42,129608.0938,37677.0783,,12782.8376,52837.9682,36934.3049,49.6505,1012.3,1280.0261,1155.4721,1593.0579,70941.2493,37552.3273,1219.6606,12388.938,,11925.0
2018-12-27,,1145.13,1192.22,130110.4593,37687.2649,,12847.9727,53067.3237,36963.8399,49.3302,1012.89,1293.4522,1155.9532,1594.0489,71444.7535,37594.5814,1220.3577,12497.863,,11925.0
2018-12-28,,1145.13,1197.24,130109.683,37697.6567,,12873.3461,53383.4807,36975.7338,49.0336,1013.08,1304.867,1156.1656,1594.6647,72049.2208,37633.5137,1221.353,12498.881,,11713.69
2018-12-31,,1145.13,1196.89,130100.1346,37701.1396,,12871.8817,53378.5489,36980.8886,49.1285,1013.21,1304.5156,1156.3457,1594.9788,72038.7552,37663.3731,1221.5529,12498.881,,11713.69
2019-01-01,,1145.13,1196.78,130096.952,37702.8135,,12871.7925,53376.8008,36982.5909,49.1285,1013.26,1304.3956,1156.4016,1595.0719,72035.2661,37666.6352,1221.5475,12498.881,,11713.69
2019-01-02,,1145.13,1199.76,129780.5473,37743.1452,,12867.9747,53588.9478,37024.6871,49.3895,1014.01,1308.1534,1157.509,1596.9402,72215.6609,37688.7616,1223.074,12498.881,,11713.69
2019-01-03,,1145.13,1202.58,130197.9989,37780.7044,,12867.7803,53494.2744,37053.582,49.1878,1014.61,1301.8358,1158.386,1598.6257,72209.5723,37727.9883,1224.486,12536.547,,11713.69
2019-01-04,,1145.13,1217.44,130525.4969,37826.3547,,12919.0752,54021.5702,37084.5151,50.8369,1015.17,1319.7886,1159.1123,1599.8512,73045.1158,37799.4151,1225.7776,12536.547,,11713.69
2019-01-07,,1145.13,1226.19,130944.4272,37805.604,,12923.4184,53873.1399,37076.6129,51.0267,1014.91,1325.6538,1158.6878,1599.2737,73232.9978,37870.0127,1224.3256,12536.547,,11713.69
2019-01-08,,1145.13,1230.26,131575.9426,37808.786,,12915.5391,54212.9732,37094.3327,51.4064,1015.1,1329.8755,1159.1352,1600.19,73455.3129,37879.0372,1224.5283,12536.547,,11695.0
2019-01-09,,1145.13,1243.21,132082.2979,37803.9948,,12975.1978,54673.7484,37097.366,52.1538,1014.88,1350.5289,1159.0384,1600.3999,74442.9651,37969.1382,1224.4227,12536.547,1000.0,11695.0
2019-01-10,,1145.13,1246.73,132540.0377,37799.7771,,13075.6274,55001.6822,37091.9406,52.83,1014.87,1360.9421,1158.7647,1600.1258,74885.3421,37988.5247,1224.1818,12556.907,1003.76,11695.0
2019-01-11,,1145.13,1253.21,132923.1333,37803.6136,,13113.3639,55318.9274,37098.7841,52.83,1015.25,1384.0688,1158.8756,1600.601,75704.7383,38028.1896,1224.0591,12597.626,1012.43,11695.0
2019-01-14,,1145.13,1250.83,132381.516,37830.0133,,13073.4804,55276.1889,37118.7555,53.1266,1015.58,1381.6641,1159.6409,1601.1969,75617.716,38064.7056,1224.9483,12598.644,1011.28,11695.0
2019-01-15,,1145.13,1258.71,132931.6457,37842.1186,,13113.3108,55509.022,37139.7312,53.3046,1015.85,1390.3961,1160.3572,1601.8914,76152.5341,38086.6184,1224.8023,12602.716,1015.26,11695.0
2019-01-16,,1145.13,1262.4,133436.5003,37827.9702,,13152.3541,55983.0635,37136.8832,53.8385,1015.33,1401.1011,1160.0503,1601.9432,76647.473,38134.5053,1224.9499,12602.716,1016.31,11695.0
2019-01-17,,1145.13,1262.46,134182.81,37809.5806,,13231.5632,56063.2941,37127.6905,54.0639,1015.17,1410.658,1159.4707,1600.9176,76813.4263,38134.8467,1223.8374,12724.875,1018.51,11695.0
2019-01-18,,1145.13,1271.58,133948.3175,37805.4676,,13238.0703,56243.8572,37126.3388,54.4435,1015.46,1416.17,1159.3649,1600.5069,77233.5383,38149.9462,1223.7575,12623.076,1027.5,11695.0
2019-01-21,,1145.13,1271.84,134328.252,37779.0508,,13250.7806,56072.6529,37086.4423,54.4435,1015.0,1412.6379,1158.8298,1599.2566,77097.427,38169.4323,1222.364,12623.076,1024.92,11695.0
2019-01-22,,1145.13,1260.13,133642.4583,37799.2148,,13178.5341,55518.4174,37105.0931,53.5656,1015.86,1391.6535,1159.192,1599.679,75965.5259,38163.4169,1222.7452,12623.076,1014.18,11695.0
2019-01-23,,1145.13,1260.46,133609.2107,37824.5481,,13196.8018,55466.0334,37138.7052,53.613,1016.48,1388.6018,1159.9037,1601.2207,75986.1863,38194.2987,1223.6961,12623.076,1012.94,11695.0
2019-01-24,,1145.13,1259.33,133831.255,37855.7895,,13218.375,55481.483,37155.1262,53.791,1016.68,1390.0695,1160.4901,1602.0527,76114.5136,38225.0663,1224.6541,12623.076,1012.86,11695.0
2019-01-25,,1145.13,1261.31,133895.6545,37875.758,,13237.8409,55703.0384,37188.4895,54.0876,1017.05,1403.3921,1161.086,1603.2918,76597.241,38237.4692,1225.4396,12623.076,1015.75,11695.0
2019-01-28,,1145.13,1254.46,133599.4751,37914.8862,,13241.4778,55683.5892,37205.1615,53.8266,1017.4,1396.4326,1161.5157,1604.0493,76319.7202,38255.2783,1226.0959,12645.472,1010.44,11695.0
2019-01-29,,1145.13,1254.17,133374.2392,37926.285,,13220.7369,55399.5933,37225.4378,53.9452,1017.29,1398.1625,1161.9631,1604.5209,76507.2226,38251.6645,1226.745,12645.472,1011.17,11695.0
2019-01-30,,1145.13,1252.38,133108.9491,37955.7163,1001.0,13195.9055,55184.3483,37254.1871,54.752,1017.52,1390.6763,1162.3234,1605.3202,76191.883,38256.5784,1226.8945,12645.472,1008.45,11695.0
2019-01-31,,1145.13,1254.42,133531.7573,38000.945,1002.1,13274.2554,55492.0285,37283.8465,55.4282,1018.06,1397.3626,1163.2086,1606.6331,76676.944,38302.8993,1227.6436,12645.472,1014.4,11695.0
2019-02-01,,1145.13,1255.31,133839.2308,38013.8605,1002.7,13285.6358,55539.3522,37314.3219,55.5113,1018.41,1404.0518,1163.8083,1607.3831,76899.5661,38344.4486,1228.4392,12645.472,1016.9,11695.0
2019-02-04,,1145.13,1254.54,134046.3626,38030.7137,1002.7,13306.352,55505.2853,37356.1036,56.1875,1018.94,1413.2549,1164.2484,1608.4009,77104.8237,38346.2706,1228.8098,12645.472,1019.26,11695.0
2019-02-05,,1145.13,1250.9,133969.1887,38038.0126,1002.7,13320.5468,55401.0574,37386.0882,56.1519,1019.14,1414.0396,1164.7227,1609.5749,77162.5032,38383.1031,1229.3801,12645.472,1019.49,11695.0
2019-02-06,,1145.13,1244.6,134167.3577,38048.2844,1002.8,13322.8313,55139.1583,37397.9565,55.5706,1019.24,1409.3961,1164.9935,1609.8968,76707.3032,38360.3539,1229.4851,12794.099,1014.11,11695.0
2019-02-07,,1145.13,1243.22,134497.9219,38046.3134,1002.8,13360.6476,55126.7887,37404.981,55.4638,1019.29,1401.2457,1165.1539,1609.9695,76359.4787,38351.6206,1229.2126,12794.099,1011.79,11695.0
2019-02-08,,1145.13,1233.36,133729.1792,38039.1019,1002.8,13359.3703,54773.6029,37388.4892,54.6096,1019.21,1390.0821,1164.8461,1610.0149,75891.9926,38335.2883,1230.0844,12928.473,1004.73,11695.0
2019-02-11,,1145.13,1232.42,133599.9915,38069.9446,1002.8,13367.925,54698.4328,37436.7845,54.1944,1020.05,1382.323,1165.8337,1611.8336,75705.0544,38351.2155,1231.7962,12794.099,1005.69,11695.0
2019-02-12,,1145.13,1230.18,132645.0216,38048.726,1003.7,13363.5085,54555.3753,37416.9398,54.2181,1020.03,1373.0486,1165.7874,1611.4622,75482.5118,38361.1458,1231.4298,13172.791,1005.87,11695.0
2019-02-13,,1145.13,1234.86,132708.9854,38041.0451,1003.5,13381.5029,54595.0675,37406.6504,53.969,1019.69,1380.9196,1165.5251,1610.8664,75689.4561,38386.1814,1230.8953,13081.172,1009.37,11695.0
2019-02-14,,1145.13,1233.23,132268.1572,38078.1033,1003.4,13366.4313,54365.4411,37441.7182,53.8266,1020.2,1375.857,1165.9371,1612.0157,75445.7701,38392.4865,1232.0478,13081.172,1008.85,11695.0
2019-02-15,,1145.13,1235.53,131729.7672,38061.1901,1003.4,13387.9956,54589.071,37429.7645,54.0046,1019.89,1377.2605,1165.6135,1611.4642,75513.7957,38393.2536,1231.7772,13081.172,1008.34,11695.0
2019-02-18,,1145.13,1235.79,131714.9007,38059.4964,1003.6,13399.4331,54437.919,37431.2767,54.0046,1020.09,1376.8148,1165.7203,1611.5813,75512.3385,38415.5135,1231.8853,13081.172,1007.08,11695.0
2019-02-19,,1145.13,1235.37,131331.7408,38072.2742,1003.6,13375.7584,54630.9632,37452.5026,54.6808,1020.48,1375.007,1166.0991,1612.647,75641.5115,38427.949,1232.6949,13081.172,1008.38,11695.0
2019-02-20,,1145.13,1241.29,131208.0629,38081.923,1003.6,13400.9852,54936.391,37461.9165,54.9655,1020.77,1389.1333,1166.5448,1613.116,76203.1387,38437.2441,1232.6891,13232.852,1015.25,11695.0
2019-02-21,,1145.13,1241.75,131344.4776,38096.2686,1004.1,13406.0009,54974.6849,37473.9938,55.2859,1021.04,1390.1349,1167.0577,1613.5204,76171.2109,38439.4277,1232.8812,13233.87,1013.42,11695.0
2019-02-22,,1145.13,1252.79,131566.2088,38100.2329,1004.4,13433.3247,55235.9533,37476.8158,56.1282,1021.03,1405.1635,1167.4951,1614.1612,76940.1144,38468.5001,1233.0458,13233.87,1020.4,11695.0
2019-02-25,,1145.13,1257.91,131468.3283,38107.5832,1004.4,13459.7895,55254.1574,37496.7965,56.3655,1021.65,1413.9929,1168.0383,1615.1766,77323.3563,38495.7583,1233.3009,12928.473,1025.91,11695.0
2019-02-26,,1145.13,1251.11,131468.3283,38054.7247,1004.4,13428.3221,54988.7604,37492.9411,55.9502,1021.66,1405.4214,1168.0785,1615.0237,76931.2707,38488.2767,1233.5576,12928.473,1020.39,11695.0
2019-02-27,,1145.13,1238.56,131468.3283,38081.1549,1004.4,13372.2674,54088.5396,37480.9062,54.9537,1021.59,1386.5273,1167.8241,1614.4814,75749.368,38490.0028,1232.8873,12877.574,1008.29,11695.0
2019-02-28,,1145.13,1217.98,131468.3283,38072.7637,1004.4,13365.0376,53372.7119,37486.1257,53.53,1021.65,1363.5405,1167.8888,1614.7513,74415.888,38468.0754,1232.6646,12877.574,997.4,11695.0
2019-03-01,,1145.13,1211.93,131468.3283,38044.4248,1004.4,13333.7228,53268.3913,37469.1231,53.1741,1021.34,1356.1735,1167.6198,1614.1064,74229.2633,38446.0757,1232.1049,12877.574,994.53,11695.0
2019-03-04,,1145.13,1206.04,130174.7553,38041.3512,1004.4,13272.2722,52972.2702,37476.1118,52.8656,1021.66,1343.447,1167.8401,1614.507,73674.2418,38458.1549,1232.4521,12905.059,986.98,11695.0
2019-03-05,,1145.13,1204.24,129805.5389,38069.9342,1004.4,13236.1305,52775.5273,37501.4124,52.9605,1022.43,1340.2834,1168.5624,1615.7001,73468.7245,38458.7464,1233.362,12877.574,984.97,11695.0
2019-03-06,,1145.13,1205.4,129746.6378,38099.1974,1004.4,13166.0562,52762.8665,37513.0597,52.8538,1022.74,1343.4542,1168.9646,1616.4176,73482.1452,38482.5929,1233.7282,12839.908,984.34,11695.0
2019-03-07,,1145.13,1206.84,129371.3376,38128.7424,1004.4,13182.6236,52745.1041,37551.621,52.1301,1022.85,1340.3285,1169.7605,1616.9076,73450.1508,38468.9542,1232.9315,12826.674,983.63,11695.0
2019-03-08,,1145.13,1209.22,129343.4618,38103.2399,1004.4,13187.185,52918.1919,37552.5627,52.1182,1023.15,1338.4907,1169.8701,1618.0255,73450.5717,38451.9697,1236.1433,12826.674,983.21,11695.0
2019-03-11,,1145.13,1221.81,129815.845,38169.3105,1004.4,13214.6525,53145.2432,37593.5048,52.6639,1024.0,1362.275,1170.5142,1619.5814,74418.7346,38531.6169,1237.1712,12826.674,996.77,11695.0
2019-03-12,,1145.13,1222.76,129286.8,38139.4431,1004.4,13197.0262,53119.0068,37588.525,52.9843,1023.94,1356.2201,1170.5279,1619.8086,74165.3432,38513.8312,1237.4561,12877.574,994.79,11695.0
2019-03-13,,1145.13,1228.16,129337.8846,38173.2092,1004.4,13223.7157,53318.1524,37631.8589,52.6877,1024.55,1361.6825,1171.2352,1620.9414,74297.2012,38528.0178,1237.7898,12877.574,998.1,11695.0
2019-03-14,,1145.13,1222.52,128344.9131,38179.3703,1004.4,13196.4927,53232.7573,37664.4766,52.6521,1025.12,1358.9395,1171.9255,1622.2229,74163.8673,38542.0127,1238.827,12877.574,994.9,11695.0
2019-03-15,,1145.13,1228.1,127892.8504,38240.8632,1004.4,13201.9027,53185.6067,37699.0216,53.1741,1025.86,1364.4361,1172.4329,1623.2977,74430.0609,38587.6879,1239.7574,12877.574,997.12,11695.0
2019-03-18,,1145.13,1226.02,128246.306,38251.3067,1004.4,13234.1038,53313.9089,37722.3726,53.3876,1026.45,1362.9493,1172.7561,1624.1056,74339.1245,38604.9226,1240.5611,12847.034,994.4,11695.0
2019-03-19,,1145.13,1225.74,128264.612,38287.2548,1004.4,13224.332,53235.7059,37753.2015,53.0139,1027.06,1363.5207,1173.0913,1625.5956,74356.1475,38641.1251,1241.0194,12928.473,994.4,11695.0
2019-03-20,,1145.13,1216.66,127888.2381,38338.6616,1004.4,13217.0527,52924.3465,37796.153,52.6046,1027.96,1345.1906,1173.7501,1627.2521,73517.1387,38678.2057,1242.91,12921.347,983.63,11695.0
2019-03-21,,1145.13,1212.73,127819.8387,38412.3683,1004.4,13260.0038,53064.6749,37885.8751,52.2487,1029.46,1345.627,1174.885,1629.7831,73494.9376,38703.9563,1244.8906,12969.193,981.94,11695.0
2019-03-22,,1145.13,1201.37,127451.2789,38472.9165,1004.4,13249.9905,52765.3135,37950.2714,50.4572,1030.19,1330.4077,1175.9946,1632.3953,72710.4867,38691.1841,1246.4305,12969.193,974.91,11695.0
2019-03-25,,1145.13,1196.05,126936.9674,38514.5502,1004.4,13206.721,52512.9102,37993.6351,50.6827,1031.34,1323.5631,1177.1861,1634.666,72299.588,38697.8419,1247.848,12928.473,968.31,11695.0
2019-03-26,,1145.13,1196.42,126417.8886,38513.2711,1012.2,13168.2305,52574.0798,38004.389,50.7657,1031.68,1328.0203,1177.4554,1635.4774,72549.0578,38712.7224,1247.7995,12921.347,969.98,11695.0
2019-03-27,,1145.13,1190.88,125790.162,38574.7341,1012.2,13162.5662,52457.3421,38062.0083,50.4098,1032.52,1321.8654,1178.3213,1637.5046,72298.7001,38717.7743,1246.5727,12912.185,966.66,11695.0
2019-03-28,,1145.13,1190.89,125786.3104,38603.2387,1014.0,13167.766,52655.4245,38096.7581,50.6233,1033.03,1329.6649,1178.9225,1638.7944,72667.9227,38733.4047,1249.6401,12912.185,972.39,11695.0
2019-03-29,,1145.13,1198.44,126359.3616,38593.178,1014.5,13205.8921,52969.4177,38095.1646,51.2284,1032.98,1347.6603,1178.8967,1638.8438,73441.4958,38773.3138,1249.2094,12894.88,979.24,11695.0
2019-04-01,,1145.13,1204.0,126669.8722,38578.9677,1014.5,13234.2808,52833.5644,38112.8923,52.3792,1033.12,1355.8535,1178.7417,1638.6014,73772.5926,38815.9256,1250.5732,12928.473,985.88,11695.0
2019-04-02,,1145.13,1197.63,126392.0608,38596.6414,1014.5,13214.2988,52514.865,38128.2462,51.4301,1034.18,1336.3858,1179.1462,1638.7051,73047.211,38845.0049,1249.5827,12939.671,980.41,11695.0
2019-04-03,,1145.13,1203.53,126032.6841,38600.2794,1014.9,13172.5502,52655.1963,38139.721,52.1063,1034.5,1340.8253,1179.6806,1639.5972,73243.7945,38853.0707,1250.5096,12948.833,984.09,11695.0
2019-04-04,,1145.13,1210.65,126282.0834,38619.5538,1014.9,13143.9826,53009.8663,38151.803,52.4267,1034.89,1347.4268,1180.0603,1640.2687,73510.4693,38866.1271,1251.0672,12959.013,988.55,11695.0
2019-04-05,,1145.13,1215.6,126364.7641,38662.0979,1015.8,13159.6838,53014.3305,38178.4899,52.6165,1035.32,1353.7491,1180.645,1641.1613,73728.8326,38864.2997,1251.7392,12989.553,992.66,11695.0
2019-04-08,,1145.13,1214.5,126832.8721,38757.3321,1015.8,13138.9463,53167.3981,38278.1717,52.7826,1037.16,1351.3296,1182.3543,1644.2943,73605.0583,38921.7149,1254.2639,13000.75,990.33,11695.0
2019-04-09,,1145.13,1221.68,127391.813,38837.7234,1015.8,13160.7352,53289.5671,38350.5742,52.9131,1038.13,1355.5974,1184.1961,1647.5367,73863.666,38933.965,1256.2214,13030.272,992.31,11695.0
2019-04-10,,1145.13,1221.5,127197.4355,38921.781,1015.8,13205.5197,53265.6643,38435.4536,52.9487,1039.49,1359.1738,1185.6347,1650.6678,73931.2835,38954.3406,1258.6297,13038.416,993.35,11695.0
2019-04-11,,1194.465,1217.29,127197.1384,38920.2021,1020.8,13177.6029,53111.4148,38437.3686,52.4622,1039.63,1354.9995,1186.2439,1651.2996,73676.2282,38951.3774,1258.2981,13038.416,991.97,11695.0
2019-04-12,,1194.465,1217.02,127644.3813,38891.4583,1020.8,13206.4608,53095.5898,38426.0387,52.9843,1039.73,1353.9809,1186.3191,1650.8815,73607.9106,38953.3895,1258.0575,13045.542,990.12,11695.0
2019-04-15,,1194.465,1219.35,127358.0495,38912.5876,1020.8,13194.3404,53072.167,38448.6102,52.5216,1040.23,1350.9515,1186.7406,1651.6082,73558.7198,38975.3957,1258.6085,13050.632,988.69,11695.0
2019-04-16,,1194.465,1221.69,127166.09,38905.7498,1020.8,13180.1152,53270.0023,38445.8873,52.7232,1040.63,1350.0589,1186.9325,1652.1053,73654.1623,38977.2943,1258.2097,13070.992,991.05,11695.0
2019-04-17,,1196.671,1224.58,126816.3525,38924.9567,1020.8,13225.5318,53612.8339,38463.5551,52.7351,1040.92,1354.4573,1187.3781,1652.671,73984.7225,39003.4483,1258.6773,13070.992,993.55,11695.0
2019-04-18,,1196.671,1223.99,126960.0489,38971.3172,1020.8,13202.5522,53601.5453,38504.298,52.7232,1041.54,1352.078,1188.0935,1654.2041,73902.3856,39003.4904,1259.9293,13070.992,991.44,11695.0
2019-04-19,,1196.671,1223.87,126956.9009,38977.9418,1020.8,13202.1329,53599.0787,38510.637,52.7232,1041.67,1352.5452,1188.2907,1654.5075,73898.9224,39008.7742,1260.2114,13070.992,991.38,11695.0
2019-04-22,,1196.671,1216.49,126487.7502,38970.8725,1020.8,13184.5189,53339.4943,38505.1407,52.2487,1041.79,1343.0629,1188.6958,1654.9481,73542.7364,39007.777,1260.1846,13070.992,985.96,11695.0
2019-04-23,,1196.671,1210.41,125767.6084,38984.1063,1020.8,13129.8487,53125.6443,38514.3431,51.7385,1041.92,1328.0079,1188.8353,1655.4117,72987.6138,39008.7561,1260.4686,13070.992,977.38,11695.0
2019-04-24,,1196.671,1207.92,126079.6407,38986.3973,1024.0,13107.5769,52948.286,38527.7792,51.0386,1042.15,1321.3536,1188.9636,1655.8212,72822.6412,39002.2192,1260.6476,13070.992,975.64,11695.0
2019-04-25,,1196.671,1204.2,126158.4559,38944.2806,1024.5,13110.686,52749.8464,38484.1382,50.8132,1041.62,1314.6633,1188.4466,1655.0836,72554.3583,38969.2508,1259.7596,13072.01,973.49,11695.0
2019-04-26,,1196.671,1205.7,126674.9743,38925.6626,1024.5,13150.7689,52933.9762,38466.8989,51.0148,1041.51,1314.4699,1188.0072,1654.4077,72625.5511,38996.7902,1259.0928,13072.01,972.65,11695.0
2019-04-29,,1196.671,1202.14,126640.6863,38906.5129,1024.5,13173.6288,52786.8509,38459.4059,50.6233,1041.31,1315.45,1187.8446,1654.3758,72607.8469,39017.1963,1258.7879,13030.272,970.32,11695.0
2019-04-30,,1196.671,1195.82,126658.941,38918.3346,1024.5,13208.8455,52977.6306,38477.9072,50.6945,1041.96,1319.1975,1188.1991,1655.1841,72615.7277,39045.4506,1259.5022,13030.272,971.9,11695.0
2019-05-01,,1196.671,1195.71,126655.8228,38924.5254,1024.5,13208.4394,52975.2037,38484.2285,50.042,1042.1,1319.0891,1188.3902,1655.4731,72612.3064,39038.6041,1259.7523,13030.272,971.84,11695.0
2019-05-02,,1196.671,1193.82,126201.3124,38949.925,1024.5,13115.8201,52674.4199,38524.7669,50.0657,1042.59,1311.665,1189.1621,1656.6618,72346.273,39040.5688,1260.6749,13030.272,970.78,11695.0
2019-05-03,,1196.671,1188.93,126201.3335,38951.8747,1024.5,13140.9577,52667.4238,38526.4041,50.2674,1043.0,1314.4518,1189.7259,1656.9442,72347.5975,39078.1161,1260.7533,13030.272,973.06,11695.0
2019-05-06,,1196.671,1188.59,125428.2129,38978.0728,1025.9,13126.395,52577.9043,38549.6716,49.9352,1043.49,1290.4002,1190.3804,1657.8357,71657.6889,39089.2399,1261.7269,13030.272,963.62,11695.0
2019-05-07,,1196.671,1176.85,124851.5364,38996.4009,1025.9,13135.803,52223.9859,38562.7177,48.9387,1043.92,1281.1457,1190.8287,1658.7151,71352.7746,39087.8524,1261.559,13030.272,957.13,11695.0
2019-05-08,,1196.671,1172.37,125021.5001,39017.2355,1025.9,13112.276,51938.7178,38588.6039,48.8793,1044.37,1275.6718,1191.3939,1659.8415,70943.9697,39115.2083,1262.2918,13030.272,953.5,11695.0
2019-05-09,,1196.671,1163.18,124717.2734,39019.113,1025.9,13108.4094,51756.8443,38588.0571,48.82,1044.39,1276.5315,1191.7113,1660.0416,70709.9606,39098.4673,1262.8373,13030.272,955.43,11695.0
2019-05-10,,1196.671,1163.95,124587.7497,39031.4371,1027.3,13150.5955,51868.6693,38604.195,48.7132,1044.49,1276.3687,1191.8214,1660.3703,70863.1901,39118.5645,1263.006,13030.272,957.89,11695.0
2019-05-13,,1196.671,1145.48,123877.1424,39075.5187,1027.7,13135.1521,51420.4697,38646.0629,47.515,1045.62,1255.5364,1192.6292,1661.9206,69911.9981,39101.1901,1264.2984,13050.632,947.48,11695.0
2019-05-14,,1196.671,1158.26,124232.3665,39065.0044,1027.7,13086.4319,51668.6398,38630.9367,47.7879,1045.5,1254.8294,1192.7679,1661.6965,69990.3001,39122.7348,1264.1643,13056.74,947.44,11695.0
2019-05-15,,1196.671,1154.05,125150.8716,39084.8325,1027.7,13109.8776,51689.4598,38635.2775,47.7997,1045.64,1250.7026,1192.9972,1662.2107,70000.776,39119.7657,1264.62,13074.046,946.29,11695.0
2019-05-16,,1196.671,1145.9,125339.5675,39092.0891,1027.7,13126.2056,51772.7039,38649.2884,47.4557,1045.81,1247.263,1193.3624,1662.6577,69918.0747,39161.9146,1265.0359,13100.514,945.28,11695.0
2019-05-17,,1196.671,1128.62,125039.8635,39098.6507,1028.7,13107.4246,51510.2474,38655.8909,47.0879,1045.89,1232.5276,1193.5768,1662.6655,69431.6386,39138.948,1265.3724,13100.514,939.12,11695.0
2019-05-20,,1201.075,1125.18,125024.2578,39123.748,1029.0,13104.2402,51494.9983,38682.7622,46.7735,1046.25,1220.4462,1193.9947,1663.5018,68976.2223,39142.8709,1266.4311,13100.514,933.07,11695.0
2019-05-21,,1201.075,1125.08,125021.2313,39127.5129,1029.0,13103.8411,51493.1955,38687.1582,46.9574,1046.34,1220.3318,1194.1195,1663.7029,68972.9573,39158.4157,1266.7204,13100.514,933.02,11695.0
2019-05-22,,1201.075,1130.69,124898.6921,39155.1947,1029.0,13078.9165,51508.0271,38707.1623,46.6015,1046.95,1219.388,1194.6889,1664.7807,68954.356,39183.2822,1267.3497,13202.313,933.71,11695.0
2019-05-23,,1201.075,1121.47,124753.9148,39198.9236,1029.0,13010.7118,51069.3223,38760.4406,46.21,1047.8,1206.4943,1195.498,1666.3181,68235.8597,39174.3486,1268.9485,13220.779,925.16,11695.0
2019-05-24,,1201.075,1119.7,124753.9148,39829.9955,1029.0,12990.722,50952.7861,38777.471,46.1981,1048.02,1204.6476,1196.3598,1667.2593,68058.1849,39182.5075,1269.5791,13234.115,921.64,11695.0
2019-05-27,,1201.075,1115.53,124731.2009,39902.7588,1029.0,12986.0813,50759.7705,38829.7556,46.1981,1049.07,1199.01,1197.6693,1669.5192,67689.663,39198.3644,1271.6567,13234.115,916.02,11695.0
2019-05-28,,1201.075,1106.04,124948.2893,39977.6834,1031.2,12970.1074,50486.2366,38896.1873,45.1541,1050.31,1189.2912,1199.0791,1671.7305,67174.756,39185.5803,1273.6202,13124.344,908.53,11695.0
2019-05-29,,1201.075,1122.46,124387.1056,40080.9118,1031.2,12942.0037,50880.0309,38986.8573,45.6524,1051.29,1195.7225,1200.758,1674.5976,67595.3106,39202.2135,1277.2744,13234.115,912.5,11695.0
2019-05-30,,1201.075,1127.28,123973.6889,39473.4484,1031.2,12950.0022,51239.1695,38994.9137,45.9015,1051.01,1217.9269,1201.8666,1675.772,68674.475,39202.5752,1277.2435,13254.633,927.19,11695.0
2019-05-31,,1201.075,1130.76,123973.6889,39574.5676,1035.3,13006.1791,51230.8615,39069.3502,45.6998,1052.11,1225.2463,1203.2242,1678.8166,69157.9733,39220.5546,1280.5552,13234.115,935.18,11695.0
2019-06-03,,1201.075,1139.85,123725.7186,39621.5379,1036.0,13031.8803,51693.0784,39108.2212,47.0523,1053.03,1233.0698,1204.6484,1680.7961,69590.6908,39248.6665,1282.1593,13234.115,940.29,11695.0
2019-06-04,,1201.075,1138.23,123647.1917,39651.1364,1037.2,13044.6744,51820.469,39125.6285,47.6099,1053.72,1241.4767,1205.5744,1681.9987,69909.6179,39265.1079,1282.8813,13244.374,938.68,11695.0
2019-06-05,,1201.075,1132.2,123395.2735,39734.7234,1038.0,13020.541,51283.3362,39189.8509,47.2777,1054.44,1226.9697,1207.0808,1684.0054,69235.9031,39268.8146,1284.8672,13233.09,930.75,11695.0
2019-06-06,,1201.075,1128.8,123075.5328,39776.7189,1039.4,13018.0469,51147.7303,39243.8539,46.8981,1055.4,1213.9698,1208.4752,1685.9598,68945.7015,39304.7186,1285.7017,13224.882,929.41,11695.0
2019-06-07,,1201.075,1136.49,122980.5924,39902.7697,1039.4,13028.4812,51313.8168,39358.7902,47.1828,1056.56,1222.0853,1210.4449,1689.3532,69133.2169,39351.484,1288.2927,13223.856,929.47,11695.0
2019-06-10,,1201.075,1152.86,123780.2134,40256.6773,1047.4,13027.1949,51823.936,39706.0471,47.4794,1061.51,1239.6746,1215.6163,1699.9065,70044.3487,39485.0605,1297.2412,13223.856,939.48,11695.0
2019-06-11,,1201.075,1160.89,124352.0239,40345.4233,1049.2,13079.9992,52228.0984,39777.0396,48.4048,1064.09,1252.9761,1219.5048,1704.5198,70796.5468,39543.8475,1299.8006,13293.618,948.94,11695.0
2019-06-12,,1201.075,1156.8,124124.9861,40366.626,1049.2,13088.0714,52021.4809,39798.7874,47.9184,1064.42,1252.4898,1220.6656,1706.0128,70762.6384,39593.7765,1299.8418,13286.436,948.2,11695.0
2019-06-13,,1201.075,1153.3,123992.6328,40361.8082,1049.2,13094.7853,51868.8991,39792.5215,48.0133,1064.13,1251.4312,1220.5671,1706.213,70661.4087,39593.7582,1299.3996,13286.436,948.86,11695.0
2019-06-14,,1201.075,1151.1,123823.8501,40303.2213,1047.1,13074.6691,51752.0703,39731.2072,47.337,1064.27,1249.9148,1219.5712,1704.9743,70425.9852,39619.6329,1297.7408,13357.223,947.09,11695.0
2019-06-17,,1201.075,1146.02,123868.7177,40310.5765,1049.2,13069.7331,51544.4743,39756.5808,47.3493,1064.51,1244.9858,1219.9435,1705.6866,70212.9759,39617.8664,1298.6477,13337.731,943.1,11695.0
2019-06-18,,1201.075,1150.12,123769.8057,40304.9396,1049.2,13064.6557,51564.5328,39783.1042,47.8088,1064.6,1246.7918,1220.2155,1706.0629,70194.7579,39666.0976,1299.071,13377.741,945.56,11695.0
2019-06-19,,1201.075,1151.13,123439.3646,40305.9564,1048.5,13053.0723,51352.0086,39775.047,48.0264,1064.81,1239.1475,1220.3649,1706.4285,69859.0172,39690.5367,1299.9778,13377.741,944.42,11733.947
2019-06-20,,1201.075,1160.88,124318.821,40378.8337,1048.5,13080.8977,51494.9777,39829.0016,48.7035,1065.88,1251.4048,1221.6879,1709.0336,70192.9941,39732.9189,1302.6641,13336.705,949.04,11772.032
2019-06-21,,1201.075,1158.8,124470.3061,40399.8275,1048.5,13160.3623,51566.4488,39850.949,48.7761,1066.49,1256.8121,1222.1786,1710.7511,70273.7132,39746.3354,1303.1472,13409.544,949.0,11772.032
2019-06-24,,1201.075,1165.94,124726.5,40384.8143,1048.5,13164.5586,51647.9842,39833.0985,49.296,1066.65,1266.7703,1221.8612,1710.7075,70460.6938,39764.2992,1302.9829,13367.482,953.55,11772.032
2019-06-25,,1201.075,1166.99,124897.7327,40324.5213,1048.5,13184.319,51684.7169,39785.3918,49.1872,1066.0,1275.4531,1220.891,1709.4017,70532.2924,39764.5612,1301.7454,13439.296,954.18,11772.032
2019-06-26,,1201.075,1163.49,124966.8672,40217.949,1048.5,13185.5779,51749.1881,39682.0288,49.3443,1064.52,1272.0219,1219.1219,1706.0712,70592.3739,39748.9762,1299.3885,13439.296,954.29,11772.032
2019-06-27,,1201.075,1163.11,124761.554,40221.9348,1046.9,13205.8725,52015.6079,39685.7835,49.1267,1064.81,1269.2992,1219.3513,1706.2981,70559.8641,39776.3146,1299.6674,13439.296,952.37,11772.032
2019-06-28,,1201.075,1163.34,124781.7567,40259.221,1046.9,13184.1484,51856.2444,39726.2516,49.4048,1065.19,1272.0866,1220.0369,1707.8438,70621.4403,39733.2745,1301.2854,13452.632,951.68,11772.032
2019-07-01,,1201.075,1167.92,124924.4312,40222.0104,1046.9,13174.7406,51916.8779,39706.9644,49.1872,1064.87,1275.0308,1219.5278,1707.117,70846.8753,39745.8838,1300.2367,13499.824,951.4,11772.032
2019-07-02,,1201.075,1157.83,124455.6002,40273.3471,1047.6,13164.3669,51668.0184,39763.8615,48.8849,1065.59,1262.3698,1220.5702,1708.9987,70225.5122,39775.9223,1301.9387,13499.824,944.07,11772.032
2019-07-03,,1201.075,1166.64,124631.322,40305.7289,1047.6,13153.7531,52089.953,39786.1276,48.897,1065.59,1261.5191,1221.4221,1710.298,70323.6515,39769.9016,1302.6261,13499.824,949.19,11772.032
2019-07-04,,1201.075,1166.3,124756.4999,40325.6739,1047.6,13155.6028,52140.2518,39800.2133,48.897,1065.92,1264.2176,1221.8914,1710.9599,70454.3069,39782.3894,1302.7764,13499.824,950.64,11772.032
2019-07-05,,1201.075,1166.87,124513.8051,40268.655,1047.6,13116.0494,52101.731,39747.3236,48.77,1065.46,1266.1196,1220.9498,1709.246,70302.2534,39775.998,1301.7789,13553.17,952.58,11772.032
2019-07-08,,1201.075,1165.32,124387.6347,40279.8789,1047.6,13128.9959,52076.0228,39761.3848,48.6793,1065.97,1268.6327,1221.1122,1709.9436,70406.7781,39803.0211,1302.2306,13553.17,952.09,11772.032
2019-07-09,,1201.075,1160.67,123587.4062,40301.6673,1047.6,13135.0978,51836.6554,39768.3608,48.4133,1066.07,1266.5601,1221.5279,1710.3782,70303.926,39814.9866,1302.8008,13553.17,952.06,11772.032
2019-07-10,,1201.075,1169.25,123780.5898,40361.9904,1047.6,13144.4944,52026.1747,39843.2915,48.8244,1066.82,1271.0147,1222.6037,1712.2126,70470.3129,39864.4452,1304.4674,13644.476,955.68,11436.839
2019-07-11,,1201.075,1167.33,123700.3112,40367.9221,1047.6,13154.1802,52195.3026,39856.0226,49.2355,1066.8,1274.4518,1222.6883,1712.2582,70753.2605,39806.4837,1304.718,13642.424,955.57,11436.839
2019-07-12,,1201.075,1167.73,123741.2777,40376.1534,1047.6,13125.9365,52075.6087,39852.3556,49.2113,1066.64,1270.228,1222.6563,1712.2261,70566.7211,39818.1241,1304.7438,13645.501,954.83,11436.839
2019-07-15,,1201.075,1166.96,123665.5381,40403.1938,1047.6,13124.0391,52186.2155,39881.2128,49.3202,1067.06,1273.8562,1223.1306,1713.0802,70557.057,39824.9859,1305.3294,13642.424,955.36,11436.839
2019-07-16,,1201.075,1166.84,123662.3958,40403.4165,1047.6,13123.631,52183.8566,39882.2707,49.0179,1067.09,1273.7443,1223.1479,1713.1335,70553.7373,39823.0015,1305.3511,13642.424,955.3,11436.839
2019-07-17,,1201.075,1165.06,124238.453,40456.6794,1050.3,13130.812,52075.0502,39942.3355,48.7398,1067.87,1267.0424,1224.2915,1715.3283,70270.2129,39871.3803,1307.0937,13798.361,950.68,11436.839
2019-07-18,,1201.075,1160.97,123911.2844,40550.5754,1050.3,13122.1526,52109.4322,40035.029,48.8002,1069.26,1261.7151,1226.0247,1718.0837,70129.4208,39909.8611,1309.7355,13798.361,949.19,11436.839
2019-07-19,,1201.075,1162.02,123351.5628,40734.1372,1050.3,13143.0705,52147.8914,40211.3539,48.244,1071.74,1262.963,1230.1961,1724.2328,70275.2149,39948.9631,1314.9613,13798.361,952.86,11436.839
2019-07-22,,1201.075,1153.8,123317.0706,40816.2099,1054.6,13151.6575,51980.969,40293.8661,47.9539,1072.32,1260.196,1232.781,1727.4977,70117.352,39965.2673,1317.0375,13798.361,952.12,11436.839
2019-07-23,,1201.075,1149.48,122626.0787,40921.8604,1054.6,13118.9265,51935.7737,40385.292,47.4823,1073.08,1253.4785,1235.4164,1731.0783,69730.6376,39966.271,1318.949,13726.548,946.76,11436.839
2019-07-24,,1201.075,1147.79,122161.9314,41007.1594,1054.6,13118.9087,51714.0543,40485.4192,47.2586,1073.95,1244.3609,1237.8274,1733.9083,69190.4139,39971.0449,1321.6195,13726.548,944.46,11436.839
2019-07-25,,1201.075,1151.88,122136.0881,41043.7703,1054.6,13095.5602,51514.2648,40521.2285,47.0349,1074.27,1240.5766,1239.183,1734.9857,68930.3515,39989.7725,1322.5424,13726.548,944.08,11436.839
2019-07-26,,1201.075,1147.81,121700.8401,41093.1859,1054.6,13099.571,51532.3924,40556.8879,47.3735,1075.17,1242.33,1240.3242,1736.6024,69062.765,40011.7713,1324.5705,13726.548,943.66,11028.165
2019-07-29,,1201.075,1151.37,121882.4141,41129.5407,1059.8,13077.0442,51399.7917,40604.7981,47.0712,1075.18,1242.1736,1241.206,1738.1258,69062.7798,40025.2735,1325.2944,13726.548,945.61,11028.165
2019-07-30,,1201.075,1146.27,121774.5431,41149.184,1059.8,13063.4647,51460.0292,40618.3117,46.9624,1075.43,1242.6762,1241.8222,1739.2833,69117.5585,40050.3078,1326.5606,13726.548,944.79,11028.165
2019-07-31,,1201.075,1142.99,120832.7869,41214.1752,1061.6,13087.8766,51190.4723,40668.5316,46.515,1076.24,1235.1549,1243.701,1742.0212,68953.6537,40065.9736,1329.6596,13726.548,940.76,11028.165
2019-08-01,,1201.075,1136.6,119881.4025,41246.8234,1063.1,13095.2782,50952.176,40708.8016,45.9225,1076.8,1229.8601,1244.5273,1743.0842,68624.9316,40074.3098,1329.703,13726.548,932.36,10962.737
2019-08-02,,1201.075,1120.5,119471.2692,41343.9364,1063.6,12995.0926,50439.3395,40784.348,45.064,1077.73,1205.6884,1247.3369,1745.5991,67499.3729,40060.91,1332.7146,13726.548,923.03,10962.737
2019-08-05,,1201.075,1092.14,116767.2429,41536.3084,1064.6,12777.9309,49623.484,40944.2237,43.5647,1079.74,1170.1491,1250.7124,1750.7574,66015.4211,40043.3402,1337.2975,13726.548,904.23,10894.289
2019-08-06,,1201.075,1089.65,116582.9781,41584.5166,1064.6,12719.7685,49533.1834,40981.7438,43.8066,1080.49,1173.8484,1252.363,1753.2837,66116.2344,40076.6577,1337.941,13727.574,903.53,10759.406
2019-08-07,,1201.075,1098.06,116683.1343,41723.6297,1067.6,12718.2784,49778.6877,41110.4016,44.1995,1082.36,1181.6278,1254.8709,1757.1704,66356.8454,40088.662,1341.5063,13747.066,909.97,10759.406
2019-08-08,,1201.075,1113.21,117268.2296,41704.1248,1068.1,12740.8761,50376.4151,41086.4737,45.1245,1082.4,1212.3815,1255.0781,1757.1789,67535.8927,40136.1232,1340.6661,13747.066,925.67,10759.406
2019-08-09,,1201.075,1114.62,117043.2788,41725.5997,1068.3,12733.3894,50196.1134,41124.2043,45.2212,1082.58,1220.8651,1255.7031,1758.2639,67876.6741,40131.3027,1341.4219,13785.024,929.43,10759.406
2019-08-12,,1201.075,1092.89,116151.8998,41714.3039,1069.5,12642.4524,49391.662,41146.5501,44.0484,1083.08,1203.1838,1256.7067,1759.33,66720.5732,39957.7516,1341.9276,13644.476,914.9,10759.406
2019-08-13,,1201.075,1097.92,116110.5311,41696.3358,1069.5,12624.4729,49540.6128,41106.7471,44.7739,1082.81,1220.6658,1256.1681,1757.3905,67226.8789,39945.0365,1341.3054,13541.886,914.93,10759.406
2019-08-14,,1201.075,1090.01,115644.6617,41700.2024,1069.5,12624.4729,49054.879,41172.5297,43.7582,1083.58,1202.95,1257.3416,1759.7553,66383.3666,39911.3378,1343.3075,13487.513,903.58,10759.406
2019-08-15,,1201.075,1089.9,115641.7967,41702.207,1069.5,12624.4729,49052.6524,41175.087,43.7582,1083.64,1202.8479,1257.4157,1759.8758,66380.1286,39913.1579,1343.4283,13487.513,903.53,10759.406
2019-08-16,,1201.075,1090.26,115816.536,41799.7349,1069.5,12540.7041,49095.0562,41217.7067,44.1451,1084.08,1201.4657,1258.2478,1760.6698,66306.3697,39948.8947,1344.1319,13459.814,905.7,10759.406
2019-08-19,,1201.075,1090.16,115837.129,41838.8782,1069.5,12495.6756,48918.5045,41235.3677,43.9033,1084.5,1204.9722,1258.8887,1761.5581,66447.7975,39923.2764,1344.7802,13459.814,903.91,10759.406
2019-08-20,,1201.075,1087.23,115040.4808,41859.9405,1069.5,12469.4656,48720.6937,41249.472,43.8307,1084.59,1198.7706,1259.0535,1761.832,66104.9419,39914.4506,1345.1296,13336.705,896.96,10759.406
2019-08-21,,1201.075,1086.92,114130.95,41910.9322,1069.5,12430.6206,48664.0968,41271.1085,43.8066,1085.07,1200.4075,1259.6375,1762.2251,66140.7786,39925.0554,1345.6924,13336.705,897.75,10759.406
2019-08-22,,1201.075,1077.08,113894.0817,41924.3851,1073.1,12339.7838,48144.6332,41269.2155,43.2262,1085.06,1183.1085,1260.3002,1763.2979,65354.7723,39883.4493,1345.8541,13292.592,889.46,10759.406
2019-08-23,,1201.075,1055.73,112504.1428,41939.9551,1073.1,12208.1335,47435.1953,41331.8819,42.2226,1085.14,1156.7778,1260.8493,1765.5431,64369.1306,39868.1628,1346.611,13305.928,871.43,10759.406
2019-08-26,,1201.075,1048.2,112113.8109,41945.5645,1073.1,12223.2337,47274.9827,41325.0081,41.8236,1085.35,1146.4568,1261.2179,1765.7274,64052.8578,39846.7545,1347.0559,13132.551,867.07,10759.406
2019-08-27,,1201.075,1041.36,111872.3457,41988.2856,1074.0,12181.4435,46967.4321,41331.2425,42.1621,1085.79,1141.6996,1262.3307,1766.7931,63780.134,39800.5708,1348.158,13182.82,864.31,10759.406
2019-08-28,,1201.075,1039.6,111351.9187,42015.7402,1074.0,12134.335,47011.1417,41343.5291,41.6422,1086.15,1137.9432,1263.0488,1767.4601,63671.2455,39722.3729,1348.9805,13126.396,864.91,10759.406
2019-08-29,,1201.075,1051.97,110986.8067,42015.2641,1074.5,12145.9326,47576.7973,41350.7629,42.1501,1086.22,1164.0923,1263.1433,1767.5107,64682.134,39734.5619,1348.8466,13069.971,878.29,10759.406
2019-08-30,,1269.11,1075.26,110852.1318,41960.1555,1074.5,12199.1573,48130.754,41298.4024,43.1536,1085.56,1192.6023,1262.1002,1765.8973,66025.1537,39756.4411,1348.0524,13049.453,893.38,10759.406
2019-09-02,,1269.11,1072.48,110603.0904,41962.5161,1074.5,12189.6907,47851.8954,41302.1101,43.1536,1085.82,1189.5617,1262.3226,1765.9709,65817.7312,39745.5145,1348.1436,13049.453,888.43,10759.406
2019-09-03,,1269.11,1061.38,110447.5505,41999.4434,1074.4,12194.8952,47298.4423,41338.9091,42.4523,1086.24,1172.0948,1262.991,1767.0022,65149.9298,39734.8504,1348.9423,13075.101,879.58,10759.406
2019-09-04,,1269.11,1066.07,109967.4119,42184.7188,1074.4,12209.0284,47407.9165,41483.4761,42.7063,1088.08,1181.6303,1266.3569,1772.5254,65282.4801,39786.5154,1352.8226,13050.479,887.85,10759.406
2019-09-05,,1269.11,1073.77,109853.6929,42161.2917,1074.4,12226.895,47812.5018,41464.9832,43.734,1087.94,1207.2735,1265.938,1772.075,66069.9316,39869.5589,1352.6078,13177.691,897.66,10759.406
2019-09-06,,1269.11,1075.32,110222.3978,42184.6975,1077.1,12242.582,47945.9147,41477.7196,44.133,1088.13,1212.7081,1266.5249,1772.6059,66314.5185,39945.9154,1352.816,13234.115,901.03,10759.406
2019-09-09,,1269.11,1084.51,110444.8812,42129.1926,1077.5,12277.2137,48217.1668,41435.3885,44.4595,1088.01,1215.2647,1265.7898,1771.1745,66493.2002,39933.3359,1352.3152,13200.261,908.64,10759.406
2019-09-10,,1269.11,1092.43,111068.5044,42091.1838,1076.9,12277.2137,48443.8704,41400.2087,44.4595,1087.75,1224.5357,1265.0603,1770.2556,66918.7121,39935.6952,1351.8919,13234.115,911.08,10759.406
2019-09-11,,1269.11,1107.39,111778.3852,42020.9581,1076.9,12312.3237,49098.3066,41340.5582,44.9673,1087.51,1250.9809,1263.8268,1767.898,67709.3809,39974.3757,1350.586,13234.115,929.84,10759.406
2019-09-12,,1269.11,1112.44,112378.3485,42027.8641,1076.9,12390.6038,49419.7669,41332.0525,45.7412,1087.8,1272.1863,1263.7463,1767.6254,68617.4074,40012.6301,1351.3103,13264.892,936.15,10759.406
2019-09-13,,1269.11,1121.09,112723.4609,41925.0892,1076.9,12408.299,49725.2892,41211.1851,46.2853,1086.62,1276.5608,1261.4579,1763.9521,69162.6954,39992.5111,1349.0669,13285.41,939.16,10759.406
2019-09-16,,1269.11,1129.11,113426.6536,41883.0215,1076.9,12421.3413,50240.6491,41170.0327,46.1885,1086.52,1287.3399,1260.6168,1762.7356,69643.8011,40010.0589,1348.4514,13285.41,947.18,10759.406
2019-09-17,,1269.11,1133.47,113948.4919,41868.5358,1073.4,12447.4326,50068.03,41168.6532,46.1764,1086.64,1298.4402,1260.1468,1762.1364,69922.3536,40022.0512,1347.8099,13234.115,951.88,10759.406
2019-09-18,,1269.11,1133.36,113945.6067,41870.7017,1073.4,12447.031,50075.9414,41171.5951,46.0797,1086.71,1298.6453,1260.227,1762.2602,69918.98,40032.9064,1347.8567,13234.115,951.82,10759.406
2019-09-19,,1269.11,1133.25,113942.7213,41872.7558,1073.4,12446.6295,50073.6496,41174.0354,46.0072,1086.78,1298.5573,1260.2981,1762.3859,69915.6064,40053.7,1347.9667,13234.115,951.77,10759.406
2019-09-20,,1269.11,1133.14,113939.8362,41875.0488,1073.4,12446.228,50071.3577,41176.9567,45.9104,1086.84,1298.4692,1260.3777,1762.5155,69912.2332,40063.0273,1347.9391,13234.115,951.72,10759.406
2019-09-23,,1269.11,1128.01,114244.2599,41919.4237,1073.4,12477.9939,50030.1659,41221.2067,45.4389,1087.64,1299.1191,1262.0406,1764.8391,69873.5069,40070.3613,1349.1332,13213.597,942.17,10759.406
2019-09-24,,1269.11,1124.32,114087.6638,41980.7337,1073.4,12425.0135,49874.9919,41274.4222,45.1124,1088.05,1281.2767,1263.2104,1766.5113,69275.6011,40085.8287,1350.0631,13134.603,937.63,10759.406
2019-09-25,,1269.11,1124.28,114136.3805,42007.9295,1073.4,12432.482,49928.2945,41304.8516,44.8585,1088.34,1272.799,1263.8147,1767.7659,68951.5873,40063.7805,1350.8586,13131.525,939.98,10759.406
2019-09-26,,1269.11,1135.61,114527.4677,42007.4597,1073.4,12469.2934,50013.5079,41307.4776,45.0761,1088.46,1281.8036,1264.0966,1768.3496,69443.3429,40071.1693,1351.1769,13131.525,942.84,10759.406
2019-09-27,,1269.11,1162.48,115470.3408,41998.89,1076.1,12527.1213,50305.152,41304.3875,45.5235,1089.26,1315.8654,1263.7611,1768.8304,71208.2138,40154.1692,1350.4969,13131.525,969.14,10109.151
2019-09-30,,1269.11,1159.35,116251.8447,42009.5056,1076.1,12538.4447,50170.8699,41305.1892,45.2696,1089.68,1306.6209,1264.2141,1769.2552,70582.6287,40114.3968,1350.4283,13152.043,961.12,10182.632
2019-10-01,,1272.834,1159.98,116184.309,41988.5623,1076.1,12506.606,50032.4185,41292.1027,45.0278,1090.05,1301.1627,1264.0967,1769.1261,70252.4181,40101.5315,1350.1271,13182.82,958.62,10182.632
2019-10-02,,1272.834,1155.28,115494.4268,42054.6247,1077.0,12505.4589,49899.1746,41337.8637,44.8706,1091.1,1295.7844,1265.2627,1771.1486,69966.3265,40069.9811,1351.2192,13182.82,953.93,10182.632
2019-10-03,,1272.834,1150.36,115406.4589,42166.191,1077.0,12483.147,49725.4541,41439.3447,45.4026,1092.65,1291.8263,1267.5399,1775.0461,69694.8297,40111.5601,1353.6566,13172.561,950.46,10200.75
2019-10-04,,1272.834,1161.7,115868.9374,42210.4367,1077.0,12526.8348,49946.0317,41483.3595,45.9346,1093.36,1302.9816,1268.6204,1777.213,70187.876,40139.973,1354.5617,13182.82,956.46,10200.75
2019-10-07,,1272.834,1162.51,115787.8731,42269.0407,1081.1,12511.4288,50062.7645,41548.8439,45.5356,1094.5,1307.9109,1269.9628,1779.5514,70190.132,40160.1982,1355.2023,13182.82,958.27,10200.75
2019-10-08,,1272.834,1161.16,116225.9354,42283.3247,1081.1,12513.3349,49978.4904,41570.7211,44.8101,1094.69,1307.3307,1270.0228,1780.049,70124.364,40153.3633,1355.1865,13182.82,956.68,10200.75
2019-10-09,,1272.834,1158.39,116146.2729,42343.9167,1081.1,12506.7276,49812.3653,41639.4916,45.3059,1095.87,1306.3268,1271.8764,1782.8281,70220.8859,40167.8498,1356.6715,13142.81,954.34,10200.75
2019-10-10,,1272.834,1160.14,116148.5452,42302.7815,1083.5,12539.3315,49940.1919,41603.9743,45.8137,1095.84,1307.992,1271.0032,1781.7592,70332.4217,40180.297,1355.9669,13143.836,960.1,10200.75
2019-10-11,,1272.834,1176.35,116913.0406,42216.7364,1083.5,12608.3518,50760.1894,41523.0379,46.9503,1095.13,1328.3021,1269.8076,1778.9208,71380.9774,40220.3123,1354.6636,13168.458,976.06,10200.75
2019-10-14,,1272.834,1176.26,116770.4693,42176.9174,1083.3,12609.0166,50739.6279,41509.9829,46.7266,1095.23,1338.2083,1268.9397,1777.3826,71783.3122,40244.7301,1353.4209,13259.763,971.32,10200.75
2019-10-15,,1272.834,1183.79,116655.0346,42148.4669,1083.3,12632.3532,50948.0022,41480.0684,46.8777,1095.24,1340.0566,1268.7577,1776.5264,71912.858,40260.7187,1353.0183,13288.488,977.18,10498.7
2019-10-16,,1272.834,1182.87,116584.2583,42106.8678,1083.3,12620.8802,50921.0284,41429.4926,46.7326,1094.78,1338.072,1267.6154,1774.7197,71821.636,40246.8989,1352.2343,13280.281,976.26,10498.7
2019-10-17,,1272.834,1189.14,116854.4347,41926.6211,1081.0,12660.843,51120.419,41282.938,47.313,1093.48,1349.3458,1263.9358,1769.2012,72373.2047,40261.2825,1349.5812,13292.592,982.4,10498.7
2019-10-18,,1272.834,1192.09,117504.8754,41717.4778,1081.0,12719.6873,51312.5635,41083.2095,47.3614,1090.99,1351.7245,1260.5898,1762.9708,72624.5644,40243.4299,1345.5013,13258.737,983.55,10498.7
2019-10-21,,1258.643,1126.89,113336.0685,41540.6752,1073.5,12432.0944,49111.3962,40931.5979,44.9431,1088.66,1283.9858,1257.4966,1758.1799,69736.3639,40132.8396,1342.5899,12937.63,945.61,10498.7
2019-10-22,,1250.994,1127.84,113114.7203,41244.7384,1073.5,12423.8871,49414.1686,40639.6713,44.5078,1085.07,1281.283,1249.6724,1747.8783,69727.6463,40066.9701,1338.3686,12937.63,948.42,10267.185
2019-10-23,,1245.257,1103.03,112416.068,41072.9969,1065.0,12345.4196,48626.8431,40525.7069,44.0544,1083.18,1272.4188,1245.2448,1741.2915,69294.6344,40010.1204,1336.4978,12937.63,936.63,10267.185
2019-10-24,,1238.615,1129.32,112874.6638,41219.6083,1057.5,12313.1037,49081.9158,40641.6897,44.7134,1084.14,1275.5078,1247.7214,1745.2209,69391.1899,40009.02,1338.7905,12937.63,952.54,10267.185
2019-10-25,,1236.904,1111.45,111644.1597,41244.3066,1060.5,12260.7682,48658.5428,40640.9614,44.0484,1083.24,1270.385,1247.1149,1747.3863,69287.9531,40004.029,1338.9453,12937.63,942.27,10267.185
2019-10-28,,1241.936,1115.24,110888.2703,41139.3881,1060.7,12220.6969,48634.0773,40540.2001,44.3144,1082.69,1270.0058,1244.8101,1743.9867,69405.302,39975.0233,1338.0054,12937.63,943.82,10267.185
2019-10-29,,1242.741,1088.22,108546.6012,40967.5934,1059.9,12100.9654,47927.9478,40395.029,43.5043,1081.55,1244.4509,1241.2822,1738.4524,68468.7514,39937.3027,1334.5821,12938.656,929.49,10267.185
2019-10-30,,1237.91,1049.01,104612.1469,40817.3589,1057.9,11823.4389,46542.0641,40252.5297,42.0291,1079.75,1202.8663,1237.3499,1733.1286,66330.6765,39822.5265,1331.5902,12941.734,901.76,10166.527
2019-10-31,,1237.91,1048.91,104609.58,40817.5291,1057.9,11822.9225,46539.9431,40253.1348,41.745,1079.78,1202.7812,1237.36,1733.1518,66327.4423,39822.9495,1330.4625,12941.734,901.71,10166.527
2019-11-01,,1237.91,1048.81,104606.924,40818.21,1057.9,11822.5433,46537.8158,40254.1723,42.5733,1079.82,1202.6977,1237.3802,1733.207,66324.2084,39810.9957,1330.8386,12941.734,901.67,10166.527
2019-11-04,,1228.551,1040.65,104257.5697,40672.4234,1057.9,11827.7256,46736.4058,40097.5294,42.2589,1078.14,1222.3816,1234.5902,1727.1576,67183.8945,39787.8923,1327.4475,12938.656,913.09,10166.527
2019-11-05,,1226.84,1011.19,101233.5807,40587.1668,1057.9,11577.6695,45932.5916,40009.9464,41.0377,1076.94,1194.2864,1232.6594,1724.4135,66020.6975,39708.2848,1327.0156,12823.755,894.41,10166.527
2019-11-06,,1230.664,979.6,97666.1922,40640.9139,1050.6,11218.606,45231.0334,40059.424,40.3485,1076.62,1157.026,1233.1143,1725.3722,64477.7422,39665.4276,1328.3834,12721.165,869.64,10166.527
2019-11-07,,1230.463,1000.69,97590.7783,40634.0992,1050.6,11143.2413,45842.0327,40033.7353,40.6749,1074.98,1188.9949,1232.0731,1725.312,65218.0923,39613.3653,1329.0592,12721.165,878.39,10166.527
2019-11-08,,1230.463,997.59,97077.2566,40778.4906,1052.0,11141.3991,45648.6059,40200.0182,40.5177,1076.85,1189.9227,1233.367,1730.3694,65733.4852,39602.1788,1331.943,12669.87,878.61,10166.527
2019-11-11,,1229.557,968.47,94477.4902,40803.2078,1053.8,10994.8612,44570.9305,40228.0934,39.49,1077.24,1163.0439,1233.923,1731.9132,64789.4916,39578.2111,1332.2573,12618.575,863.59,10166.527
2019-11-12,,1236.501,939.78,91122.5634,40524.24,1054.2,10623.2738,43618.5322,39930.3482,37.5917,1072.97,1134.3356,1226.4425,1719.596,62972.1242,39409.5503,1324.3685,12310.805,850.17,10166.527
2019-11-13,,1217.48,898.29,87252.1558,40064.0461,1047.7,10485.35,41834.9467,39349.1006,37.1685,1063.47,1092.6657,1216.9909,1703.3403,62169.1969,39242.7012,1313.2653,12029.708,827.09,10166.527
2019-11-14,,1217.48,911.61,86999.1194,38508.2187,1025.8,10443.3867,42694.3868,37813.2867,36.3342,1045.42,1119.9542,1185.2393,1656.7967,62595.7604,38812.9173,1284.2242,12003.035,840.05,10166.527
2019-11-15,,1164.441,1017.29,94364.0257,39472.9119,1042.1,11023.9102,46207.0628,38778.4132,40.2276,1057.68,1245.4001,1203.708,1683.4617,67250.384,39187.8153,1308.1891,12568.306,909.14,8687.146
2019-11-18,,1190.86,1017.07,95229.7398,39725.7838,1041.01,11130.6526,46176.2704,39121.6165,40.2276,1062.95,1244.6622,1211.4007,1692.7834,67604.7509,39344.334,1313.6617,12567.28,900.83,8687.146
2019-11-19,,1190.86,1007.17,94403.8958,39737.2642,1041.01,11038.9807,45455.4459,39200.4987,39.6714,1063.1,1231.3237,1210.9458,1691.7299,66668.6125,39267.6588,1313.187,12464.69,891.94,8687.146
2019-11-20,,1197.231,996.2,93571.9679,39565.2713,1040.69,10953.4318,44851.53,39041.9394,39.6593,1060.6,1222.1124,1207.1854,1685.741,66439.3186,39162.7094,1310.3579,12464.69,888.64,8687.146
2019-11-21,,1197.231,987.65,92735.6556,39459.4053,1040.69,10891.0562,44664.2514,38856.787,38.9338,1058.64,1225.4754,1202.6162,1678.223,66215.9898,39096.154,1307.7645,12464.69,883.81,8687.146
2019-11-22,,1197.231,980.5,92566.2053,39429.4576,1037.3,10877.8955,44466.5131,38742.1701,38.4501,1056.99,1223.2003,1198.8659,1671.4403,65780.5075,39030.054,1305.8668,12464.69,881.11,8687.146
2019-11-25,,1195.308,965.33,91914.8374,39467.7445,1038.39,10876.2121,44065.2707,38758.5044,38.2325,1056.99,1208.4453,1199.0984,1672.2487,65394.535,39026.7343,1307.8462,12310.805,869.73,8687.146
2019-11-26,,1195.741,937.21,89711.3657,39454.1451,1038.32,10778.6058,43622.9283,38737.5317,37.4345,1056.93,1176.7822,1199.6139,1671.0278,64013.69,39013.6476,1307.8566,12310.805,854.17,9011.861
2019-11-27,,1190.045,920.22,88754.2356,39486.2593,1038.32,10717.5899,43390.5977,38637.2821,36.6969,1055.11,1181.2008,1199.5937,1667.3183,63877.9992,38987.9399,1303.2053,12310.805,852.64,8878.74
2019-11-28,,1190.045,905.96,87699.5612,39456.1247,1039.9,10636.2471,42896.7703,38584.2882,36.6969,1053.92,1160.3152,1197.5012,1663.7637,62879.2172,38932.3833,1303.8608,12156.92,837.27,8878.74
2019-11-29,,1190.045,910.39,87357.2892,39438.3717,1041.33,10693.4214,43099.2963,38573.2779,36.2616,1053.13,1168.0966,1197.5012,1662.7313,63187.5336,38985.437,1305.3826,12286.778,843.43,8957.918
2019-12-02,,1179.578,899.56,87282.9333,39315.646,1040.03,10662.8028,42768.3494,38447.288,36.5155,1050.14,1153.5571,1195.2065,1655.5138,62827.4878,38976.2305,1300.1072,12208.215,837.5,8957.918
2019-12-03,,1179.578,889.25,86931.9153,39233.1696,1037.84,10630.7536,42600.292,38366.9471,36.6485,1048.9,1148.2048,1192.8916,1651.4177,62423.5646,38936.8059,1297.9753,12156.92,837.7,8957.918
2019-12-04,,1182.265,923.07,88106.7152,39134.3369,1037.2,10637.1377,43555.7003,38236.8546,37.9181,1046.86,1199.769,1191.345,1646.661,63600.7299,38913.5891,1296.7407,12156.92,861.03,8957.918
2019-12-05,,1170.48,967.61,90605.3893,39100.1064,1037.83,10848.0783,44619.0234,38191.1846,39.357,1046.62,1241.894,1190.4959,1643.7128,65907.9583,38902.0555,1295.9855,12201.783,879.25,8957.918
2019-12-06,,1182.657,973.47,90597.8133,39092.4775,1037.83,10827.6696,45066.9158,38192.2599,39.4174,1046.05,1250.1733,1190.1623,1641.3571,66327.0246,38942.7537,1296.1575,12156.92,877.78,8957.918
2019-12-09,,1183.694,971.77,90685.0919,39106.8929,1037.86,10837.0578,45216.865,38161.8287,39.5504,1046.57,1254.8849,1190.5868,1640.9596,66104.8842,38934.3679,1296.6917,12156.92,875.57,8957.918
2019-12-10,,1176.095,977.49,90637.9034,39104.9405,1039.13,10872.9537,45329.5896,38155.7828,39.4658,1046.97,1262.1671,1190.6576,1640.7617,66591.4374,38938.3387,1296.0813,12156.92,873.9,8957.918
2019-12-11,,1180.876,974.26,90519.2747,39187.1685,1039.83,10922.394,45557.3588,38183.2373,40.0945,1047.54,1268.6799,1192.3559,1642.4298,67009.8749,38898.3177,1298.0674,12156.92,875.84,8957.918
2019-12-12,,1180.876,978.93,90379.0576,39341.3326,1043.0,10961.0211,45692.7278,38306.7347,40.5419,1049.55,1278.4036,1196.7532,1648.2454,67248.907,38879.8647,1301.7948,12207.435,880.4,8957.918
2019-12-13,,1180.876,993.7,91543.7241,39495.753,1047.1,11078.52,45972.9382,38444.3085,41.0377,1051.07,1303.2666,1200.7259,1652.3558,68349.7799,38940.5816,1305.4399,12228.733,888.15,8957.918
2019-12-16,,1188.917,992.52,91814.1137,39641.932,1051.09,11077.8874,45791.2697,38572.5087,41.1516,1052.39,1296.633,1205.2344,1657.685,68469.9075,39007.3488,1309.5944,12228.733,887.29,8957.918
2019-12-17,,1213.786,981.26,91309.4482,40037.2111,1054.44,11090.9211,45459.7927,38902.4289,40.8244,1055.67,1278.3628,1212.0881,1669.9084,67569.1601,39065.6783,1318.3203,12228.733,878.15,8957.918
2019-12-18,,1216.524,966.3,90101.3693,40097.7672,1059.52,11069.441,44986.2636,38967.5921,40.6063,1056.29,1253.5435,1214.2918,1674.8291,66464.7422,39014.5401,1321.9477,12228.733,863.79,8957.918
2019-12-19,,1219.0,968.42,90352.8571,40150.2385,1059.7,11050.942,44978.1305,39006.3802,40.6911,1055.89,1257.8511,1216.1518,1674.3799,66622.4991,38985.242,1321.3915,12228.733,865.69,8957.918
2019-12-20,,1219.0,966.25,90486.856,40152.8881,1061.69,11097.65,45043.1705,39009.682,40.9819,1055.96,1258.0801,1215.9901,1674.5957,66710.746,38961.3241,1321.7337,12228.733,862.01,8957.918
2019-12-23,,1208.613,962.33,90232.8567,40143.77,1061.83,11139.8392,44888.482,38988.5613,40.5457,1055.75,1253.4149,1215.9598,1674.9578,66539.3396,38911.3565,1321.5793,12228.733,856.88,8957.918
2019-12-24,,1208.613,961.45,90163.5397,40119.036,1061.83,11120.7139,44885.6965,38967.1211,40.582,1053.71,1256.4006,1215.7778,1673.5496,66567.353,38910.886,1320.95,12228.733,855.15,8957.918
2019-12-25,,1208.613,961.36,90161.3059,40120.3735,1061.83,11120.3621,44883.5507,38969.9134,40.582,1053.78,1256.3166,1215.8385,1673.6649,66564.1494,38915.0649,1320.8839,12228.733,855.11,8957.918
2019-12-26,,1216.393,954.67,89342.6335,40162.6017,1061.83,11088.7646,44677.5031,39025.8529,40.679,1054.18,1249.6526,1216.6067,1674.2213,66299.0192,38948.2438,1322.2993,12262.198,850.04,8957.918
2019-12-27,,1221.294,949.98,89327.1402,40209.2593,1061.83,11130.6129,44521.2734,39022.6713,40.5457,1054.43,1250.0114,1217.3649,1675.679,66198.6982,38801.4824,1322.7555,12238.992,850.74,8957.918
2019-12-30,,1221.294,960.7,89521.6434,40247.0737,1061.83,11195.9594,44673.9638,39061.3389,40.1095,1057.26,1251.5267,1219.0632,1677.4134,66610.5531,38895.8509,1324.8918,12238.992,851.4,8957.918
2019-12-31,,1221.294,960.61,89519.369,40246.399,1061.83,11195.4479,44671.8301,39063.7952,40.3882,1057.15,1251.4427,1219.1238,1677.5192,66607.2389,38890.2161,1324.4074,12238.992,851.36,8957.918
2020-01-01,,1221.294,960.52,89517.0948,40247.9119,1061.83,11195.0844,44669.6987,39066.8515,40.3882,1057.21,1251.356,1219.1845,1677.6391,66603.9337,38894.5049,1324.4025,12238.992,851.31,8957.918
2020-01-02,,1225.3,987.35,90337.0737,40324.9574,1064.28,11229.5405,45355.3411,39138.1374,41.3212,1058.54,1283.8622,1220.6199,1679.912,67550.2338,38940.3583,1326.6606,12238.992,871.24,9069.609
2020-01-03,,1225.3,995.31,90574.8993,40382.2529,1066.79,11219.8158,45649.4496,39204.1623,41.0425,1059.85,1294.6245,1222.6214,1683.0574,68257.8594,38849.2465,1326.927,12244.122,876.06,9069.347
2020-01-06,,1227.846,1005.46,90872.2027,40389.9371,1068.13,11222.5597,45763.1249,39205.5147,40.8789,1060.52,1305.5079,1223.2684,1683.9102,68685.7788,38894.6108,1327.6674,12244.122,884.01,9069.347
2020-01-07,,1227.846,1018.5,91167.2626,40398.4208,1068.13,11252.3188,45967.0213,39200.1142,41.303,1060.86,1325.9557,1224.6836,1684.8747,69557.5553,38933.9771,1327.9621,12244.122,891.59,9069.347
2020-01-08,,1225.36,1029.63,90546.2089,40424.1183,1069.2,11211.2477,45645.916,39197.8709,41.5151,1060.28,1319.0956,1224.7241,1684.2765,69486.1804,38854.8696,1328.2306,12290.287,891.66,9069.347
2020-01-09,,1228.883,1025.06,90178.9961,40453.316,1071.0,11191.0301,45471.639,39178.4779,41.3091,1059.03,1313.6421,1224.7038,1682.6015,69316.3665,38887.5551,1326.3583,12290.287,886.97,9069.347
2020-01-10,,1228.883,1041.01,90855.2306,40397.1301,1071.65,11229.4657,45869.2808,39112.081,41.8059,1058.46,1343.0231,1223.046,1680.6789,69924.3677,38889.6352,1324.734,12290.287,902.56,9069.347
2020-01-13,,1228.883,1040.31,90882.6107,40421.3689,1071.75,11289.2976,46304.8805,39129.6324,41.612,1058.91,1341.1992,1223.7031,1681.349,70323.4677,38910.03,1326.1869,12290.287,900.67,9069.347
2020-01-14,,1228.883,1034.39,90695.9569,40426.3127,1072.0,11317.5493,46259.2941,39099.8133,41.3697,1059.19,1338.7987,1225.5732,1682.8812,69951.9504,38940.1934,1326.4855,12290.287,895.11,9069.347
2020-01-15,,1228.893,1029.22,90211.1493,40519.5692,1071.98,11289.7782,45733.9486,39146.3757,40.6911,1060.71,1322.8002,1226.6851,1686.2412,69346.5912,38927.2769,1327.7972,12464.69,887.75,9069.347
2020-01-16,,1228.893,1031.63,90062.721,40577.5964,1072.0,11289.7782,45772.5425,39198.3206,40.8244,1061.81,1330.6289,1228.3127,1689.2392,69199.4622,38912.1557,1329.5141,12464.69,890.79,9069.347
2020-01-17,,1228.893,1024.35,89804.4528,40667.5612,1072.02,11309.5038,45825.6184,39290.7513,40.8244,1063.26,1329.3091,1231.0926,1691.5127,69304.7263,38971.839,1330.7744,12464.69,893.8,9069.347
2020-01-20,,1228.893,1014.86,89639.6357,40741.571,1072.79,11317.5355,45769.7222,39379.4846,40.8244,1064.39,1316.6534,1232.3714,1693.9249,68870.396,38990.6943,1332.4285,12444.172,884.34,9069.347
2020-01-21,,1228.893,992.85,88839.7276,40760.5152,1073.41,11187.5944,45045.7559,39404.2458,39.1037,1064.56,1287.4579,1232.9716,1694.8616,67692.5636,38969.4649,1332.4416,12444.193,870.25,9069.347
2020-01-22,,1238.142,985.06,88198.6804,40734.2289,1073.41,11162.5585,44747.3502,39377.3277,39.0916,1064.42,1274.1875,1232.717,1695.0346,67085.1288,38936.7674,1332.3082,12444.193,864.8,9069.347
2020-01-23,,1239.35,970.58,87517.786,40692.4189,1073.89,11101.4847,44719.0329,39317.2189,38.6675,1063.71,1265.1966,1232.0042,1692.3552,66613.0119,38918.2201,1330.3295,12413.395,860.62,9069.347
2020-01-24,,1239.35,965.04,87255.4346,40664.0416,1073.6,11080.5671,44510.3159,39288.8968,38.8371,1063.77,1262.9436,1231.8971,1691.0475,66871.094,38889.6919,1330.3258,12413.395,857.23,9069.347
2020-01-27,,1239.35,948.16,86554.5398,40717.8947,1073.77,11019.3184,43971.5033,39294.2825,37.5526,1064.58,1233.7727,1232.7425,1691.3114,65396.1805,38918.3429,1331.4066,12413.395,842.18,9069.347
2020-01-28,,1239.35,955.06,86921.5666,40736.7022,1073.77,10991.3803,44056.5202,39282.5828,37.8313,1064.68,1241.6233,1233.1329,1692.0321,65710.3099,38886.9404,1331.3335,12412.369,846.95,9069.347
2020-01-29,,1239.35,952.43,86846.793,40706.4694,1073.77,10965.236,43997.031,39229.176,37.2376,1063.77,1238.7549,1232.7152,1691.1578,65465.3941,38807.7495,1330.1856,12456.083,842.35,9069.347
2020-01-30,,1239.35,943.43,86194.7841,40703.7288,1074.19,10951.5686,43748.5025,39233.5602,37.3587,1064.2,1233.0174,1233.0504,1691.0394,65182.4004,38807.7626,1330.1805,12464.69,838.6,9069.347
2020-01-31,,1239.591,946.62,85977.4804,40698.6555,1075.79,10952.9031,43628.7981,39214.7928,37.1649,1064.14,1228.9687,1233.0577,1691.7072,65301.845,38791.4986,1330.6842,12413.395,840.55,9069.347
2020-02-03,,1239.642,943.22,85705.7525,40691.6442,1075.19,10935.6071,43337.1813,39170.8238,37.6738,1062.66,1219.4013,1233.8582,1690.9482,65403.0259,38728.828,1331.4752,12413.395,842.94,9069.347
2020-02-04,,1239.642,951.67,85066.3135,40691.6903,1075.4,10970.7532,43913.7851,39152.6157,38.5342,1062.3,1253.8782,1233.5271,1690.6945,66187.3936,38768.7942,1331.6861,12413.395,860.15,9069.347
2020-02-05,,1237.8,953.36,84932.8026,40682.4139,1073.82,10970.0975,43819.1527,39147.0417,39.031,1062.12,1258.0656,1233.392,1691.023,66557.4533,38771.5932,1331.9603,12412.831,860.01,9069.347
2020-02-06,,1237.8,949.45,84738.9868,40653.963,1074.54,10998.9353,43960.1651,39122.3293,38.8856,1061.64,1270.8145,1232.6608,1690.0166,66892.1485,38758.0719,1331.5892,12403.136,865.66,9069.347
2020-02-07,,1237.8,942.75,84675.6996,40761.0706,1076.04,10971.658,43852.1047,39171.9134,38.2797,1063.28,1259.1597,1234.9239,1692.8723,66523.6287,38768.7054,1334.1744,12403.136,863.48,9069.347
2020-02-10,,1237.8,941.19,84759.5064,40747.6232,1075.09,10965.4309,43718.0122,39163.9965,37.8313,1062.65,1243.4939,1234.8538,1692.2435,66125.4446,38784.2352,1334.2148,12362.1,855.85,9069.347
2020-02-11,,1238.484,957.2,85556.3058,40705.8403,1075.08,10974.8807,44172.9116,39111.0566,38.0373,1062.17,1266.0865,1234.2652,1690.04,66553.3282,38749.3203,1333.7875,12387.368,863.76,9069.347
2020-02-12,,1237.679,956.89,85414.7312,40691.7772,1075.56,10963.9991,44077.8929,39091.5486,38.3039,1062.02,1277.6245,1233.993,1689.2533,66958.9798,38758.3043,1333.4168,12382.618,866.81,9069.347
2020-02-13,,1237.679,951.59,84868.6702,40668.6331,1075.01,10940.9176,43924.2282,39056.2973,37.6496,1061.77,1273.4707,1233.3806,1688.4162,66564.5313,38741.876,1333.0093,12386.722,865.6,9069.347
2020-02-14,,1237.679,949.94,84639.3637,40648.2877,1074.43,10919.0946,43893.5637,39007.5072,37.8192,1061.58,1274.7503,1232.8485,1687.325,66625.7573,38734.0019,1332.5059,12346.712,863.25,9069.347
2020-02-17,,1237.679,948.56,84771.7288,40622.098,1074.53,10903.0673,43848.8888,38995.542,37.8192,1062.07,1266.6237,1233.1612,1686.9162,66389.9703,38748.1089,1331.6565,12310.805,859.6,9069.347
2020-02-18,,1237.679,932.61,84035.8003,40576.8676,1074.02,10815.0831,43249.3824,38892.9996,36.9346,1061.02,1238.1802,1231.528,1684.0931,65557.622,38628.2337,1329.506,12331.323,842.73,9069.347
2020-02-19,,1233.059,924.2,82855.5938,40422.181,1074.02,10718.4462,42959.9688,38767.1764,36.668,1059.22,1227.2539,1228.387,1677.8491,64841.3833,38601.6989,1326.9479,12310.805,836.51,9069.347
2020-02-20,,1233.059,916.34,81521.4271,40217.8093,1068.52,10617.6,42879.96,38600.7931,36.4984,1056.3,1227.5948,1223.9709,1669.9969,64645.3272,38553.1436,1320.9873,12310.805,837.88,9069.347
2020-02-21,,1233.059,915.82,80863.3143,39957.3278,1068.52,10555.8096,43008.9558,38489.0485,36.5832,1054.22,1227.9496,1219.9028,1664.2539,64680.9406,38494.3,1316.7039,12310.805,837.51,8241.379
2020-02-24,,1227.735,898.73,79824.156,39937.8254,1060.69,10420.5823,42205.5519,38520.4021,35.226,1054.53,1190.4819,1220.5681,1665.0523,63283.1255,38389.3576,1318.7597,12208.215,817.35,8241.379
2020-02-25,,1227.735,886.19,79126.4991,39989.633,1060.63,10373.6375,41836.5055,38564.0922,34.8564,1054.99,1170.1283,1221.3695,1667.0513,62576.7944,38410.6654,1321.0744,12054.33,803.4,8241.379
2020-02-26,,1224.193,875.99,78250.7735,39952.3084,1060.02,10301.7416,41522.7184,38540.8514,34.293,1055.6,1150.5992,1220.5766,1666.6778,61719.5769,38319.1005,1319.2276,12208.215,793.2,8241.379
2020-02-27,,1224.193,866.86,76621.1956,39804.9415,1058.99,10111.7657,41169.2675,38333.4762,33.4447,1054.17,1136.4485,1218.4959,1662.1264,60549.3662,38237.5792,1316.4816,12208.215,786.9,8241.379
2020-02-28,,1224.193,837.08,75016.9507,39669.3077,1058.99,9927.7141,40179.4465,38133.2538,32.6692,1049.61,1081.8148,1217.7724,1658.6845,59178.9528,37913.9304,1307.065,12054.33,759.75,8241.379
2020-03-02,,1224.193,858.57,75663.5587,39655.8545,1058.99,9916.4987,41242.6131,38113.9492,34.6565,1047.32,1122.4524,1216.8017,1655.4084,60240.1907,37827.6502,1309.1394,12003.035,781.83,8241.379
2020-03-03,,1223.388,862.68,75763.5335,39686.3475,1054.09,9929.4462,41540.7453,38008.8114,34.1839,1044.93,1127.9812,1218.8622,1656.8798,61172.6497,37942.227,1312.4815,12033.812,784.37,8241.379
2020-03-04,,1222.894,865.18,75697.8285,39940.2587,1055.13,9927.2938,41676.9446,37779.4779,34.8625,1045.96,1146.2243,1222.9781,1660.0934,61678.5753,37918.6878,1315.7178,12033.812,796.91,8241.379
2020-03-05,,1226.004,856.58,75198.8323,40042.7616,1061.1,9862.3982,41552.627,38269.939,33.1176,1047.87,1136.023,1224.8343,1662.3593,61160.6197,37946.376,1318.9183,12043.343,790.08,8241.379
2020-03-06,,1226.004,840.35,74150.7746,40143.1826,1063.24,9736.2429,40877.6915,38369.3705,33.0691,1048.54,1113.0862,1227.7406,1664.2521,59979.805,37951.9288,1320.2068,12043.343,774.97,8241.379
2020-03-09,,1226.004,808.31,72412.8606,40375.6068,1066.93,9448.9758,39821.8927,38511.13,31.1909,1051.29,1052.8309,1231.5516,1670.5093,57654.1864,37906.3856,1325.8652,12043.343,740.99,8241.379
2020-03-10,,1226.004,821.05,72770.7965,40321.4713,1066.93,9482.1276,40047.561,38461.867,31.9058,1050.31,1070.8549,1231.2608,1669.7682,58157.5353,37835.6378,1325.5073,12043.343,749.15,8241.379
2020-03-11,,1234.277,806.14,72216.9938,40309.2076,1070.37,9347.3115,39646.7645,38453.2542,30.3547,1049.79,1053.3694,1231.3809,1669.6543,57305.6981,37729.2731,1324.3496,12043.343,733.01,8241.379
2020-03-12,,1216.262,751.08,68139.5455,39829.8761,1067.79,8972.7729,37935.991,38052.146,27.5192,1041.27,984.065,1225.2093,1660.3694,53723.454,36804.6904,1320.2946,11713.505,688.65,8241.379
2020-03-13,,1216.262,763.55,68556.3654,39707.1228,1064.0,8950.636,38224.797,38011.6704,28.4523,1040.56,1000.2049,1223.1434,1656.0263,54009.2348,36854.983,1317.7312,11713.505,691.44,8241.379
2020-03-16,,1216.262,664.68,65123.5812,39890.9026,1060.5,8435.6225,34640.3256,38103.4668,24.5988,1043.36,870.0742,1227.0132,1662.941,48969.9499,36527.4524,1323.0848,11284.905,610.56,8241.379
2020-03-17,,1216.262,666.77,63266.2788,39648.699,1063.25,8366.5286,35049.9534,38074.7249,25.6167,1044.46,872.7498,1227.919,1659.5673,47344.4192,36115.6172,1322.9434,11374.845,614.82,8241.379
2020-03-18,,1216.262,593.62,58921.2253,38728.9984,1058.31,7976.2832,31561.0746,37522.1563,21.6179,1037.14,734.6523,1217.4266,1633.8172,42741.9335,35549.0951,1314.3034,11046.157,550.13,8241.379
2020-03-19,,1216.262,617.25,58524.481,38263.3897,1048.05,7863.5565,32499.4294,37159.4986,23.3628,1034.05,767.377,1211.7862,1613.8193,43583.1253,35196.1451,1293.3958,10725.43,575.6,8241.379
2020-03-20,,1192.38,625.16,58887.432,37801.8301,1041.0,7883.748,32446.7255,36695.4997,23.0236,1024.28,767.1529,1206.7059,1596.8651,44113.0563,34631.6584,1281.4851,10566.774,579.48,8241.379
2020-03-23,,1192.38,594.38,58123.2264,37544.1935,1030.0,7709.6421,31609.397,36453.9322,22.0178,1021.14,733.7458,1203.7085,1583.9644,42382.6098,34617.0064,1275.779,10279.758,558.16,8241.379
2020-03-24,,1192.38,585.05,57721.8306,37472.5411,1030.0,7705.6642,31199.0706,36392.2778,22.9024,1019.41,736.2744,1201.917,1580.574,42315.3752,33831.862,1275.0637,10279.758,555.57,8241.379
2020-03-25,,1195.167,601.95,57313.675,37468.9152,1025.04,7606.8124,32602.218,36374.9538,24.2353,1018.49,806.8005,1201.9686,1580.0223,43000.8174,33110.3841,1275.6716,10070.023,586.41,8241.379
2020-03-26,,1195.167,633.21,57913.0011,37501.193,1025.04,7690.0209,33767.0691,36289.7716,25.641,1008.64,842.0857,1199.0298,1572.1627,45187.0849,33306.4035,1275.9644,9781.171,610.26,8241.379
2020-03-27,,1195.167,630.6,56942.1595,37557.1402,1025.04,7657.3006,33569.8016,36236.6442,24.8412,1005.23,850.255,1199.3019,1568.288,44834.6026,33181.2647,1277.8058,9780.935,615.8,8241.379
2020-03-30,,1195.167,633.4,57084.4725,37431.0233,1026.96,7785.5822,33796.6621,36164.0627,24.8897,1005.13,872.7441,1198.7879,1562.8201,46073.5989,33081.3939,1274.7132,9780.935,631.89,8241.379
2020-03-31,,1195.167,669.49,58991.9615,37457.7278,1026.96,7989.1607,35088.9901,36151.16,26.2711,1006.01,920.5046,1199.2572,1562.1826,48203.4734,33116.7341,1276.1443,9776.831,664.21,8241.379
2020-04-01,,1219.402,660.45,58380.8295,37757.8675,1032.28,7973.6821,34746.0811,36347.523,25.5198,1007.74,892.2543,1204.8393,1570.0919,47587.4398,33126.0698,1280.8425,9781.961,652.89,8241.379
2020-04-02,,1184.348,690.29,59479.5785,37856.5303,1032.28,8096.7816,35428.2853,36411.8723,26.7558,1007.71,930.1832,1206.0907,1569.511,49324.854,33147.6351,1281.618,9781.961,676.64,8241.379
2020-04-03,,1207.718,705.34,59983.3826,38109.5869,1037.66,8169.5643,36142.7813,36265.6419,26.9436,1003.7,968.1479,1206.1976,1564.1893,50538.4346,33357.7567,1282.4517,9982.011,688.26,8241.379
2020-04-06,,1207.718,733.16,61830.1143,37916.6644,1037.66,8291.8278,37113.5393,36118.4129,28.1009,1001.73,985.032,1205.9727,1555.0337,51946.0965,33307.9491,1280.0307,10259.004,695.35,8241.379
2020-04-07,,1207.718,740.72,64062.9669,38072.2737,1046.0,8424.9923,37114.424,36134.2627,27.6283,1001.5,978.6683,1206.0438,1554.1502,51972.4693,33408.8697,1279.6103,10510.35,693.63,8241.379
2020-04-08,,1206.127,768.89,67238.875,38365.5034,1046.8,8615.4424,38081.7399,36062.3344,28.6643,999.2,1008.977,1206.8362,1560.3539,52232.4222,33578.1117,1276.9245,10771.954,702.6,8241.379
2020-04-09,,1214.35,783.22,69293.3868,38674.1021,1046.94,8811.0175,39095.4853,36145.4634,29.252,1002.14,1020.2355,1208.5702,1566.678,53346.5824,33816.1276,1279.4242,10618.069,713.45,8241.379
2020-04-10,,1214.35,783.15,69291.3074,38679.2394,1046.94,8810.6966,39093.1885,36152.1636,29.252,1002.26,1020.1769,1208.7149,1566.9183,53344.0248,33822.9599,1279.5404,10618.069,713.41,8241.379
2020-04-13,,1214.35,797.28,69784.4156,38757.4,1052.55,8863.4056,39356.0906,36226.9006,29.3247,1002.02,1025.087,1208.1338,1568.1298,53532.3479,33899.6397,1279.416,10648.846,722.26,8241.379
2020-04-14,,1214.35,825.82,71113.6073,38829.686,1052.55,8943.9617,40068.9972,36394.0106,29.5913,1008.81,1033.1677,1210.0691,1574.3786,54670.8474,34006.1652,1281.0553,10701.167,731.6,8241.379
2020-04-15,,1214.35,811.41,70284.2083,38687.8615,1051.82,8913.9097,39552.0004,36376.7,28.9612,1007.28,1021.7727,1206.8319,1570.0816,54328.3321,34562.9091,1279.0574,10771.954,719.2,8241.379
2020-04-16,,1214.35,799.08,69743.9324,38703.043,1051.44,8860.1385,39077.6267,36322.0292,28.6825,1006.01,1008.6553,1207.7387,1568.8084,53399.3834,34537.3701,1279.2765,10771.954,706.95,8241.379
2020-04-17,,1212.025,805.72,71138.75,38849.0896,1058.0,8932.308,39603.4071,36403.2295,28.937,1011.91,1019.3172,1210.1145,1573.5549,53867.9852,34664.9697,1281.046,10925.839,709.66,8241.379
2020-04-20,,1213.615,788.34,70751.3604,38829.0081,1057.0,8911.4614,39003.23,36415.3649,28.3917,1017.3,1007.5237,1209.9839,1574.4759,53035.7672,34629.5728,1280.2835,10878.648,700.35,8241.379
2020-04-21,,1213.615,761.95,68867.1154,38808.6214,1057.0,8788.1446,37988.21,36429.9376,27.5556,1018.0,987.5188,1210.0369,1574.3288,51580.7562,34551.427,1280.0715,10874.544,681.46,8241.379
2020-04-22,,1211.431,765.29,69006.1311,38823.1423,1057.0,8793.5482,37839.1918,36520.6981,27.81,1018.35,995.1192,1210.4024,1574.6576,51781.9592,34981.3851,1281.6388,10874.544,686.15,8241.379
2020-04-23,,1213.464,768.73,68919.2806,38932.2267,1056.15,8818.7735,38374.6838,36545.4648,28.1614,1021.12,1014.8761,1214.3361,1579.1086,52215.078,34889.0013,1285.438,10925.839,698.34,8241.379
2020-04-24,,1216.232,750.91,66944.192,39000.8139,1056.15,8850.028,37821.5463,36706.8029,27.8343,1023.57,1012.2298,1215.9833,1580.3388,51842.4027,34567.042,1275.039,10629.149,686.54,8241.379
2020-04-27,,1219.926,780.77,67711.8817,39005.2575,1058.21,8848.539,38682.5266,36805.6346,28.8037,1025.32,1036.6036,1218.7401,1578.9404,52875.3205,34538.8308,1276.1651,10618.069,713.45,8241.379
2020-04-28,,1219.805,793.44,68702.3476,39013.1761,1059.79,8966.0905,39407.6752,36815.9485,30.2214,1026.27,1054.0832,1219.0927,1580.0085,54153.0359,34627.3885,1277.0592,10618.069,728.81,8241.379
2020-04-29,,1220.821,812.76,69420.7407,39020.1245,1060.81,9071.0382,40464.635,36818.3305,31.1181,1026.45,1087.4967,1220.7001,1578.6777,55757.9254,34560.2703,1271.3691,10618.069,751.42,8241.379
2020-04-30,,1222.935,799.44,68827.444,39109.4251,1061.2,9103.4077,40390.6869,36629.9474,30.5001,1027.42,1083.3593,1222.4091,1580.0964,55425.7744,34613.8458,1273.9905,10618.069,748.25,8241.379
2020-05-01,,1222.935,799.37,68825.5038,39120.5614,1061.2,9103.0985,40388.469,36636.8427,29.864,1027.54,1083.2848,1222.5499,1580.3558,55423.0739,34566.775,1274.0809,10618.069,748.21,8241.379
2020-05-04,,1222.935,769.5,66928.9896,39142.1141,1063.69,9072.0314,39382.26,36658.5986,29.9185,1028.35,1040.5211,1223.2614,1582.6631,54253.3353,34493.6282,1275.4196,10618.069,723.42,8241.379
2020-05-05,,1222.935,788.33,67838.4572,39155.8878,1064.61,9124.6939,40050.2352,36508.4251,30.2457,1028.66,1070.7626,1224.9366,1581.0865,55097.1648,34568.6985,1276.6704,10720.659,738.06,8241.379
2020-05-06,,1222.935,794.23,68482.4527,39151.6651,1064.91,9209.7215,40390.612,36172.4617,30.2699,1026.5,1097.6919,1225.1173,1579.8386,56068.1725,34390.0176,1277.2344,10710.4,743.41,8241.379
2020-05-07,,1222.935,802.56,69313.0844,39187.8682,1067.08,9277.8789,40962.1687,36221.8718,30.8152,1024.51,1122.5331,1226.4237,1580.3888,56821.7234,34131.6781,1278.5674,10720.659,752.78,8241.379
2020-05-08,,1230.956,772.92,68834.0349,39262.0127,1067.6,9251.1567,40011.1359,36399.5239,30.6577,1027.31,1072.7855,1229.3201,1585.253,55658.3037,34324.4512,1281.9631,10720.659,722.24,8241.379
2020-05-11,,1230.956,762.81,67737.8952,39312.1672,1069.78,9173.8165,39894.4138,36496.8715,29.7549,1028.51,1070.2832,1231.6461,1590.2572,54503.0212,34299.2492,1284.48,10720.659,721.91,8241.379
2020-05-12,,1230.956,743.01,66911.6089,39387.7278,1070.95,9101.1034,39365.2867,36544.3962,29.3732,1029.95,1053.5641,1235.798,1594.4814,54073.8004,34156.4074,1288.1153,10720.659,709.2,8241.379
2020-05-13,,1237.87,708.25,64261.4787,39431.0863,1072.46,8856.6939,38042.7793,36399.9557,28.428,1030.12,1029.0981,1237.3826,1595.6024,51581.4188,34135.2298,1288.5263,10562.527,687.09,8241.379
2020-05-14,,1237.87,711.32,63555.3224,39454.1349,1073.18,8785.8462,38321.585,36355.5094,28.7916,1029.73,1037.1895,1237.5768,1595.7472,51736.0319,34167.106,1288.3308,10562.527,694.39,8241.379
2020-05-15,,1238.041,714.1,63792.6043,39502.4702,1073.82,8828.2243,38281.197,36253.1606,28.0766,1031.09,1024.1814,1238.9864,1597.0301,52112.3688,33757.7048,1291.8261,10566.774,692.5,8241.379
2020-05-18,,1238.041,735.72,65402.3904,39393.1165,1073.82,8941.8653,39358.8886,36328.8013,29.7367,1032.84,1069.0383,1242.5845,1594.8296,53470.7786,33711.5909,1296.4583,10556.515,716.0,8241.379
2020-05-19,,1238.041,735.96,66080.2195,39460.3705,1079.63,8928.1954,39249.5699,36410.6471,29.5307,1034.7,1061.8941,1246.0481,1598.1855,53290.0219,33544.1421,1302.0815,10577.033,710.48,8241.379
2020-05-20,,1246.465,757.78,68252.8546,39578.1347,1080.51,9074.5917,39454.6087,36532.9218,30.1609,1035.77,1079.0811,1249.3449,1603.2538,53324.5136,33569.8938,1307.1856,10577.033,719.21,8241.379
2020-05-21,,1246.465,757.71,68251.0377,39579.6728,1080.51,9074.5917,39453.0636,36536.396,30.0276,1035.84,1078.9982,1249.3591,1603.3754,53321.9442,33612.0509,1308.6043,10577.033,719.17,8241.379
2020-05-22,,1246.465,758.23,68558.142,39239.1199,1082.23,9099.3382,39276.6685,36615.5836,29.7125,1036.73,1071.1796,1252.0737,1595.9508,53031.2484,33620.809,1312.4444,10515.479,709.62,8241.379
2020-05-25,,1255.996,769.04,68614.7883,39345.8507,1084.04,9171.3283,39524.8762,36709.5078,29.7125,1033.7,1082.9683,1254.394,1601.44,53238.3777,33654.9138,1314.1448,10577.033,718.18,8241.379
2020-05-26,,1255.996,768.1,69159.6353,39199.8847,1084.8,9157.2854,39300.0355,36670.5413,29.761,1033.81,1082.1158,1254.1851,1598.8354,53438.2536,33862.1655,1307.2901,10577.033,720.06,8241.379
2020-05-27,,1255.996,754.47,69313.1397,38890.9866,1084.85,9158.7112,39651.0552,36192.6956,29.4459,1027.43,1088.1202,1249.7356,1583.9699,53204.3228,33847.175,1301.0517,10648.846,729.21,8241.379
2020-05-28,,1255.996,732.8,68290.7719,39084.2268,1080.72,9146.8788,38954.1848,36339.7323,29.1066,1028.34,1052.2741,1253.6846,1584.7996,52493.6348,33897.3346,1304.5197,10671.067,706.58,8241.379
2020-05-29,,1253.973,722.92,67518.4961,39088.7055,1083.92,9069.1058,38692.1483,36450.058,28.9491,1028.06,1047.167,1255.332,1576.1621,51759.7826,33911.3861,1307.3678,10671.416,702.09,8241.379
2020-06-01,,1274.049,730.79,68371.1254,39054.4875,1085.42,9100.7853,38971.0337,36480.5332,29.9306,1027.5,1060.9036,1253.695,1573.4456,52646.5485,33991.7034,1306.1677,10671.416,711.28,8241.379
2020-06-02,,1274.049,741.05,68978.7965,39084.5304,1085.04,9217.6767,39378.1722,36555.7905,30.9727,1029.22,1082.5607,1256.4371,1574.2394,53353.9892,33985.7727,1303.2424,10671.416,720.12,8241.379
2020-06-03,,1274.049,767.99,70546.7319,39070.6385,1086.24,9360.2806,40129.1476,36410.892,31.7846,1027.84,1114.0591,1253.5902,1570.5692,54562.3615,33940.7358,1292.1792,10693.986,737.18,8241.379
2020-06-04,,1274.049,784.68,72200.4046,38922.0303,1083.07,9404.848,40581.1903,36215.0485,32.1542,1025.09,1140.1488,1248.6782,1567.04,55094.8175,34041.2376,1284.3734,10616.028,745.06,8241.379
2020-06-05,,1274.049,821.23,75622.7974,37718.2661,1083.07,9703.7112,42210.8043,36067.0677,34.0506,1023.04,1211.3268,1244.4684,1562.0914,57628.0721,34148.7848,1277.6983,10616.028,773.15,8241.379
2020-06-08,,1274.049,846.05,77322.4279,38756.9533,1074.6,9882.0827,43343.7862,35872.4211,34.705,1022.01,1253.5553,1240.3934,1557.4801,59169.3304,34159.7817,1272.2884,10616.018,791.17,8241.379
2020-06-09,,1274.049,847.92,77687.985,38851.57,1071.32,9914.6662,43354.8144,35924.7765,34.3536,1023.5,1254.7597,1240.3702,1561.5361,59175.7769,34167.8028,1275.3422,10616.018,790.94,8241.379
2020-06-10,,1274.049,828.63,77113.0347,39011.7867,1071.04,9928.003,42712.4509,36279.2215,33.8567,1031.77,1220.9807,1243.3844,1569.7129,59095.8574,34211.9307,1281.5656,10616.018,779.49,8241.379
2020-06-11,,1237.278,802.9,75260.0902,39069.018,1072.88,9732.5101,41707.9804,36407.025,31.6513,1039.99,1158.8445,1242.6275,1575.8349,57006.55,34173.3762,1283.0118,10616.018,760.88,8241.379
2020-06-12,,1237.278,809.75,75698.6111,38955.0035,1072.58,9812.6645,42259.2738,36411.5828,32.3299,1042.1,1185.1962,1243.0433,1578.4079,57664.246,34120.5775,1282.4744,10854.026,763.34,8241.379
2020-06-15,,1237.278,809.73,74935.1195,39051.8105,1072.39,9735.1949,41777.6119,36471.7276,32.0218,1040.88,1165.3356,1243.0135,1580.1452,57378.6084,34176.0549,1282.235,10858.038,749.21,8241.379
2020-06-16,,1237.278,813.76,75536.305,38930.2362,1073.51,9766.0871,41909.7204,36397.2361,32.4295,1041.7,1178.9819,1241.2157,1577.6972,57767.2241,34136.6629,1282.9542,10844.311,758.65,8241.379
2020-06-17,,1237.278,825.98,75907.7086,39098.4182,1071.82,9785.4545,42263.0522,36536.139,32.2936,1044.43,1202.967,1243.8765,1581.3928,58262.9404,34215.5956,1289.4055,10844.311,768.47,8241.379
2020-06-18,,1237.278,828.78,76294.3059,39242.8111,1078.912,9826.6715,42264.0582,36816.3782,31.5153,1048.58,1204.93,1247.7717,1589.0184,58245.688,34274.9724,1300.9395,10939.176,771.0,8241.379
2020-06-19,,1237.278,838.77,76385.425,39399.545,1077.839,9949.0057,42461.7065,37033.8084,31.5523,1056.05,1227.7331,1252.9999,1597.0198,58617.9122,34390.0818,1312.8177,11164.741,778.42,8241.379
2020-06-22,,1237.278,833.05,75956.8218,39413.5806,1082.301,9940.5634,42305.874,37037.0318,31.6388,1056.34,1209.9241,1254.5179,1599.9275,58376.2102,34371.9141,1302.3935,11164.741,773.76,8241.379
2020-06-23,,1237.278,841.87,75933.4741,39471.5377,1082.101,9970.1572,42577.5999,37049.3313,31.7006,1058.28,1216.3398,1254.4882,1601.5011,58476.3809,34405.56,1302.7931,11064.336,776.24,8241.379
2020-06-24,,1237.278,846.68,75637.8033,39504.5552,1081.479,10014.1884,42654.3354,37051.6041,31.787,1058.82,1223.612,1255.0835,1603.1343,58737.5949,34139.2369,1303.2815,11038.689,777.1,8241.379
2020-06-25,,1237.278,854.34,76255.5294,39589.0099,1082.111,10037.3618,42745.3134,37087.6212,32.3183,1060.35,1226.0588,1256.5614,1608.7147,58908.2694,34077.2625,1301.813,10977.134,777.5,8241.379
2020-06-26,,1237.278,846.48,75701.2992,39619.4433,1083.113,10043.2386,42386.7274,37073.5311,31.54,1060.22,1210.5912,1255.4403,1607.8219,58738.7974,34079.9705,1297.7529,11033.559,770.93,8241.379
2020-06-29,,1237.278,846.24,75695.335,39620.1013,1083.113,10042.2738,42381.9228,37080.0416,32.1453,1060.29,1210.3115,1255.3819,1608.0346,58730.5259,34068.3346,1298.8748,11033.559,770.8,8241.379
2020-06-30,,1237.278,839.17,75749.5512,39671.3803,1082.08,10059.0224,42261.0444,37118.3979,31.1323,1062.74,1206.073,1256.9049,1610.6613,58472.5268,34096.7576,1299.1521,11059.207,765.13,8241.379
2020-07-01,,1237.278,849.67,76416.3043,39723.1816,1082.702,10070.4803,42749.2681,37197.4424,31.96,1065.37,1229.1915,1257.2322,1612.4251,58900.4866,34123.569,1299.4037,11079.725,779.16,8241.379
2020-07-02,,1237.278,887.78,78637.9323,39744.5918,1083.133,10240.4902,44114.0808,37172.4015,33.7143,1064.53,1290.7709,1257.9826,1612.4225,60735.4715,34110.3497,1296.451,11079.725,803.91,8241.379
2020-07-03,,1237.278,902.31,79682.1266,39752.05,1083.073,10357.8219,44635.7094,37195.0199,33.7143,1064.44,1307.88,1258.1705,1613.2876,61568.5014,34160.217,1297.8651,11079.725,810.18,8241.379
2020-07-06,,1237.278,922.23,81880.0458,39719.5941,1084.076,10357.8219,45675.7513,37266.3943,34.7273,1069.63,1335.891,1259.6511,1617.4802,63165.6174,34202.9745,1299.3565,11079.725,826.09,8241.379
2020-07-07,,1237.278,916.71,81497.4904,39858.0704,1084.316,10579.605,45418.1009,37540.4943,34.6038,1073.8,1327.0208,1264.1824,1624.1,62623.6407,34319.741,1306.0183,11100.243,820.38,8241.379
2020-07-08,,1237.278,897.49,80300.0379,39873.9444,1087.846,10466.6779,44673.5139,37648.1265,34.4679,1074.22,1297.3131,1264.8199,1625.0445,61754.0175,34423.7188,1309.0338,11146.624,809.01,8241.379
2020-07-09,,1237.278,859.74,77923.4259,39818.7547,1084.858,10236.0976,43232.7035,37560.591,32.9236,1073.51,1236.7686,1263.6066,1624.4343,60037.0609,34324.6673,1298.8996,11146.624,781.12,8241.379
2020-07-10,,1237.278,858.53,78163.3019,39735.9943,1084.858,10202.2077,43157.9715,37462.0182,32.6765,1070.89,1235.7859,1261.0646,1621.895,59465.5984,34242.2277,1297.2334,11221.668,779.94,8241.379
2020-07-13,,1252.207,877.76,78942.8668,39688.2565,1082.291,10270.918,43994.0133,37381.6959,33.6031,1068.9,1275.7897,1259.0201,1619.72,60769.863,34256.2404,1296.3428,11255.923,793.91,8241.379
2020-07-14,,1252.207,888.13,78711.2878,39714.6275,1081.088,10258.5649,44649.2882,37427.1575,34.3073,1069.64,1304.9869,1259.7892,1622.0572,61452.6592,34298.2825,1298.8156,11255.923,803.2,8241.379
2020-07-15,,1252.207,858.63,77014.0615,39649.5702,1079.654,10151.4129,43301.432,37317.1157,33.4796,1068.16,1246.4875,1258.8968,1620.5016,60769.656,34173.6706,1293.4704,11290.034,779.31,8241.379
2020-07-16,,1252.207,858.55,77012.0971,39649.1387,1079.654,10151.1108,43299.853,37319.0128,32.9977,1068.16,1246.3954,1258.8784,1620.5589,60766.674,34320.3726,1293.489,11290.034,779.27,8241.379
2020-07-17,,1241.961,848.03,76027.0736,39518.1195,1080.005,10039.7483,42993.7261,37105.1871,32.6642,1062.88,1226.591,1255.0237,1614.1874,59676.6581,34258.5301,1283.9561,11290.034,770.3,8241.379
2020-07-20,,1241.961,826.5,74453.9326,39411.1623,1075.122,10010.2594,42060.1153,36933.6328,32.0218,1058.42,1191.917,1250.7838,1608.7402,58911.8174,34240.0591,1279.4727,11290.034,759.79,8241.379
2020-07-21,,1241.961,812.54,74351.1128,39529.6071,1073.738,9972.2862,42064.6297,37084.3483,32.6518,1061.41,1180.6189,1253.5428,1614.7339,58464.7454,34302.9132,1283.9219,11290.034,750.7,8241.379
2020-07-22,,1241.961,827.24,74963.7388,39524.6933,1076.776,9998.5663,42495.9198,37103.6274,33.1831,1061.54,1212.8753,1253.3267,1614.2146,58924.4141,34322.6917,1288.8745,11415.276,758.91,8241.379
2020-07-23,,1241.961,839.17,75729.7122,39600.7623,1075.874,10019.0019,42862.0095,37270.276,33.6649,1065.39,1229.0429,1257.3671,1618.7952,59609.3318,34401.3153,1296.6811,11415.276,764.05,8241.379
2020-07-24,,1241.961,857.4,76804.3284,39731.6273,1079.494,10093.0964,43304.2793,37379.6863,33.7019,1068.77,1249.1123,1261.4016,1621.9276,59826.423,34599.8274,1302.713,11348.551,772.01,8241.379
2020-07-27,,1241.961,871.73,77589.5045,39654.2882,1077.899,10164.6018,43875.0405,37349.0767,34.2208,1073.3,1275.3225,1259.5771,1620.7407,60564.1524,34807.1209,1304.9881,11284.905,782.79,8241.379
2020-07-28,,1241.961,868.65,76770.5931,39699.2772,1077.839,10163.1642,43863.9866,37476.0493,34.4679,1076.95,1272.1221,1262.0027,1628.173,60782.2692,34874.7043,1305.3003,11290.034,780.38,8241.379
2020-07-29,,1241.961,853.29,75884.6714,39754.6751,1078.561,10081.5304,43386.5625,37466.629,34.1837,1075.62,1250.0217,1261.3826,1628.4852,59858.183,34911.3851,1308.2098,11284.905,765.77,8241.379
2020-07-30,,1241.961,842.14,74819.1493,39714.9092,1079.995,10042.0509,42988.8454,37564.4103,33.5537,1075.28,1236.9309,1260.5541,1626.6836,59215.7184,35000.3683,1304.7723,11295.164,760.05,8241.379
2020-07-31,,1241.961,859.66,75301.718,39747.4069,1080.205,10053.6124,43449.6066,37626.4082,33.7513,1076.69,1259.6973,1261.5989,1628.5033,59543.1883,35081.752,1308.5307,11182.315,773.09,8241.379
2020-08-03,,1241.961,852.93,76143.8264,39760.0477,1079.644,10063.4048,43085.2187,37632.1743,33.5537,1077.82,1246.0505,1262.1581,1628.7738,59314.2174,35107.7033,1309.621,11182.315,759.09,8241.379
2020-08-04,,1241.961,844.61,75841.5751,39804.06,1078.631,10146.9004,42811.7111,37676.023,33.1089,1078.76,1239.2405,1263.0576,1637.801,59120.7261,35172.6497,1311.0042,11366.977,757.73,8241.379
2020-08-05,,1241.961,845.82,75914.9732,39878.5751,1080.446,10088.1477,42812.4971,37772.0043,32.6642,1082.24,1246.4939,1265.2485,1640.3338,58634.0366,35220.4106,1314.6525,11385.443,756.61,8241.379
2020-08-06,,1258.506,851.71,76340.0393,39883.2857,1080.907,10079.3833,43163.9886,37763.042,33.0225,1083.2,1255.9582,1264.7754,1640.0575,58815.3852,35274.9235,1314.1429,11366.977,760.56,8241.379
2020-08-07,,1258.506,857.87,76458.9101,39937.865,1081.098,10034.404,43167.9424,37773.7224,32.7136,1083.27,1266.6238,1266.0215,1641.9854,59291.6637,35395.4519,1312.8748,11387.495,764.27,8241.379
2020-08-10,,1258.506,856.87,76520.4659,40010.2916,1083.665,10090.4241,43274.5765,37842.2383,32.0712,1087.53,1275.8202,1267.9256,1645.0953,59232.8082,35554.4312,1317.3368,11387.495,760.56,8241.379
2020-08-11,,1241.624,866.32,76792.7757,40034.7367,1084.587,10085.7752,43466.6637,37818.1995,32.5159,1086.89,1291.6888,1269.9632,1646.6296,59342.1859,35678.0881,1313.2386,11500.344,763.5,8241.379
2020-08-12,,1241.624,872.01,77198.4241,40043.5231,1085.951,10101.5435,43770.5593,37901.1323,32.8248,1091.13,1310.7071,1270.2129,1647.317,59336.6933,35959.8222,1315.4736,11500.344,771.39,8241.379
2020-08-13,,1241.624,874.78,76973.7657,40067.8169,1085.379,10121.4688,43648.0026,37904.4252,32.6395,1090.47,1300.2868,1270.674,1647.3497,59333.6751,35939.6222,1316.6814,11500.344,768.25,8241.379
2020-08-14,,1241.624,877.5,77020.9023,40089.3745,1085.951,10147.5298,43794.0154,37921.4701,32.4912,1091.5,1310.9665,1272.3552,1648.8486,59129.4436,35956.9567,1318.489,11500.344,770.07,8241.379
2020-08-17,,1241.624,879.92,77254.2582,40123.0161,1087.936,10144.6748,44001.3263,37971.937,32.3553,1093.45,1319.7112,1273.0579,1650.5374,59304.5042,35975.7055,1318.4319,11500.344,775.45,8241.379
2020-08-18,,1241.624,873.54,77114.6915,40110.8948,1089.129,10136.7431,43801.8908,37951.1913,32.763,1094.68,1312.3559,1273.6146,1651.2117,59298.2614,35980.1938,1317.4394,11490.085,772.35,8241.379
2020-08-19,,1241.624,867.42,76805.9128,40199.4162,1089.52,10097.3463,43568.9961,38022.683,32.726,1096.2,1307.273,1275.9654,1653.714,59106.0702,35996.0917,1324.5495,11490.085,766.96,8241.379
2020-08-20,,1241.624,861.79,76794.4898,40237.1971,1091.746,10092.0944,43277.9081,38066.6168,32.7754,1096.97,1296.322,1276.8354,1654.8072,58612.9973,35913.4507,1325.1836,11525.837,762.97,8241.379
2020-08-21,,1241.624,861.82,76689.3748,40311.6205,1092.99,10084.0478,43249.7074,38051.2103,32.5901,1100.68,1301.6297,1279.1619,1659.7223,58830.2241,35994.3742,1326.4062,11490.085,765.35,8241.379
2020-08-24,,1241.624,857.3,77056.5507,40371.2072,1094.544,10123.9042,43041.202,38146.4072,32.8495,1101.93,1290.6146,1282.635,1664.0881,58578.6766,36013.8024,1334.5537,11490.085,761.47,8241.379
2020-08-25,,1241.624,840.8,75994.6506,40481.8214,1094.664,10014.898,42332.3436,38311.7509,32.2318,1104.16,1263.5522,1285.8146,1669.6711,57759.6687,36032.9178,1337.6441,11515.732,749.65,8241.379
2020-08-26,,1241.624,833.65,75429.7206,40568.0989,1098.144,9996.466,41889.3726,38430.7206,31.9106,1106.48,1248.2854,1289.0418,1674.3635,57148.3733,36079.5374,1342.4575,11525.991,743.33,8241.379
2020-08-27,,1241.624,838.67,75608.8513,40646.2944,1099.387,9965.8411,42243.7017,38541.297,31.8982,1110.95,1269.2568,1290.2969,1677.3273,57006.5849,36117.3019,1344.2939,11541.38,744.52,8241.379
2020-08-28,,1241.624,837.84,75865.1854,40617.999,1100.37,9986.4116,42169.2068,38497.9201,32.2194,1110.34,1258.559,1289.4859,1675.5765,57360.183,36093.0431,1342.1882,11541.38,741.17,8241.379
2020-08-31,,1282.975,840.57,75858.2025,40619.4143,1099.728,10020.6101,41408.5826,38480.4361,31.3176,1110.56,1216.7408,1289.3042,1675.6817,56141.4794,35947.473,1343.0159,11541.38,726.7,8241.379
2020-09-01,,1282.975,811.48,74870.398,40643.1265,1100.811,9921.7709,41142.515,38495.6457,31.1817,1111.32,1207.4545,1289.8317,1675.6278,55631.2761,35907.3212,1343.5413,11541.38,720.37,8241.379
2020-09-02,,1282.321,822.75,74836.9114,40642.2779,1100.881,9875.7722,41708.7536,38474.149,31.9477,1110.79,1241.4513,1290.1363,1675.7696,55910.3828,35882.7188,1342.6691,11540.354,729.38,8241.379
2020-09-03,,1282.249,829.87,75090.4698,40621.297,1101.021,9933.2164,42025.0552,38439.8675,31.7006,1110.29,1248.0884,1290.2664,1675.7679,56632.2681,35886.5309,1341.7046,11540.354,734.07,8241.379
2020-09-04,,1282.249,819.65,74822.3869,40637.193,1100.159,9907.831,41655.0187,38486.0216,31.7994,1111.32,1235.8528,1291.5625,1677.2679,56499.4935,36105.8654,1341.3664,11540.354,726.78,8241.379
2020-09-07,,1282.249,827.32,74976.9265,40592.4118,1100.991,9911.2419,42063.7309,38421.6165,31.7994,1111.38,1249.8039,1291.2029,1677.1844,56634.0658,36120.4153,1341.6588,11541.38,733.78,8241.379
2020-09-08,,1282.249,822.8,74734.3516,40585.6129,1100.149,9885.62,41823.2672,38380.0637,31.75,1111.67,1242.8872,1291.1968,1677.7312,56390.5923,36166.7558,1341.1124,11540.354,728.47,8241.379
2020-09-09,,1280.327,808.28,73932.3057,40542.9147,1099.959,9825.9656,41382.5046,38307.0862,31.6141,1109.89,1216.2285,1289.2979,1674.7293,56017.9918,36158.7094,1337.8661,11623.452,719.22,8241.379
2020-09-10,,1280.327,795.54,73598.157,40454.1121,1098.956,9752.5026,40702.418,38233.1673,30.5146,1108.77,1187.7878,1287.8211,1672.2754,54880.6815,36120.9163,1334.2679,11628.581,705.91,8241.379
2020-09-11,,1280.327,793.52,73129.9711,40353.9255,1098.023,9741.3258,40881.0488,38134.8243,31.0211,1105.96,1193.3943,1284.8447,1668.5985,54480.055,36036.2416,1330.8819,11728.032,705.31,8241.379
2020-09-14,,1280.327,796.43,73251.2508,40375.3784,1097.372,9735.1794,40866.6878,38198.0688,31.2682,1107.18,1198.4206,1283.6359,1669.8417,54842.036,36113.6451,1333.9204,11651.151,705.89,8241.379
2020-09-15,,1280.327,797.84,73133.9141,40359.4846,1095.848,9728.8818,40898.9895,38140.95,31.5647,1104.43,1203.354,1282.3604,1668.4252,54610.4744,36103.0329,1332.6058,11651.151,706.35,8241.379
2020-09-16,,1273.261,796.13,73076.8243,40332.2257,1094.955,9720.0212,40828.9088,38138.6112,31.3299,1103.62,1205.2805,1281.2812,1667.4071,54452.5438,35987.8642,1333.3224,11687.376,705.57,8241.379
2020-09-17,,1254.937,807.36,73189.4793,40322.8756,1093.601,9681.6876,40692.4016,38107.6215,31.1941,1102.93,1201.3395,1281.167,1666.8935,54526.9289,35963.9893,1333.852,11687.376,705.67,8241.379
2020-09-18,,1254.937,807.28,73187.5276,40324.8492,1093.601,9681.3752,40690.9215,38111.0273,30.6875,1103.01,1201.2556,1281.2033,1667.0205,54524.2688,35941.0172,1333.97,11687.376,705.63,8241.379
2020-09-21,,1254.937,789.85,72411.6615,40343.7454,1093.291,9590.2965,39831.3919,38151.8734,30.4405,1104.19,1165.0325,1282.3198,1668.9858,53719.4829,35973.5712,1336.2097,11687.376,689.96,8241.379
2020-09-22,,1254.937,787.39,72270.9821,40319.8328,1094.043,9584.1274,39771.7642,38120.1716,29.9216,1103.39,1165.7559,1281.7943,1667.839,53674.1663,35925.329,1334.7477,11580.046,688.6,8241.379
2020-09-23,,1254.937,767.21,71001.0145,40299.7003,1094.494,9503.0799,38736.6495,38130.3323,28.5626,1110.15,1120.0618,1281.8747,1669.438,52685.6348,36238.8141,1342.1495,11592.675,673.47,8241.379
2020-09-24,,1254.937,783.16,71687.7134,40208.4691,1093.371,9446.2025,39423.4811,37997.6281,29.3409,1107.66,1144.7047,1279.7107,1665.6731,52899.1271,36244.211,1337.8069,11730.145,684.71,8241.379
2020-09-25,,1271.431,778.64,71022.6627,40141.5277,1093.431,9458.3977,39316.8283,37939.3913,29.1927,1105.96,1152.207,1276.925,1662.7373,53246.814,36200.8005,1334.7276,11730.145,686.12,8241.379
2020-09-28,,1269.59,770.75,70767.9727,40027.0409,1090.062,9480.8074,39327.5881,37854.5467,29.4768,1103.76,1149.7195,1275.0928,1659.3924,53192.1278,36157.7433,1332.1942,11730.145,685.24,8241.379
2020-09-29,,1269.59,756.96,69447.7731,39948.527,1088.558,9441.7709,38957.4129,37843.2808,29.0321,1102.31,1133.6415,1273.0576,1657.9207,52250.519,36133.9551,1331.7852,11709.627,678.23,8241.379
2020-09-30,,1269.59,763.55,69492.254,39942.6152,1087.194,9499.6357,39510.0371,37906.282,29.761,1102.93,1156.2506,1271.4035,1655.2189,52881.8504,36070.0455,1328.5541,11709.627,688.46,8241.379
2020-10-01,,1264.161,767.56,69304.4927,39968.1113,1088.247,9497.893,39531.9573,37915.7898,29.6745,1103.46,1158.5501,1272.2487,1656.558,53198.2311,36080.3994,1332.4409,11709.627,688.7,8241.379
2020-10-02,,1264.161,774.21,69468.701,40066.711,1088.407,9476.0276,39635.3089,38035.6363,29.7116,1104.82,1169.4543,1273.7631,1658.658,53100.9252,36126.5298,1336.2582,11709.627,693.87,8241.379
2020-10-05,,1264.161,766.75,69536.089,40101.8166,1089.039,9481.2238,39452.4455,38078.8715,29.8351,1106.02,1169.5381,1275.4188,1660.6813,52974.1249,36134.0991,1340.8054,11490.085,691.62,8241.379
2020-10-06,,1264.161,755.91,69188.3196,40111.7296,1089.039,9450.1892,39066.0383,38087.88,29.1186,1106.44,1149.0216,1276.0883,1661.5395,52499.5991,36152.9122,1339.2696,11692.29,683.75,8241.379
2020-10-07,,1266.114,743.07,68303.9671,40057.3923,1088.257,9390.1516,38607.7809,38068.8708,29.0815,1106.31,1136.7309,1276.1259,1661.3919,51879.9887,36108.9427,1339.458,11705.524,676.04,8241.379
2020-10-08,,1266.114,744.1,68099.922,40165.339,1090.543,9374.7108,38941.04,38239.7134,29.3039,1108.78,1149.8678,1279.2368,1665.5064,51893.9295,36155.6794,1341.9157,11705.524,682.27,8241.379
2020-10-09,,1266.114,755.24,68822.3048,40188.9116,1091.726,9404.7872,39297.873,38291.8312,29.6992,1109.83,1162.0596,1280.0174,1666.6927,52517.1457,36131.0934,1342.6068,11705.524,685.1,8241.379
2020-10-12,,1266.114,755.02,68816.9418,40211.3291,1091.726,9403.8933,39291.455,38318.0581,29.8598,1110.4,1161.8234,1280.6472,1667.7252,52509.4819,36154.9751,1343.3151,11705.524,684.99,8241.379
2020-10-13,,1266.114,749.22,68453.3216,40250.3498,1094.203,9397.2534,39089.5115,38349.1109,29.4027,1111.18,1153.0332,1281.9963,1669.3109,52177.4059,36195.6558,1343.9037,11705.524,679.68,8241.379
2020-10-14,,1266.114,753.4,68544.0875,40246.759,1096.86,9383.7086,38981.7556,38335.8309,29.1803,1130.68,1163.2192,1281.2874,1668.7904,52390.67,36181.2555,1344.5614,11705.524,683.53,8241.379
2020-10-15,,1266.114,751.79,68212.5214,40228.9921,1096.84,9352.0805,38781.3,38323.5047,29.3286,1118.46,1163.7599,1281.1505,1668.4353,52697.4749,36166.2529,1349.802,11551.639,687.11,8241.379
2020-10-16,,1266.114,752.61,68242.0253,40215.4061,1096.83,9348.0892,38548.3888,38335.8557,29.5139,1118.36,1156.4925,1281.3051,1668.3526,52787.0286,36042.9448,1349.229,11510.603,683.6,8241.379
2020-10-19,,1266.114,740.15,67483.2629,40227.9477,1096.008,9321.542,38317.5087,38344.3977,29.6992,1116.59,1152.08,1281.746,1669.1133,52655.0311,36118.9306,1343.16,11510.603,680.35,8241.379
2020-10-20,,1266.114,750.72,67007.6642,40210.8058,1095.587,9305.8962,38577.3964,38418.1989,30.0698,1117.48,1166.6745,1281.3721,1668.7604,52840.781,36100.0384,1347.3926,11510.603,684.53,8241.379
2020-10-21,,1266.114,764.63,67869.7547,40205.6477,1094.203,9331.8184,39231.693,38401.3445,31.0087,1119.09,1205.7627,1281.1408,1668.1964,53705.1093,36129.655,1348.2918,11510.603,700.58,8241.379
2020-10-22,,1266.114,761.19,67509.6136,40235.6402,1094.815,9321.0493,39627.8974,38431.4068,31.5523,1119.62,1210.0239,1282.1167,1669.5691,54053.4354,36103.1299,1349.969,11541.38,702.2,8241.379
2020-10-23,,1266.114,763.49,67386.1441,40251.8404,1096.319,9338.2626,39581.3477,38450.979,31.5029,1119.91,1208.4537,1282.7548,1669.725,54310.9395,36076.8681,1350.2192,11541.38,704.14,8241.379
2020-10-26,,1266.114,754.23,67369.6108,40274.5867,1097.331,9330.1573,38989.458,38488.2757,30.6999,1121.02,1179.2709,1283.6034,1670.966,53600.7532,36063.0013,1351.4757,11479.908,690.87,8241.379
2020-10-27,,1266.114,746.21,67464.456,40291.6255,1098.294,9274.3374,38837.1393,38515.8664,30.5022,1121.7,1174.5398,1284.3839,1672.1805,52979.64,36189.7652,1351.529,11479.908,686.92,8241.379
2020-10-28,,1266.114,732.19,66311.4158,40294.0844,1097.803,9182.3217,38212.2346,38517.6332,29.6992,1121.89,1151.3526,1284.5707,1672.1736,51916.1486,36154.1403,1351.5871,11479.908,673.79,8241.379
2020-10-29,,1266.114,715.88,64864.469,40312.406,1099.197,9114.8073,37654.0293,38545.2515,29.6869,1122.24,1127.8797,1285.771,1673.1034,51258.1962,36136.2026,1352.4334,11815.613,663.07,8241.379
2020-10-30,,1266.114,704.18,63884.1356,40334.7225,1099.086,8985.2232,37216.5073,38548.4991,29.5263,1122.59,1109.7596,1286.7281,1674.0495,50880.0791,36130.5695,1352.3226,11490.085,652.69,8241.379
2020-11-02,,1266.114,708.15,64018.0891,40355.0679,1100.5,8978.3716,37537.6231,38575.1216,30.0081,1125.48,1118.7227,1287.1911,1675.3071,50994.1854,36200.9912,1354.4257,11387.495,656.21,8241.379
2020-11-03,,1278.302,688.19,63622.8531,40387.0037,1099.608,8977.1471,37062.5481,38620.6866,29.9834,1125.66,1098.8504,1288.3385,1677.2488,50479.6962,36169.1297,1357.0335,11490.085,646.17,8241.379
2020-11-04,,1278.302,688.01,63471.1297,40419.5868,1103.127,8884.4508,36857.9525,38674.0649,29.9463,1125.79,1098.149,1290.145,1679.2795,50171.9056,36171.7303,1359.9191,11387.495,645.77,8241.379
2020-11-05,,1278.302,719.42,63988.4207,40486.124,1103.047,8897.168,38000.1658,38725.684,31.2929,1126.31,1167.7633,1292.0572,1681.5354,51001.3666,36214.4685,1362.0507,11387.495,674.95,8241.379
2020-11-06,,1278.302,739.79,64630.1061,40611.4798,1105.253,8962.7102,38999.4114,38869.5735,32.2936,1129.21,1210.4411,1296.7223,1686.7769,52857.8892,36345.1546,1365.0542,11387.495,693.28,8241.379
2020-11-09,,1286.963,772.62,66532.9809,40628.3188,1109.865,9244.8038,40184.7169,38817.6862,33.0472,1128.11,1249.7323,1295.5963,1685.0628,54975.8416,36454.18,1362.1055,11387.495,716.47,8241.379
2020-11-10,,1286.963,785.12,66534.5467,40656.9873,1108.983,9243.8847,40540.4052,38809.6111,33.8378,1128.35,1268.0293,1296.3493,1685.337,55404.9825,36494.6477,1363.1409,11489.059,727.74,8241.379
2020-11-11,,1286.963,788.26,66374.3857,40652.6511,1109.875,9241.8679,40588.9107,38767.6744,33.8749,1127.68,1273.1122,1296.2466,1684.3678,55576.8259,36505.5341,1362.5938,11489.059,727.05,8241.379
2020-11-12,,1286.963,775.03,65484.9324,40708.902,1109.996,9110.0401,39866.8387,38774.5647,32.6518,1127.55,1263.9766,1296.3751,1684.3679,54805.7037,36527.3229,1363.794,11489.059,719.04,8241.379
2020-11-13,,1286.963,789.19,65949.6072,40723.5066,1110.758,9095.5482,41730.9886,38746.5861,33.3313,1127.76,1291.2718,1296.6689,1684.0115,55353.7288,36548.892,1363.2166,11490.085,736.08,8241.379
2020-11-16,,1286.963,799.81,66908.2598,40792.4903,1111.851,9144.6065,42211.396,38817.2941,34.0355,1131.53,1307.2324,1298.9002,1689.0783,56080.7984,36628.1367,1365.4976,11490.085,743.44,8241.379
2020-11-17,,1286.963,797.74,66963.5522,40835.6869,1114.127,9136.2611,42384.5913,38817.4374,33.7946,1131.78,1312.0895,1300.109,1689.6448,55641.8359,36643.8153,1365.2934,11363.899,745.82,8241.379
2020-11-18,,1286.963,809.25,67567.4668,40818.3714,1114.518,9231.8139,42887.974,38835.1304,34.1467,1131.32,1329.169,1299.9838,1689.1555,56264.7745,36669.5323,1363.7453,11593.967,754.13,8241.379
2020-11-19,,1286.963,796.22,67642.2907,40807.8829,1114.528,9219.2416,42616.1584,38767.3842,33.7637,1129.55,1304.9056,1299.5378,1688.098,55945.6192,36687.0813,1362.1811,11592.675,739.06,8241.379
2020-11-20,,1286.963,800.87,67889.9738,40848.004,1114.508,9256.9797,42842.8906,38786.2234,33.8008,1130.43,1316.1949,1300.722,1689.6486,56273.3225,36719.2477,1363.6592,11613.193,744.43,8241.379
2020-11-23,,1286.963,811.29,68046.2627,40945.9941,1115.039,9287.4991,43228.9214,39104.9364,34.0973,1130.55,1340.5736,1301.6144,1690.4955,56683.5804,36717.6827,1364.9743,11695.265,755.71,8241.379
2020-11-24,,1286.963,827.83,69124.5429,40987.0881,1115.681,9424.5942,43647.0445,39165.8256,34.8509,1130.97,1357.5767,1302.7053,1691.4687,57528.0449,36722.9711,1365.3667,11797.855,767.17,8241.379
2020-11-25,,1292.986,823.48,69001.8198,40972.7267,1115.881,9463.3481,43277.5726,39125.5722,34.6038,1131.65,1350.6485,1301.6487,1690.1026,57266.7676,36734.5037,1363.7415,11797.855,760.6,8241.379
2020-11-26,,1292.986,831.95,69366.8607,40970.5035,1115.881,9453.4246,43343.6085,39100.5371,34.6038,1130.96,1342.3657,1301.3385,1689.4484,56987.5255,36725.8149,1362.6257,12054.135,757.41,8241.379
2020-11-27,,1292.986,834.35,69325.3226,40974.6792,1115.721,9498.0479,43338.6621,39081.1601,34.3691,1131.32,1344.6753,1301.3278,1689.1593,57002.7664,36734.2118,1362.4966,12054.33,755.61,8241.379
2020-11-30,,1292.986,820.23,69511.5275,40969.9501,1114.929,9483.4088,42996.9699,39056.7728,33.2201,1131.92,1320.1821,1301.1542,1689.4262,56445.0058,36770.8603,1361.3695,12054.33,743.92,8241.379
2020-12-01,,1292.986,833.7,69675.4433,41096.5195,1115.24,9509.1333,43573.6281,39060.7943,34.8385,1132.29,1347.0576,1301.6558,1690.3376,57025.8161,36918.6464,1362.3876,12071.278,756.12,8241.379
2020-12-02,,1292.986,844.05,69420.781,41094.0015,1115.23,9524.0068,43745.5176,39071.7761,34.5791,1133.1,1357.6143,1301.2916,1690.4078,57546.8155,36938.8601,1360.7572,11956.869,765.09,8241.379
2020-12-03,,1292.986,850.75,69151.836,41089.3521,1115.27,9533.2776,44000.9683,39088.3728,34.8262,1132.87,1370.3779,1301.2492,1690.6458,58174.0588,36984.4703,1361.7124,11927.067,775.86,8241.379
2020-12-04,,1292.986,845.22,69023.5261,41190.4292,1115.661,9492.9599,43780.2598,39122.0439,35.7156,1134.03,1367.6754,1302.0066,1691.7126,58440.9417,37100.0293,1362.8092,11927.067,772.7,8241.379
2020-12-07,,1291.851,824.67,68188.7591,41231.5824,1114.889,9402.4329,43237.4292,39060.4418,35.0485,1131.84,1348.5525,1299.6458,1689.0401,57753.6094,37142.9216,1360.6147,11920.963,761.84,8241.379
2020-12-08,,1291.851,824.59,68186.9693,41241.1989,1114.889,9402.1452,43235.0389,39070.3138,35.4191,1132.06,1348.4651,1299.8912,1689.4321,57750.8119,37155.8472,1360.9413,11920.963,761.8,8241.379
2020-12-09,,1292.219,834.3,68467.2431,41205.2411,1114.147,9414.1343,43704.6744,39027.4308,35.4068,1131.01,1358.621,1298.7171,1687.8272,58148.4368,37098.4214,1359.9344,11920.963,767.47,8241.379
2020-12-10,,1292.219,825.57,68155.9621,41224.4855,1113.044,9414.1343,43454.7527,39057.8054,35.7404,1132.04,1345.1647,1299.2233,1688.193,57882.594,37117.096,1361.6995,11920.963,759.12,8241.379
2020-12-11,,1292.219,820.52,67968.0533,41289.7798,1111.901,9386.4159,43329.1465,39097.0573,35.4068,1131.89,1337.9068,1299.4791,1688.5629,57530.1033,37196.5102,1362.4035,11657.214,756.39,8241.379
2020-12-14,,1292.219,816.78,67622.4062,41344.7495,1112.292,9381.6177,43262.1196,39167.7979,35.2057,1132.55,1333.1745,1301.2156,1691.4826,57499.1114,37265.2776,1363.4431,11873.012,752.92,8241.379
2020-12-15,,1292.219,813.53,67360.1984,41371.5493,1113.966,9383.0397,43199.4546,39341.7789,35.3423,1133.22,1340.7084,1301.5205,1694.7679,57174.0716,37299.1448,1364.2147,11873.012,751.49,8241.379
2020-12-16,,1292.219,819.36,66830.6755,41469.1225,1113.264,9392.1063,43696.5389,39462.6071,35.6031,1135.51,1357.6964,1304.003,1699.1776,57312.0846,37381.2037,1367.3654,11873.012,756.26,8241.379
2020-12-17,,1292.219,835.33,67241.3605,41490.8802,1114.969,9415.2253,44259.9968,39578.5012,37.0685,1138.24,1383.7528,1305.4184,1701.0322,57953.9439,37506.7428,1369.463,11797.855,768.51,8241.379
2020-12-18,,1292.219,833.67,67027.8806,41509.719,1115.571,9480.9031,44476.1688,39648.3808,36.907,1140.93,1387.3294,1306.3274,1703.3199,58599.5747,37635.7317,1371.0458,11950.714,774.12,8241.379
2020-12-21,,1292.219,824.82,66810.8279,41519.4229,1114.377,9379.1029,43940.6146,39696.8556,36.075,1142.24,1375.0303,1306.7933,1704.924,57557.7012,37608.9648,1372.2902,11951.74,766.82,8241.379
2020-12-22,,1292.219,826.55,67319.4432,41511.851,1114.768,9444.5365,44177.1581,39765.3623,36.4972,1140.58,1385.827,1307.1359,1706.0248,58166.4506,37584.4725,1372.4983,11951.74,769.4,8241.379
2020-12-23,,1292.219,819.78,67062.6819,41479.5706,1114.768,9490.2989,43895.266,39751.3695,36.6835,1141.14,1378.0148,1306.4545,1704.9408,57674.3833,37562.6016,1371.9066,11951.74,766.31,8241.379
2020-12-24,,1292.219,822.09,67319.3161,41545.3704,1114.297,9526.9042,43987.7713,39758.4657,36.9194,1142.34,1375.0897,1306.6103,1706.9853,57543.5122,37571.5789,1372.5357,12105.625,762.73,8241.379
2020-12-25,,1292.219,822.0,67317.5423,41544.6074,1114.297,9526.9042,43985.2749,39759.1043,36.9194,1142.38,1375.0075,1306.5503,1706.9807,57540.7042,37576.3728,1372.5885,12105.625,762.69,8241.379
2020-12-28,,1292.219,827.9,67553.831,41579.8198,1113.876,9590.0547,44310.0835,39796.7723,37.2547,1144.42,1388.9354,1307.444,1709.0478,57908.9532,37630.0434,1373.4038,11900.445,768.21,8241.379
2020-12-29,,1292.219,835.38,67819.2485,41573.5822,1114.879,9763.8402,44590.4885,39845.0601,37.2671,1144.94,1397.8315,1307.1917,1709.1482,58273.5025,37659.4576,1374.3625,11900.445,771.8,8241.379
2020-12-30,,1292.219,834.3,67966.014,41590.5975,1115.35,9899.7671,44871.9645,39903.9438,37.7515,1149.11,1400.6268,1308.064,1712.5826,58348.4405,37670.7191,1377.0884,11900.445,770.12,8241.379
2020-12-31,,1292.219,834.22,67964.2206,41589.0121,1115.35,9899.3399,44869.3996,39905.0873,37.5155,1149.09,1400.5402,1307.9979,1712.59,58345.5595,37676.5667,1377.0425,11900.445,770.08,8241.379
2021-01-01,,1292.219,834.13,67962.4271,41588.3334,1115.35,9899.3399,44866.8063,39906.0735,37.5155,1149.12,1400.446,1307.9476,1712.6326,58342.6711,37681.2343,1376.9273,11900.445,770.04,8241.379
2021-01-04,,1292.219,846.68,68385.6124,41666.4475,1115.29,9909.2579,45421.7508,40012.1386,38.3475,1151.4,1428.6873,1310.5927,1716.3073,58727.9034,37733.0182,1379.8339,11643.97,779.92,8241.379
2021-01-05,,1292.219,862.59,68905.7335,41688.0146,1117.776,9989.1235,46035.7058,40019.3032,39.7384,1151.89,1465.2354,1311.5976,1717.602,59037.8398,37749.9351,1381.5119,11643.97,793.83,8241.379
2021-01-06,,1292.219,861.49,69137.7165,41746.9232,1117.275,10148.5472,46020.387,40081.4255,39.8005,1153.12,1479.509,1313.7454,1720.3237,59760.0856,37773.418,1383.2268,12228.271,798.54,8241.379
2021-01-07,,1319.91,883.46,70690.3866,41708.0059,1119.952,10148.5472,47100.7229,40093.2324,40.3345,1152.57,1529.4328,1313.7224,1719.2854,60377.7137,37823.8397,1381.9166,12052.165,820.18,8241.379
2021-01-08,,1319.91,897.88,71882.8413,41766.4536,1119.531,10431.2498,47456.3832,40140.5187,40.3407,1154.88,1550.2784,1316.1639,1722.4708,61265.2374,37955.7327,1384.1123,12099.972,832.12,8241.379
2021-01-11,,1319.91,892.72,71711.4351,41763.5268,1119.812,10431.2498,47273.417,40114.3354,39.7632,1154.32,1547.6443,1315.9112,1722.1478,61232.7785,37992.1944,1381.5884,12208.215,829.14,8241.379
2021-01-12,,1319.91,898.78,72858.0502,41790.5179,1120.012,10504.0652,47726.9505,40183.1488,39.9495,1155.91,1560.3759,1316.891,1723.7721,61764.0272,38062.1195,1384.0006,12208.215,835.68,8241.379
2021-01-13,,1319.91,912.64,74358.7575,41865.5851,1119.26,10661.645,48778.0539,40269.753,39.9371,1157.74,1582.7992,1319.5134,1726.8734,62154.3459,38160.7607,1386.5852,12208.215,847.35,8241.379
2021-01-14,,1319.91,923.5,75709.0769,41858.2209,1122.97,10713.5386,49047.302,40300.7447,40.558,1159.24,1588.4211,1319.777,1727.0822,62419.0318,38126.9309,1386.7226,12208.215,850.46,8241.379
2021-01-15,,1319.91,909.76,75476.1908,41886.6616,1122.82,10681.7134,48659.6665,40332.7232,39.4652,1160.28,1569.1602,1321.268,1728.4378,62204.4177,38222.9003,1388.0384,12382.321,840.69,8241.379
2021-01-18,26390.15,1319.91,916.08,75459.1512,41981.5481,1123.522,10667.5377,48543.2827,40373.1563,39.4652,1160.81,1580.5562,1322.2809,1729.2124,62006.7718,38281.0271,1389.3351,12321.064,849.99,8241.379
2021-01-19,26643.6,1319.91,927.56,76186.0476,42071.2912,1123.021,10766.2783,49181.8818,40436.474,39.5521,1162.36,1601.2242,1324.4916,1732.7211,62006.7718,38337.0229,1391.1491,12387.491,856.71,8241.379
2021-01-20,26740.99,1319.91,929.55,77393.8679,42127.7289,1125.547,10838.2952,49535.5347,40509.4715,40.5207,1163.1,1605.839,1326.6313,1734.8451,62816.8038,38360.0533,1391.6033,12310.805,853.32,8241.379
2021-01-21,26621.58,1313.427,920.46,78013.674,42163.6311,1121.958,10891.3114,49434.6619,40583.4649,40.5828,1163.34,1595.3615,1327.4947,1736.4548,62692.2439,38324.8579,1393.5292,12310.805,846.33,8241.379
2021-01-22,26213.69,1314.991,896.47,77010.8153,42233.6415,1130.32,10843.0483,48480.2247,40652.5964,39.2541,1167.72,1562.0494,1329.1693,1739.1801,61367.4876,38326.6796,1395.5608,12310.805,830.04,8241.379
2021-01-25,26229.76,1314.991,896.42,76695.4114,42319.9127,1131.152,10852.6606,48620.4644,40726.2053,38.9312,1168.94,1563.3885,1330.7567,1742.0979,61284.3557,38387.6458,1396.5401,12105.625,830.58,8241.379
2021-01-26,26217.78,1314.991,893.58,76119.7329,42359.5848,1132.125,10812.5873,48683.1945,40799.999,38.7573,1169.33,1565.0285,1332.5654,1743.0674,61080.91,38337.5269,1397.4642,12208.215,829.95,8241.379
2021-01-27,25803.49,1314.991,878.31,75188.3118,42392.2769,1132.606,10812.5873,47688.0986,40830.1802,37.2796,1171.34,1533.8578,1333.7005,1745.0537,60340.4566,38447.835,1399.0697,12208.215,816.42,8241.379
2021-01-28,25759.67,1320.932,871.3,74880.9778,42424.3786,1135.173,10680.5655,47493.6005,40918.5147,37.9005,1171.88,1528.9034,1335.7425,1746.3372,60020.9217,38454.3126,1400.1596,12208.215,813.01,8241.379
2021-01-29,25398.22,1320.932,852.22,74028.63,42431.1968,1135.825,10700.1942,46537.9586,40980.34,37.1678,1174.52,1484.337,1336.7705,1749.2225,59584.1175,38396.2006,1400.4155,12208.215,796.63,8241.379
2021-02-01,25489.54,1320.932,869.51,75006.6301,42419.0111,1136.407,10737.529,46986.5971,41012.8205,37.9005,1176.0,1514.4468,1337.6929,1751.1825,59716.1815,38353.2748,1400.1899,12208.215,808.86,8241.379
2021-02-02,25609.66,1320.932,875.32,75899.8464,42468.7357,1136.096,10829.1077,47357.8189,41057.0504,38.0619,1177.41,1539.2595,1338.9301,1753.1947,60513.1696,38387.2665,1398.7478,12310.805,818.32,8241.379
2021-02-03,25676.91,1320.932,872.42,75719.194,42549.8554,1136.888,10852.2932,47554.1791,41087.7463,37.975,1178.11,1536.8516,1339.9474,1754.1952,60462.786,38454.7447,1400.278,12397.709,817.61,8241.379
2021-02-04,25743.32,1320.932,876.8,75753.1683,42602.1772,1137.72,10872.7435,47652.9622,41182.7528,38.0122,1182.64,1542.8321,1342.0226,1759.7639,60630.9175,38509.7892,1402.1503,12397.709,820.95,8241.379
2021-02-05,25841.52,1320.932,884.09,75915.2993,42624.3175,1137.57,10928.7491,47912.1335,41242.7684,38.6207,1183.07,1552.8919,1343.1096,1761.6457,60883.3208,38540.8801,1403.5587,12310.805,823.05,8241.379
2021-02-08,25871.87,1320.932,886.73,76099.3279,42719.4678,1141.39,10932.4516,48017.5864,41367.4795,39.0181,1186.8,1561.1285,1346.6289,1766.9056,60784.4691,38595.88,1406.9394,12310.805,826.2,8241.379
2021-02-09,26074.65,1332.978,901.1,75942.5421,42795.0715,1146.935,11035.2916,48578.7466,41441.8669,39.2665,1188.65,1585.7062,1348.83,1769.8829,61148.6208,38638.6421,1408.333,12310.805,837.25,8241.379
2021-02-10,26038.24,1332.978,897.49,75985.4648,42883.5947,1147.166,11039.7684,48480.9785,41508.3522,39.7384,1191.33,1578.2311,1351.0212,1773.117,61356.005,38718.6999,1411.0347,12310.805,835.81,8241.379
2021-02-11,26126.39,1336.853,904.03,76287.7813,42969.3638,1147.226,11097.2272,48745.6056,41598.0493,39.7881,1193.5,1586.3996,1354.6042,1777.1977,61626.7071,38752.2608,1414.5877,12341.582,838.36,8241.379
2021-02-12,26097.4,1336.853,907.88,76505.4327,43020.001,1148.469,11104.4957,49037.4677,41662.0248,40.2599,1192.02,1596.3422,1356.3955,1779.9458,61684.7201,38765.5079,1416.9812,12341.582,844.62,8241.379
2021-02-15,26172.12,1336.853,914.25,76462.0165,43131.8381,1150.254,11096.6824,49304.6969,41760.5443,40.2599,1195.36,1599.4545,1359.6379,1782.9867,62016.2152,38834.3739,1418.7636,12341.582,850.08,8241.379
2021-02-16,26445.3,1336.853,916.34,76188.816,43113.9888,1152.079,11122.7357,49534.2438,41703.3564,40.8188,1195.15,1612.1598,1358.1394,1781.0322,62149.928,38857.8766,1416.2039,12341.582,857.6,8241.379
2021-02-17,26357.01,1338.53,898.62,75769.5186,43139.7698,1150.234,11197.276,49181.6531,41633.5534,40.6325,1194.15,1592.0192,1356.3891,1778.3009,61734.5612,38928.7189,1413.8688,12310.805,846.47,8241.379
2021-02-18,26243.15,1338.53,890.78,75568.8785,43069.0399,1149.963,11252.8832,49032.1188,41573.1666,40.173,1191.78,1586.573,1354.6714,1775.4458,61312.7335,38853.3903,1411.1787,12301.941,842.0,8241.379
2021-02-19,26626.26,1338.53,911.66,76071.8975,43037.9482,1148.238,11415.3813,49574.8436,41440.053,41.1789,1188.36,1619.4991,1350.369,1769.889,61853.624,38924.8154,1407.6212,12301.941,854.98,8241.379
2021-02-22,26356.12,1330.728,898.81,75769.1669,43001.797,1145.782,11536.5956,49155.4624,41341.6918,40.3345,1187.04,1602.2344,1347.5787,1765.9774,61566.4477,39093.5636,1404.1996,12320.038,841.55,8241.379
2021-02-23,26031.53,1328.499,882.36,75241.3946,42966.7765,1143.716,11412.8059,48678.2796,41307.7518,40.5207,1189.8,1580.9682,1345.1315,1764.8867,60706.8794,39114.1467,1401.6313,12301.941,831.59,8241.379
2021-02-24,26295.25,1326.26,898.4,76084.6069,42894.2145,1140.628,11464.7269,49120.56,41192.8775,41.39,1187.78,1609.1256,1342.5585,1760.7839,61218.1322,39050.787,1400.4312,12244.122,845.81,8241.379
2021-02-25,26374.2,1326.812,903.51,76368.4068,42818.2747,1138.111,11501.7974,49267.8521,41022.6652,40.1358,1184.38,1610.237,1339.6407,1756.1707,61794.0866,39033.8514,1396.0987,12259.51,848.17,8241.379
2021-02-26,26439.3,1322.834,903.3,76614.4985,42837.94,1138.853,11501.7974,49376.1737,41048.8292,39.0057,1185.87,1608.6505,1340.3003,1756.6005,61827.1274,39073.7393,1398.3409,12293.365,851.31,8241.379
2021-03-01,26706.55,1325.707,913.99,77209.3831,42953.7577,1139.665,11485.6718,49851.0397,41177.6835,40.2848,1188.77,1627.6814,1343.9789,1762.2123,62236.7654,39033.589,1401.9071,12321.064,858.97,8241.379
2021-03-02,27218.58,1326.812,928.15,78670.1467,43038.3943,1142.483,11560.2477,50490.7057,41272.8647,40.3469,1191.51,1661.4345,1346.4153,1765.2781,62738.6494,39116.0055,1404.6225,12265.358,877.29,8241.379
2021-03-03,27478.49,1326.812,943.76,79339.1711,43019.6669,1142.814,11647.2479,50740.2202,41251.7632,41.3155,1194.15,1678.7835,1345.9936,1765.9586,63270.1839,39107.8588,1401.5319,12265.358,890.76,8241.379
2021-03-04,27410.59,1327.579,932.75,79670.8024,42994.2243,1143.205,11627.6275,50583.6608,41192.7122,39.9992,1193.23,1659.6365,1345.2203,1764.2535,63499.8479,39101.4734,1400.4585,12310.805,880.52,8241.379
2021-03-05,27439.96,1327.579,937.44,79597.2197,42906.7711,1141.781,11618.4893,50687.7257,41065.5126,40.1606,1190.08,1666.5429,1342.1332,1759.9177,63203.4284,39079.8469,1395.9511,12308.056,883.73,8241.379
2021-03-08,27631.9,1327.579,928.45,78856.2024,42845.0665,1139.455,11559.8411,50741.313,41017.4241,39.8253,1187.91,1667.2039,1339.8322,1757.6591,62854.2243,39038.4752,1393.5009,12310.805,884.03,8241.379
2021-03-09,27999.88,1304.029,949.57,79279.2587,42837.3764,1140.939,11592.9155,51184.21,41034.777,41.005,1188.0,1703.5298,1339.7802,1757.8222,63705.593,39802.8454,1394.6621,12375.765,903.02,8241.379
2021-03-10,28161.61,1304.203,955.09,79856.4772,42850.3826,1140.247,11668.4509,51589.5644,41071.2027,42.1599,1188.6,1716.8164,1340.6266,1759.5862,64328.6322,39825.3491,1395.1602,12375.765,910.99,8241.379
2021-03-11,28175.44,1322.906,950.28,80453.6313,42872.7604,1140.247,11740.4865,51618.2002,41090.952,42.8305,1190.61,1709.1015,1341.2932,1760.4284,64235.5038,39911.4507,1399.62,12375.662,908.2,8241.379
2021-03-12,28247.59,1323.713,952.74,80915.5697,42745.7405,1138.482,11723.3631,52015.4214,41014.1217,42.2965,1181.9,1714.5516,1338.9632,1757.0902,64072.121,39833.7475,1396.3134,12413.395,910.09,8241.379
2021-03-15,28397.5,1323.713,959.41,81223.9444,42783.0251,1137.048,11738.1446,52307.7615,40961.8635,42.5697,1181.35,1720.7321,1337.1946,1755.2055,64758.6495,39842.134,1394.7954,12413.395,912.21,8241.379
2021-03-16,28497.94,1323.713,960.91,81653.4448,42776.1758,1135.264,11758.9644,52487.3393,40954.2923,42.3959,1181.67,1717.1448,1336.9048,1755.1301,64647.7395,39823.0293,1395.0911,12433.913,910.6,8241.379
2021-03-17,28556.6,1317.568,968.33,81857.2515,42747.9123,1135.474,11763.6242,52632.4168,40946.213,43.0665,1178.82,1718.9926,1336.0264,1754.0606,64720.1901,39787.6757,1391.5246,12433.913,912.36,8241.379
2021-03-18,28606.95,1314.204,966.1,81906.7491,42627.2946,1135.113,11791.6682,52576.6597,40802.9068,42.5201,1176.46,1717.5054,1332.2822,1748.7336,64678.8822,39704.8816,1385.9584,12433.913,908.82,8241.379
2021-03-19,28503.67,1314.204,958.61,81588.4997,42642.0562,1133.238,11792.0416,52171.5472,40795.7669,42.5946,1180.01,1708.3711,1331.7905,1748.8974,64219.5011,39852.3546,1385.95,12439.043,909.73,8241.379
2021-03-22,28402.5,1314.204,954.51,81238.1379,42618.517,1131.884,11751.8941,51811.3616,40768.2097,42.2841,1179.8,1702.4066,1330.8592,1748.0143,63995.7105,39825.1011,1385.812,12464.69,903.94,8241.379
2021-03-23,28182.84,1314.204,949.11,80458.2168,42591.4551,1130.922,11724.3133,51532.6204,40727.3098,41.39,1181.48,1694.822,1331.1387,1749.2063,63956.8863,39797.2583,1386.8462,12411.343,900.13,8241.379
2021-03-24,28260.5,1311.607,958.05,80636.3056,42595.1737,1131.042,11754.7246,51702.711,40725.3912,41.4397,1181.94,1701.2405,1331.0188,1750.3765,64202.2808,39826.1123,1388.4013,12433.913,902.84,8241.379
2021-03-25,27823.18,1310.788,939.28,80136.0812,42502.1561,1130.651,11716.3144,50944.2441,40562.5835,40.9678,1178.19,1674.0137,1327.3524,1744.1954,63450.4816,39783.5259,1384.3172,12515.985,886.61,8241.379
2021-03-26,28324.87,1306.422,963.29,81538.8091,42367.2211,1129.658,11777.5762,51883.3601,40442.6639,41.7129,1170.91,1701.4283,1324.2383,1736.4868,63870.8422,39757.1874,1380.6257,12515.985,904.44,8241.379
2021-03-29,28653.72,1306.422,983.18,82625.7974,42305.2998,1125.718,11847.571,52725.9042,40422.2235,41.7253,1174.93,1723.7861,1322.8946,1735.1514,65186.7486,39879.5595,1383.454,12546.762,916.45,8241.379
2021-03-30,28566.86,1302.209,988.7,82721.1743,42293.2311,1126.46,11866.9927,52585.316,40337.9629,42.0792,1174.34,1725.6641,1319.8486,1735.1491,64907.6964,39783.7184,1377.0126,12546.762,916.51,8241.379
2021-03-31,28568.74,1302.209,985.01,83328.952,42329.8635,1123.542,11924.4597,52777.4248,40412.5477,42.5325,1175.43,1723.7056,1320.3748,1736.3625,64857.3589,39799.3455,1376.8186,12551.892,914.05,8241.379
2021-04-01,28598.89,1302.209,980.42,83123.9951,42261.3332,1122.92,11880.8107,53208.1012,40402.85,42.5946,1175.9,1720.5369,1320.1522,1736.0435,64398.8323,39722.829,1376.7103,12551.892,914.92,8241.379
2021-04-02,28597.69,1302.209,980.33,83121.7103,42264.0892,1122.92,11880.8107,53205.7904,40406.8472,42.5946,1176.02,1720.3514,1320.2004,1736.1835,64395.7039,39728.48,1377.104,12551.892,914.87,8241.379
2021-04-05,28579.26,1302.209,972.06,82940.6717,42345.1445,1123.953,11916.1171,53127.6613,40523.329,42.3959,1178.77,1713.508,1322.6453,1740.4589,64237.127,39773.36,1381.121,12557.021,914.59,8241.379
2021-04-06,28665.34,1307.23,973.22,83262.0846,42425.3702,1125.397,11916.1171,53271.241,40659.0029,42.5946,1181.19,1713.9133,1325.2058,1745.77,64148.7073,39824.8041,1384.5374,12557.021,915.51,8241.379
2021-04-07,28705.5,1307.23,974.46,83095.9344,42437.1065,1127.382,11965.1727,53313.0812,40678.0331,42.5201,1181.58,1715.1906,1324.9423,1744.9605,64251.7899,39842.5558,1384.5898,12551.892,915.57,8241.379
2021-04-08,29027.42,1307.23,982.35,83137.196,42443.0183,1127.322,11979.4484,53773.562,40696.6181,43.3521,1181.92,1733.2043,1325.2767,1747.0447,64626.665,39852.2357,1384.829,12551.892,925.08,8241.379
2021-04-09,29334.85,1305.737,996.05,83519.8757,42408.289,1127.272,12010.9715,54484.502,40700.4891,43.5011,1180.57,1749.4246,1323.7146,1745.917,64938.8168,39883.3722,1384.181,12551.892,935.49,8241.379
2021-04-12,29291.8,1304.295,994.2,83511.8002,42318.2344,1126.51,12010.9715,54382.1162,40625.9088,43.2652,1178.58,1743.9488,1320.9195,1742.7134,64971.7799,39840.8437,1380.6947,12551.892,932.43,8241.379
2021-04-13,29155.72,1304.295,986.25,83641.3676,42179.8818,1121.607,11910.3241,54096.3518,40563.7038,43.2031,1176.09,1732.2796,1317.2128,1738.6085,64856.4427,39752.77,1376.8798,12598.057,922.64,8241.379
2021-04-14,29213.78,1304.295,995.95,83573.0024,42041.3497,1121.125,11933.249,54183.7678,40475.8014,43.1286,1175.57,1744.2728,1313.0453,1733.7402,64542.0325,39728.8564,1378.7105,12598.057,933.86,8241.379
2021-04-15,29437.21,1304.295,997.57,84336.6121,42124.4419,1117.877,11933.249,54416.7271,40551.2345,43.8861,1177.36,1748.6368,1315.8191,1737.6751,64636.4437,39755.2516,1381.9177,12618.575,939.2,8241.379
2021-04-16,29758.37,1299.377,1015.43,85527.6234,42196.6894,1120.674,12131.5173,55198.1556,40630.3252,44.3083,1178.78,1774.3729,1318.0764,1741.0918,65598.6254,39815.5846,1386.2293,12618.575,947.1,8241.379
2021-04-19,29918.84,1301.933,1015.63,85401.4853,42179.4658,1122.82,12259.3389,55408.7497,40642.0692,44.4573,1178.74,1776.4805,1317.4502,1741.2609,65671.6214,39846.2479,1385.2332,12721.165,948.01,8241.379
2021-04-20,29998.6,1297.424,1009.27,85380.8957,42140.2383,1120.243,12300.2936,55662.3615,40617.2275,44.1096,1176.4,1769.4292,1316.0164,1740.3178,65327.7521,39791.1201,1385.3608,12721.165,948.72,8241.379
2021-04-21,30042.68,1297.424,997.76,84969.2613,42115.8747,1119.682,12301.2751,55319.4903,40573.8951,44.0103,1177.5,1763.68,1314.73,1736.6053,65254.3701,39785.5911,1383.0934,12704.874,943.2,8241.379
2021-04-22,29695.23,1297.424,979.26,83522.4712,42050.6169,1121.136,12219.975,54420.5339,40515.6691,42.7684,1176.35,1735.0463,1313.3914,1734.719,64155.8311,39672.7493,1380.7528,12700.647,929.53,8241.379
2021-04-23,29620.54,1296.176,980.73,82813.5021,42082.2706,1118.378,12132.1668,54328.3283,40574.3555,42.5697,1177.3,1731.8156,1314.77,1736.6149,63821.1829,39709.39,1382.4716,12716.036,926.41,8241.379
2021-04-26,29713.47,1297.25,979.02,82784.0732,41997.2232,1118.228,12179.5113,54430.6203,40500.1357,43.1658,1175.04,1736.9387,1311.1194,1732.2513,63930.0658,39649.5934,1378.3551,12639.093,930.99,8241.379
2021-04-27,29221.26,1286.912,951.76,80447.6955,41851.32,1114.758,11990.0537,53133.8357,40321.9569,42.1103,1171.46,1701.0646,1305.143,1725.3448,62992.8598,39692.8961,1372.4092,12718.313,908.95,8241.379
2021-04-28,28244.26,1286.912,916.2,77868.4434,41698.3425,1111.55,11720.575,51165.9575,40234.5892,40.9802,1167.33,1648.6821,1298.6344,1717.5071,61063.146,39599.2809,1364.6407,12628.834,880.96,8241.379
2021-04-29,27969.69,1286.912,903.64,77279.1291,41521.6721,1106.336,11557.179,50745.7181,40055.7671,39.9371,1161.81,1637.205,1291.3799,1709.0423,60154.5965,39499.077,1359.1861,12618.575,871.44,8241.379
2021-04-30,27726.84,1286.912,887.17,76150.026,41443.9568,1102.315,11542.6288,50178.9011,40091.1338,39.6142,1160.5,1617.9312,1288.6125,1705.0801,59716.3308,39454.9326,1358.3481,12613.446,858.11,8241.379
2021-05-03,28471.65,1286.912,911.48,77086.8288,41497.4634,1099.136,11578.95,51209.9586,40161.3497,40.7815,1157.11,1656.5317,1290.8464,1707.8522,60081.0614,39150.7261,1361.1522,12625.11,880.72,8241.379
2021-05-04,28826.96,1286.912,920.58,77495.0011,41608.0589,1100.721,11641.4636,52001.874,40320.1444,41.2037,1161.51,1677.808,1295.2354,1714.1067,61013.5344,39334.115,1367.7715,12625.11,892.43,8241.379
2021-05-05,29013.35,1286.912,930.52,77912.6535,41597.617,1107.79,11728.4232,52196.8483,40514.6576,41.7377,1155.13,1692.7767,1298.9301,1712.3397,61658.244,39783.9383,1372.3465,12625.11,901.73,8241.379
2021-05-06,28619.25,1286.912,910.7,76967.3344,41628.5902,1107.208,11666.8169,51534.9908,40577.5494,41.3528,1156.65,1664.4636,1300.871,1714.21,61139.4248,39321.1917,1372.8432,12813.989,888.9,8241.379
2021-05-07,28642.13,1286.912,909.2,76944.3852,41725.9773,1108.331,11688.1882,51382.8754,40684.0794,41.3279,1156.05,1662.4704,1304.1587,1718.2261,60634.786,39614.3204,1375.8855,12618.575,884.57,8241.379
2021-05-10,28517.61,1286.912,905.31,76726.7018,41683.4365,1111.038,11701.4138,51105.9274,40698.6833,40.9181,1157.69,1655.8691,1303.9982,1718.3587,60190.7513,39624.8496,1375.7196,12618.575,879.1,8241.379
2021-05-11,28206.14,1286.912,896.56,75925.2624,41704.3295,1110.156,11601.4563,50530.3161,40738.4914,39.8874,1158.85,1635.6039,1304.9401,1722.2014,59602.7164,39483.3179,1377.2714,12515.985,869.71,8241.379
2021-05-12,27928.12,1286.912,892.67,75815.0778,41627.5927,1110.377,11450.9185,50068.3227,40716.1548,39.2789,1157.48,1614.3671,1303.6118,1721.862,59354.3759,39470.1466,1373.7999,12515.985,860.66,8241.379
2021-05-13,27780.68,1286.912,878.87,74968.6224,41630.0115,1108.351,11362.6012,49755.5546,40705.0559,38.9436,1157.51,1598.4045,1302.7385,1720.81,59245.8185,39511.379,1373.2158,12517.339,857.04,8241.379
2021-05-14,28238.03,1286.912,903.07,75580.6332,41586.8752,1107.178,11362.1009,50562.4515,40632.6399,40.4214,1156.53,1638.3814,1300.5169,1719.2062,59717.2553,39415.547,1370.6718,12567.28,876.1,8241.379
2021-05-17,25904.92,1286.912,806.91,70913.1857,41393.3747,1106.496,10714.505,46591.4403,40439.1459,36.2364,1151.72,1462.0163,1294.2375,1711.201,55486.7727,39287.4944,1359.1863,12544.71,796.87,8241.379
2021-05-18,26334.6,1286.912,802.58,69398.6381,41358.4586,1102.977,10522.2622,46759.1042,40411.9384,36.0253,1149.4,1479.5463,1292.8064,1709.2775,54194.4028,39180.9022,1358.0044,12544.71,799.4,8241.379
2021-05-19,25863.01,1286.912,778.35,67040.3995,41260.9675,1100.209,10305.2448,45897.5681,40281.1682,35.2181,1146.51,1433.2987,1289.45,1704.7467,53213.624,39001.6072,1354.0214,12381.91,774.91,8241.379
2021-05-20,26174.74,1286.912,776.86,66170.5514,41208.1459,1097.542,10215.924,46511.1619,40197.9542,35.243,1145.69,1450.8279,1287.2766,1701.3184,53264.0895,38966.0147,1352.4537,12249.579,780.06,8241.379
2021-05-21,26173.46,1286.912,776.79,66168.7462,41214.5363,1097.542,10215.924,46510.0593,40204.2122,35.243,1145.85,1450.7295,1287.4293,1701.5869,53261.4938,38952.416,1352.8448,12249.579,780.02,8241.379
2021-05-24,26720.6,1286.912,775.13,65678.3994,41140.6938,1096.66,10281.2975,47019.3155,40055.6727,35.2181,1142.31,1477.4895,1283.2278,1695.6377,53938.7174,38992.0829,1346.0012,12054.33,791.55,8241.379
2021-05-25,26610.92,1286.912,768.0,64934.6137,41026.3166,1093.04,10228.7077,46851.5038,39935.5502,34.4606,1141.4,1473.7845,1279.165,1690.9835,53956.992,38972.9188,1342.9949,12054.33,789.96,8241.379
2021-05-26,26841.36,1286.912,779.21,65773.3907,41034.9433,1090.162,10210.1057,47245.5627,39927.2902,34.7338,1140.86,1494.7894,1277.5836,1691.2038,54006.3775,38997.8577,1342.9262,12054.33,795.17,8241.379
2021-05-27,27218.79,1286.912,785.76,67059.8016,41088.6948,1089.791,10327.8571,47729.9357,39934.1973,35.1933,1142.54,1528.6114,1278.8526,1692.7879,54875.1703,39052.4395,1345.2005,12213.344,803.71,8241.379
2021-05-28,27793.46,1259.58,810.93,68909.6543,41202.5711,1090.583,10471.5687,48591.6943,40215.8009,36.5221,1146.94,1567.9247,1281.3989,1695.9369,55536.9514,39187.8381,1352.919,12511.051,822.47,8241.379
2021-05-31,28427.84,1259.58,822.99,69590.4699,41302.2891,1090.162,10547.9905,48552.1907,40278.3482,36.5221,1147.9,1605.9138,1283.3051,1699.7772,56216.5892,39259.3278,1357.4872,12511.051,844.37,8241.379
2021-06-01,28651.08,1259.58,831.21,70524.1411,41305.7656,1095.276,10640.1315,48950.7993,40202.8157,37.2796,1147.46,1612.0444,1280.9219,1699.2727,56799.2889,39300.7965,1356.5671,12511.051,851.98,8241.379
2021-06-02,28693.57,1259.58,833.23,70953.639,41288.3978,1096.339,10760.4852,48832.0386,40229.6443,37.5652,1147.9,1604.3373,1280.9222,1699.5879,57217.219,39319.5587,1354.7524,12511.051,849.11,8241.379
2021-06-03,27939.3,1259.58,792.91,68628.0526,41166.7507,1094.724,10643.3013,47395.078,40066.7718,36.1619,1144.51,1540.328,1276.5755,1692.2834,55955.265,39066.8793,1346.5697,12362.1,818.09,8241.379
2021-06-04,27862.54,1259.58,788.94,68414.5891,41027.2744,1092.218,10556.3135,47905.2872,39905.6628,36.3855,1142.06,1537.0254,1271.7003,1686.4793,54906.1804,38838.3151,1338.4667,12362.1,814.42,8241.379
2021-06-07,27269.37,1259.58,768.56,68163.7589,40898.9827,1089.741,10484.3839,47135.1131,39733.1598,36.0253,1137.02,1496.8557,1267.1769,1679.3469,54538.1696,38689.7559,1333.1774,12362.1,799.02,8241.379
2021-06-08,27471.8,1259.58,783.97,68783.8943,40891.7844,1087.134,10465.3607,47477.5515,39654.0811,36.1123,1135.45,1506.6451,1265.5039,1676.2271,54536.9215,38503.4863,1329.7052,12362.1,809.26,8241.379
2021-06-09,27831.1,1259.58,802.51,68956.3056,40894.397,1088.819,10457.211,48061.9124,39636.1257,36.7207,1134.43,1543.8718,1265.2774,1675.0067,55052.0798,38491.2442,1328.6392,12362.1,827.06,8241.379
2021-06-10,27909.28,1259.58,799.93,68823.2381,40924.1004,1087.565,10466.0283,48055.5813,39658.0565,36.9659,1136.48,1547.8914,1265.821,1676.7644,55570.2444,38555.6222,1332.8895,12362.1,825.96,8241.379
2021-06-11,28203.47,1259.58,805.28,68276.3888,40994.027,1089.069,10421.6356,48371.7905,39761.9651,37.2059,1137.03,1561.2378,1267.9516,1679.1683,55712.6689,38566.5767,1339.0943,12362.1,834.81,8241.379
2021-06-14,28490.34,1259.58,820.26,68696.7678,41021.6932,1090.433,10421.6356,48759.0853,39821.9142,37.7742,1135.22,1579.5123,1269.0405,1674.9489,56452.581,38623.4604,1338.8186,12362.069,839.04,8241.379
2021-06-15,28453.32,1259.58,817.15,68437.6448,40923.0272,1092.138,10324.1133,48794.9491,39750.9788,37.2943,1122.88,1585.2407,1268.1267,1666.8663,56252.4411,38607.1601,1335.3956,12362.069,842.19,8241.379
2021-06-16,28362.67,1259.58,814.41,68254.3341,40383.8201,1089.711,10320.6959,48855.4999,39744.2826,36.9912,1113.71,1587.7837,1268.325,1661.9739,56539.4485,38563.6055,1334.0999,12362.1,841.93,8241.379
2021-06-17,28407.57,1259.58,810.52,68101.7915,40865.9676,1095.358,10320.6959,48870.2489,39714.0544,36.5239,1113.94,1588.7516,1267.5051,1660.5775,56111.5765,38579.3005,1333.4754,12362.1,838.5,8241.379
2021-06-18,28390.34,1259.58,807.37,67567.1214,40838.9907,1091.883,10197.8846,48640.3473,39674.5896,35.6146,1112.32,1573.8237,1266.2545,1659.1477,55678.2544,38599.7919,1333.4383,12362.1,831.19,8241.379
2021-06-21,28386.06,1259.58,807.14,67561.3965,40855.2426,1091.883,10197.8846,48634.435,39690.9728,35.6525,1112.85,1573.5303,1266.6467,1659.8405,55670.1916,38629.739,1333.886,12362.1,831.06,8241.379
2021-06-22,28655.42,1271.325,815.82,67243.6845,40798.0473,1090.044,10185.3735,49101.3004,39633.6512,36.3597,1111.59,1600.5623,1264.9545,1657.2507,56120.5391,38600.9538,1331.0584,12362.1,840.74,8241.379
2021-06-23,28621.71,1271.325,811.99,66729.3268,40729.4108,1089.823,10229.514,49037.5977,39585.6453,36.7259,1110.21,1603.717,1262.9604,1653.9129,56555.5992,38551.9216,1326.7716,12488.429,840.85,8241.379
2021-06-24,28824.01,1271.325,821.65,66926.5556,40657.433,1088.467,10250.2385,49418.4224,39517.5671,37.4206,1108.7,1623.4486,1260.8001,1651.0649,56700.3374,38515.9324,1326.2881,12592.599,847.11,8241.379
2021-06-25,28530.28,1271.325,804.17,65680.1927,40611.1175,1087.051,10151.4509,48956.7565,39492.8593,36.8901,1108.06,1596.0912,1259.9084,1649.3466,56394.7902,38437.2835,1324.3984,13124.806,836.0,8241.379
2021-06-28,28526.69,1271.325,803.93,65674.6199,40628.754,1087.051,10150.4999,48950.6404,39510.4115,36.044,1108.59,1595.7817,1260.3275,1650.0791,56386.5426,38371.023,1324.8574,13124.806,835.87,8241.379
2021-06-29,28501.86,1271.325,791.85,64500.4313,40506.3216,1086.127,10043.8047,48426.999,39365.7948,36.4355,1104.44,1585.2133,1255.5742,1646.6868,55463.6265,38227.5256,1320.3758,13124.806,829.7,8241.379
2021-06-30,28865.98,1219.886,787.78,64025.5713,40357.0375,1083.284,10022.4889,48720.1738,39309.6885,36.5996,1090.34,1598.1951,1252.3279,1636.5244,55532.9275,37888.321,1317.3478,12669.87,831.93,8241.379
2021-07-01,28908.24,1216.449,792.99,64255.454,40236.1695,1080.733,10035.9882,48894.7634,39226.582,36.3976,1083.96,1599.4766,1249.7562,1632.8935,55705.1356,37785.2522,1313.9065,12669.87,833.86,8241.379
2021-07-02,28755.27,1213.983,785.36,64079.3729,40068.0214,1080.371,10048.1913,48631.7446,38953.9853,36.4734,1079.29,1578.3023,1243.0596,1623.6295,55342.1959,37698.822,1306.6117,12450.584,827.89,8241.379
2021-07-05,28738.48,1216.449,779.67,63842.5581,39888.8617,1073.942,9962.3372,48476.793,38755.9272,36.4734,1076.48,1572.4683,1236.5998,1616.8621,54757.6123,37635.9889,1299.2672,12996.609,821.47,8241.379
2021-07-06,28071.35,1216.449,754.83,61980.0099,39844.2793,1074.806,9808.7058,47445.4501,38642.0045,34.7558,1073.37,1530.3126,1232.3457,1608.3736,53711.1547,37610.093,1300.9856,13115.48,799.76,8241.379
2021-07-07,28261.93,1216.449,759.53,61918.139,39820.5926,1067.383,9765.8463,47706.4169,38609.4168,34.8821,1074.31,1538.9049,1231.33,1605.7279,53506.426,37548.8165,1300.2034,12721.165,804.51,8241.379
2021-07-08,28122.19,1216.449,754.63,61734.8179,39863.6789,1067.443,9776.3033,47576.4853,38735.7141,34.4022,1075.9,1540.0239,1233.3147,1609.4232,53425.193,37625.4109,1304.4204,12721.165,804.76,8241.379
2021-07-09,28241.93,1200.39,764.81,61981.1274,39902.3358,1068.779,9815.1515,47848.3387,38864.1079,35.1473,1080.19,1562.702,1235.265,1613.6901,54143.5433,37792.3777,1312.742,12721.165,815.0,8241.379
2021-07-12,27837.88,1219.04,762.73,61667.012,39928.1744,1068.87,9779.4567,47483.2966,38948.0984,35.1599,1081.95,1552.2795,1236.8797,1616.2562,54030.1802,37803.625,1315.5024,12721.165,810.21,8241.379
2021-07-13,27424.07,1219.04,752.81,60955.4305,39927.5683,1068.82,9699.5097,46973.6515,38997.0063,34.6421,1082.01,1528.3123,1237.5387,1618.1843,53761.1989,37846.2884,1316.8254,12721.165,801.38,8241.379
2021-07-14,27396.34,1219.04,742.2,60397.0152,40003.0852,1069.714,9653.7932,46680.5622,39115.4407,34.4906,1084.48,1518.977,1240.2633,1622.5938,53208.7575,37869.4709,1322.1343,12721.155,794.36,8241.379
2021-07-15,27098.34,1219.04,744.21,59919.6613,40120.3524,1072.345,9622.5463,46271.7989,39295.7402,33.8591,1087.53,1512.0889,1245.0379,1628.9548,53082.1055,37963.8496,1328.8549,12721.063,790.14,8241.379
2021-07-16,27097.02,1219.04,744.14,59917.9953,40124.4123,1072.345,9622.5463,46269.2324,39299.7561,33.7328,1087.65,1511.9978,1245.1151,1629.1267,53079.4198,37960.193,1328.8043,12721.063,790.09,8241.379
2021-07-19,27628.32,1231.074,766.48,60942.7681,40280.3789,1073.47,9650.1733,47035.036,39514.45,34.5411,1091.07,1541.979,1251.5207,1637.4321,53950.5408,38109.1631,1336.3279,12721.063,805.99,8241.379
2021-07-20,28239.67,1231.074,773.38,61160.2213,40275.6105,1077.468,9639.2126,47502.6152,39650.7957,35.1094,1094.39,1565.3905,1255.1973,1641.6589,54553.7145,38097.0386,1338.295,12721.063,816.49,8241.379
2021-07-21,28095.59,1236.286,770.04,60468.9207,40212.3723,1079.799,9609.2196,47263.2766,39584.2023,35.6272,1093.02,1558.3559,1252.903,1639.1878,54424.8186,38030.1716,1334.0101,12721.063,815.56,8241.379
2021-07-22,28192.38,1236.286,769.1,59974.027,40209.9896,1078.242,9605.6326,47180.3302,39585.6543,35.0084,1092.86,1556.2884,1252.6848,1639.7023,54163.2385,38033.5969,1333.4613,12875.05,816.37,8241.379
2021-07-23,27800.48,1232.085,748.88,59422.9068,40166.7727,1078.854,9497.4245,46725.5617,39496.7785,34.0738,1091.55,1529.8837,1250.3776,1635.885,53471.4771,37986.132,1331.4694,12875.05,801.37,8241.379
2021-07-26,27611.52,1232.085,738.24,59076.2539,40173.9999,1078.252,9427.9245,46243.4937,39443.2754,33.6949,1089.23,1519.5948,1250.1952,1635.7001,52951.3721,37982.5602,1330.9711,12823.755,793.68,6533.916
2021-07-27,27300.73,1232.085,733.42,58573.6291,40046.3288,1078.854,9427.9245,45765.7423,39324.7353,33.4423,1087.16,1514.3783,1246.5045,1631.3341,52663.8516,37935.6175,1325.9409,12823.755,791.3,6533.916
2021-07-28,27529.65,1232.085,741.13,58638.2778,39858.2737,1076.353,9397.3795,45582.954,39062.8547,33.8591,1082.49,1521.4257,1238.7875,1621.6984,52882.8759,37839.2489,1316.5746,12904.145,795.03,6533.916
2021-07-29,27980.07,1232.085,754.99,58837.9903,39847.1186,1071.903,9459.9812,46102.9373,39025.6803,34.8063,1082.47,1542.8804,1237.8675,1620.3663,53731.1191,37858.2,1318.4248,12823.755,808.68,6533.916
2021-07-30,28234.89,1232.085,751.73,58369.4697,39895.3938,1071.421,9485.9213,46201.7939,39088.5666,34.5411,1084.13,1551.9251,1240.8074,1623.7296,53913.8961,37922.5419,1321.1575,12725.7,807.76,6533.916
2021-08-02,28175.42,1232.085,743.15,58171.434,39922.3589,1073.541,9517.1341,46230.6054,39134.7633,33.8212,1084.47,1546.1626,1241.7716,1624.8639,53896.3714,37930.0014,1323.6461,12725.751,803.42,6533.916
2021-08-03,27889.03,1232.085,737.02,57726.3855,39957.9523,1074.666,9518.1897,45959.0007,39136.6612,33.5307,1085.55,1532.9843,1243.0181,1625.6638,53570.9786,37940.0385,1324.2868,12772.46,800.14,6533.916
2021-08-04,28045.17,1232.085,738.0,57308.7289,39919.7603,1075.138,9481.4391,46069.5368,39051.2443,33.6191,1083.36,1538.9758,1241.2012,1622.8308,53602.3675,37913.2414,1321.9185,12772.46,800.72,6533.916
2021-08-05,28136.33,1225.459,741.73,57253.8445,39927.5508,1075.69,9449.4101,46239.5091,39013.6062,33.657,1083.69,1548.0792,1241.3894,1622.3096,53932.7992,37884.6691,1320.2613,12721.165,807.96,6533.916
2021-08-06,28226.43,1225.459,747.36,57009.7645,39984.6394,1077.368,9473.5889,46134.1079,39035.5679,33.5307,1082.32,1556.1327,1243.8,1622.1738,54189.4667,37886.0813,1323.1255,12721.165,813.64,6533.916
2021-08-09,27907.58,1225.459,735.54,56627.6656,40069.9472,1079.758,9511.0824,45789.5083,39068.8237,33.4676,1082.27,1535.9801,1244.5084,1624.3971,54024.6461,38042.0251,1320.9597,12720.16,805.3,6533.916
2021-08-10,28372.12,1225.459,754.36,57292.0245,39918.6711,1079.075,9527.0929,46289.3655,39026.2336,34.4022,1081.71,1571.6193,1243.2813,1623.1172,54807.0737,37881.5786,1318.3653,12772.46,823.03,6533.916
2021-08-11,28592.12,1225.459,757.6,57805.6273,40001.91,1078.453,9546.2879,46615.4185,39020.8146,34.9452,1082.58,1584.8287,1244.9959,1623.8482,55127.3439,37948.7115,1319.2982,12772.46,828.44,6533.916
2021-08-12,28815.75,1225.459,761.31,58148.5864,40056.7742,1080.462,9563.9916,47115.2785,39068.7591,35.0336,1083.22,1594.6117,1245.69,1625.2302,55225.2351,38041.7174,1322.2819,12823.755,834.64,6533.916
2021-08-13,28978.7,1232.622,772.82,59282.7526,40101.4611,1081.567,9681.1569,47530.6505,39122.9375,35.3241,1084.04,1603.8395,1247.7198,1627.162,55874.1776,38082.0062,1324.4297,12721.165,843.99,6533.916
2021-08-16,28748.38,1232.622,760.96,59563.2112,40173.5319,1084.62,9676.4801,47189.6236,39217.6327,34.0864,1086.08,1576.1161,1250.5354,1631.0197,55210.0258,38076.1278,1328.5348,12721.165,831.01,6533.916
2021-08-17,28682.06,1232.622,757.65,60050.2316,40205.7987,1085.333,9699.2241,47105.6094,39250.7858,33.8465,1087.16,1572.2763,1251.8691,1631.3037,54958.7608,38078.9362,1329.9623,12721.165,827.58,6533.916
2021-08-18,28856.58,1232.612,761.62,60553.0223,40138.4675,1086.499,9740.9945,47616.9162,39217.5239,34.0233,1086.08,1582.0193,1250.2053,1629.2821,55121.0692,38100.2192,1328.7198,12721.165,834.31,6533.916
2021-08-19,28671.88,1233.334,755.85,60183.191,40109.5553,1085.765,9787.093,47628.8487,39212.4307,33.9096,1085.83,1572.623,1249.9104,1629.2525,55036.3235,38120.7555,1327.526,12716.969,834.13,6533.916
2021-08-20,28755.77,1233.334,763.48,60113.6854,40115.0835,1088.056,9783.1981,47823.1478,39166.537,34.1875,1085.29,1582.1561,1249.6951,1627.7973,55438.3923,38152.5604,1326.5946,12716.969,837.61,6533.916
2021-08-23,28933.25,1216.408,771.58,60231.0299,40064.0932,1087.744,9837.0434,48148.5291,39108.0584,34.5663,1084.37,1597.5576,1248.1302,1626.0281,56006.2393,38196.2107,1325.1476,12762.201,844.79,6533.916
2021-08-24,28864.96,1216.408,765.74,59952.3537,40091.9096,1086.268,9809.0091,47894.2696,39100.2784,34.5663,1084.72,1589.6617,1249.2701,1626.7953,55971.5561,38232.4274,1325.9025,12762.201,840.14,6533.916
2021-08-25,29049.15,1216.408,779.85,60854.3201,40137.502,1086.117,9873.5219,48233.4431,39163.5514,34.9073,1086.67,1612.8298,1250.5215,1628.5583,56368.0842,38249.7774,1327.9205,12762.201,853.89,6533.916
2021-08-26,29352.35,1216.408,781.24,61325.7813,40160.0974,1087.001,9954.1624,48825.261,39196.8441,34.9957,1087.57,1625.1162,1251.5013,1630.2629,57051.8115,38312.9679,1329.3411,12762.201,854.79,6533.916
2021-08-27,29309.98,1237.421,783.83,61582.2666,40191.3105,1087.644,9994.5233,49073.9771,39209.5692,35.3872,1088.14,1629.082,1252.0663,1631.1442,57337.8234,38299.0584,1330.3478,12744.074,857.46,6533.916
2021-08-30,29404.11,1237.421,795.91,61796.5402,40277.541,1088.437,10039.7321,49389.6876,39306.7701,35.6272,1089.54,1647.9793,1254.5682,1635.1067,57792.0024,38404.7186,1334.2335,12823.755,866.14,6533.916
2021-08-31,29152.85,1237.421,792.9,61384.5352,40289.6397,1089.914,10090.0923,49141.4145,39306.1001,36.0945,1089.52,1631.8157,1254.7636,1635.6983,57645.8112,38438.3762,1334.3538,12823.755,866.91,6533.916
2021-09-01,29017.25,1237.421,784.62,61243.3048,40026.8077,1088.357,10088.6065,48993.1225,39034.5317,36.0945,1084.19,1621.1068,1248.0199,1626.322,57429.2571,38306.1897,1324.9423,12823.591,862.17,6533.916
2021-09-02,28987.29,1237.421,780.49,60809.4781,39821.0552,1083.103,10075.3805,48915.6637,38819.4748,35.8166,1079.79,1620.7036,1241.2493,1616.3756,57142.0447,38216.3323,1316.0471,12823.591,862.23,6533.916
2021-09-03,28962.01,1237.421,784.45,60761.5465,39856.6282,1077.257,10002.6188,48704.6174,38783.9347,36.1071,1105.12,1620.7274,1239.8827,1631.7427,57073.3269,38258.6928,1314.0405,12823.591,863.16,6533.916
2021-09-06,28781.7,1237.421,780.04,60480.4983,39833.8324,1077.76,9922.9425,48452.4555,38802.5052,36.1071,1105.98,1609.6356,1240.4667,1632.4589,57003.1266,38247.138,1312.5152,12690.388,859.62,6533.916
2021-09-07,28627.62,1237.421,775.97,59859.7841,39648.9871,1078.422,9935.8718,48069.8938,38589.6467,35.5262,1102.49,1594.8468,1234.1673,1625.166,56846.1735,38098.9719,1306.6681,12721.165,855.62,6533.916
2021-09-08,28206.97,1237.421,764.11,59021.9195,39542.9596,1073.872,9834.0078,47532.5662,38471.2184,34.339,1100.66,1573.883,1230.5806,1622.5522,56305.0058,37967.8019,1301.9404,12757.072,846.37,6533.916
2021-09-09,28496.42,1237.421,766.21,58387.0493,39317.8714,1071.572,9754.0017,47419.3169,38277.6212,34.339,1097.69,1589.6746,1224.429,1615.3997,56122.268,37922.1474,1294.1002,12774.871,848.1,6533.916
2021-09-10,28765.02,1237.421,776.53,58625.4743,39220.7245,1067.273,9847.1025,47768.6539,38161.1735,35.0084,1095.76,1611.8898,1220.8876,1610.8612,56962.6306,37884.0447,1291.2067,12792.978,857.3,6533.916
2021-09-13,28633.44,1237.421,767.83,58207.577,39381.0737,1065.073,9830.4564,47594.194,38228.3044,34.6926,1097.63,1595.5468,1222.6394,1614.0867,56489.4644,37957.3357,1297.5679,13315.233,849.99,6533.916
2021-09-14,28763.36,1237.421,765.04,58072.8621,39503.8462,1067.433,9839.7511,47763.6763,38345.5587,34.7431,1098.98,1603.7279,1226.3107,1619.7819,56547.6506,38061.9435,1304.5654,12792.978,851.37,6533.916
2021-09-15,28760.33,1237.421,772.6,58254.8105,39707.7464,1069.272,9821.7252,47937.1269,38467.3082,35.1978,1101.12,1609.7601,1231.2128,1625.9557,56517.6213,38188.5921,1312.3081,12757.072,858.76,6533.916
2021-09-16,28641.24,1237.421,774.55,57932.0754,39661.2241,1072.958,9789.0393,47678.2096,38470.0045,34.9073,1101.0,1606.3803,1231.2084,1625.9454,56482.7924,38115.0503,1310.4301,12791.952,861.27,6533.916
2021-09-17,28640.03,1237.421,774.48,57930.3586,39669.498,1072.958,9788.72,47675.4011,38477.8918,34.44,1101.19,1606.273,1231.4119,1626.2671,56480.109,38177.597,1311.4724,12791.952,861.22,6533.916
2021-09-20,27561.27,1237.421,746.28,56152.1923,39702.5263,1073.521,9594.5692,46071.3902,38540.9348,33.5307,1101.77,1538.5425,1233.4645,1628.8009,55236.9456,38156.8158,1313.144,12791.952,830.33,6533.916
2021-09-21,27688.17,1237.421,747.58,55790.8194,39776.0278,1075.108,9530.1841,46121.1059,38627.3253,33.9664,1103.18,1549.1183,1234.818,1632.0917,55190.3926,38242.1662,1316.0647,12782.719,834.0,6533.916
2021-09-22,28291.33,1237.421,759.55,56061.9799,39786.7115,1075.811,9569.1649,46873.3617,38690.4092,34.3516,1104.43,1582.3663,1236.2729,1634.2532,55895.2148,38310.1771,1314.5849,12782.719,849.92,6533.916
2021-09-23,28462.71,1237.421,761.66,55934.7856,39723.981,1077.287,9586.6372,47090.6452,38634.1582,34.5537,1102.93,1586.6393,1234.892,1631.6748,56283.8524,38298.0826,1311.9885,12782.719,853.29,6533.916
2021-09-24,28408.96,1223.013,760.82,55347.2803,39593.9457,1075.288,9489.0489,46986.1283,38541.5385,34.0738,1100.49,1580.8844,1231.8778,1627.6602,56097.9777,38286.8468,1308.3971,12801.185,846.08,6533.916
2021-09-27,28521.46,1216.924,754.38,54774.2239,39481.5457,1073.892,9431.5272,46745.8312,38446.8259,33.7075,1098.81,1577.9107,1227.9012,1623.0089,56067.7716,38183.8164,1303.4626,12801.185,841.32,6533.916
2021-09-28,28290.61,1216.924,748.69,53995.8244,39407.2755,1070.125,9385.2539,46538.6159,38350.7587,32.9624,1097.92,1564.3007,1224.7603,1619.9578,55669.9107,38207.067,1302.0731,12823.755,835.67,6533.916
2021-09-29,28221.46,1204.446,749.84,54221.2103,39377.0823,1068.689,9360.0948,46269.3647,38339.6422,32.8993,1098.98,1564.494,1223.4945,1618.8209,55711.9737,38344.2366,1301.0624,12722.191,840.31,6533.916
2021-09-30,28267.36,1204.446,750.54,54104.014,39429.0105,1069.332,9386.4614,46180.9674,38347.0629,32.8361,1099.27,1567.1185,1224.228,1619.829,55772.4179,38319.2441,1302.7551,12722.191,841.17,6533.916
2021-10-01,27982.37,1204.446,744.89,53291.6646,39329.7904,1066.539,9350.378,46071.536,38284.415,33.215,1095.94,1553.2112,1221.4639,1616.0585,55386.2263,38138.2943,1298.2462,12722.191,834.77,6533.916
2021-10-04,27550.73,1204.446,729.61,52176.089,39110.8716,1065.244,9268.0138,45533.0261,38130.9219,32.5204,1093.79,1534.886,1216.5157,1610.6005,54937.2332,38020.3137,1290.1158,12721.299,821.09,6533.916
2021-10-05,27517.97,1204.446,724.3,50976.609,38929.2319,1060.653,9112.3495,45253.5906,37949.8672,32.1036,1091.66,1526.358,1210.3533,1603.5699,54669.4279,37909.5355,1284.3267,12721.299,816.76,6533.916
2021-10-06,27074.01,1204.446,707.22,50092.7372,38675.6875,1056.926,8972.6783,44484.5994,37777.622,31.3711,1086.82,1488.4384,1200.7331,1592.4252,53595.4,37646.5916,1273.2583,12731.424,798.36,6533.916
2021-10-07,27035.13,1204.446,707.99,49702.832,38474.2603,1048.529,8971.0286,44507.2594,37549.5258,31.4595,1081.85,1486.1527,1193.2588,1582.5505,53798.1643,37491.2266,1266.0366,12745.633,797.9,6533.916
2021-10-08,27406.8,1204.446,710.24,49372.7642,38233.939,1045.756,8912.3045,44823.1183,37268.4272,31.0301,1076.84,1502.4282,1181.9717,1569.8536,53737.3891,37330.9728,1253.8554,12801.493,804.41,6533.916
2021-10-11,27402.8,1204.446,710.02,49368.2639,38280.1211,1045.756,8911.4413,44815.5842,37307.307,31.0554,1077.9,1502.101,1183.1407,1571.5326,53729.8226,37375.3099,1255.0462,12801.493,804.29,6533.916
2021-10-12,26942.84,1204.446,698.48,48789.7843,38083.5563,1043.064,8872.7131,44007.6698,37047.2421,30.7397,1074.06,1480.1218,1176.2786,1562.8152,53489.9202,37152.9273,1246.7663,12801.493,806.74,6533.916
2021-10-13,26405.11,1204.446,679.49,47874.6947,37891.7351,1035.852,8807.4935,43370.147,36759.9226,30.2092,1069.06,1445.5567,1168.7078,1552.3631,52376.2654,36920.8063,1240.2638,12801.493,779.35,6533.916
2021-10-14,26219.09,1204.446,673.63,47563.1096,38020.4418,1031.402,8745.8853,42945.7459,36883.8277,29.8682,1071.9,1434.1704,1171.7567,1558.778,51968.5821,37018.4864,1248.903,12731.424,775.41,6533.916
2021-10-15,26163.99,1204.446,668.0,46955.8431,38149.3164,1032.949,8722.5194,42455.2361,37009.4687,29.9314,1074.57,1424.2669,1176.0451,1565.5051,51781.8517,37066.7945,1256.0935,12722.191,770.72,6533.916
2021-10-18,26182.5,1204.446,655.9,46829.4585,38072.2834,1038.705,8673.8301,42447.4636,36999.8214,30.3734,1074.9,1428.6748,1175.5136,1563.6526,52079.2548,37081.6387,1250.565,12708.075,770.75,6533.916
2021-10-19,26111.95,1204.446,653.74,46871.4044,38210.5308,1037.088,8719.4873,42489.8274,37031.8891,30.4871,1075.92,1433.6308,1175.7245,1562.9982,51929.714,37241.9561,1253.3694,12772.46,775.69,6533.916
2021-10-20,26415.38,1162.11,661.78,47317.2697,38242.2392,1037.52,8747.7493,42900.0593,37065.8063,30.6765,1077.28,1454.0714,1176.5632,1565.5928,52244.6585,37309.6915,1255.3389,12772.46,777.49,6533.916
2021-10-21,26844.42,1162.11,662.97,47308.9123,38272.9376,1038.102,8756.1089,43339.8564,37120.494,30.5881,1077.56,1465.9591,1176.8348,1565.676,52336.275,37316.9078,1254.0241,12669.87,780.56,6533.916
2021-10-22,26955.1,1166.951,672.63,47987.2308,38259.0387,1040.292,8793.6582,43985.3049,37094.0773,30.6134,1077.35,1480.7334,1177.4143,1565.6795,52417.5337,37344.999,1253.1327,12669.87,790.48,6533.916
2021-10-25,27526.99,1162.11,689.23,48885.4375,38536.4456,1041.357,8894.0812,45012.8268,37339.837,31.75,1078.07,1512.9458,1185.195,1575.4536,53397.8048,37481.3764,1264.1404,12618.575,807.75,6533.916
2021-10-26,27743.13,1162.11,703.71,49289.7797,38810.4827,1046.269,8980.3616,45356.3929,37596.402,32.2931,1086.19,1535.0144,1193.41,1586.9444,54346.6266,37773.5176,1275.4016,12622.71,823.41,6533.916
2021-10-27,27238.97,1162.11,682.13,49169.7544,38846.0217,1052.768,8929.7164,44906.9207,37727.5326,31.1817,1086.81,1506.9152,1194.9844,1588.0581,53537.4663,37800.78,1276.0829,12622.71,803.89,6533.916
2021-10-28,27206.67,1162.11,679.16,48900.8318,38924.0194,1056.223,8927.8884,44735.1194,37789.7128,31.3332,1088.39,1496.4098,1198.1944,1592.1529,52905.7682,37814.3304,1280.8717,12622.71,799.16,6533.916
2021-10-29,27206.24,1162.11,683.26,49100.8609,38918.273,1058.333,8949.1047,44878.2525,37788.8339,30.9796,1086.64,1502.3702,1199.9896,1595.5986,52872.3817,37843.4207,1281.6175,12909.623,802.42,6533.916
2021-11-01,27202.22,1162.11,683.06,49096.3555,38974.2798,1058.333,8948.2045,44870.3835,37838.6198,31.6616,1087.82,1502.0778,1201.4591,1597.6795,52864.8421,37909.8111,1283.0707,12909.623,802.29,6533.916
2021-11-02,27646.48,1162.11,700.23,49365.6279,38974.6246,1060.221,8988.0018,45159.6093,37850.4795,31.8889,1088.74,1533.253,1201.6825,1597.7684,53857.7214,37912.2147,1283.2149,12909.623,823.36,6533.916
2021-11-03,28250.2,1191.556,719.5,50223.3612,38962.1571,1059.588,9049.0592,46232.3053,37815.6062,32.6846,1088.34,1567.167,1202.1024,1597.4572,54909.5995,37977.1511,1282.6558,12909.623,842.76,6533.916
2021-11-04,28935.07,1191.556,749.68,51033.7626,38962.5546,1061.306,9184.8257,47442.464,37769.2044,33.8591,1087.85,1619.8753,1201.4695,1596.0145,56598.8975,38025.7631,1281.2393,12700.647,872.18,6533.916
2021-11-05,28821.02,1191.556,743.27,51447.4784,38937.9616,1060.221,9250.4592,47358.4052,37717.7439,33.4171,1087.22,1601.1252,1199.8473,1593.415,56711.5309,37996.9624,1280.0734,12700.647,859.95,6533.916
2021-11-08,28732.64,1191.556,737.71,51836.6294,39060.881,1058.443,9300.2137,47271.266,37849.5581,33.556,1086.93,1598.6788,1204.2902,1597.9866,56303.7293,37788.7114,1283.4253,12700.647,858.93,6533.916
2021-11-09,29125.0,1191.556,752.36,52223.845,39081.8414,1061.406,9303.5046,48083.3009,37859.8898,34.5411,1088.82,1627.5877,1204.3189,1597.8769,56598.6136,38040.9736,1285.5328,12700.647,873.2,6533.916
2021-11-10,29082.33,1200.019,756.91,52823.3298,39413.2589,1061.808,9313.2338,48090.9043,38214.6195,34.339,1090.23,1626.7939,1215.7118,1609.5443,57172.4354,38197.3099,1300.8008,12772.46,876.17,6533.916
2021-11-11,29413.8,1190.276,766.66,53310.5172,39522.8603,1068.277,9403.4345,48563.1574,38374.0423,34.7684,1094.55,1634.8473,1219.4806,1615.4337,57312.7785,38317.726,1304.5232,12772.46,881.9,6533.916
2021-11-12,28939.12,1190.276,761.24,53217.1035,39490.3956,1071.381,9332.6828,47818.6665,38406.7332,34.3516,1094.65,1619.1836,1220.3274,1616.5747,57471.8428,38284.6047,1302.9267,12772.46,879.36,6533.916
2021-11-15,28447.52,1190.276,739.95,52610.3596,39424.9696,1072.406,9290.7589,46906.5955,38353.5844,33.7833,1094.59,1587.8783,1219.3202,1615.6326,56431.4431,38169.7064,1298.7478,12791.952,862.32,6533.916
2021-11-16,27918.05,1190.276,721.2,52056.2134,39316.8469,1071.733,9227.2156,45872.3494,38244.4298,32.3057,1092.44,1558.9605,1215.5006,1611.6602,55524.0394,38105.5992,1293.9525,12786.823,845.74,6533.916
2021-11-17,27860.26,1190.276,716.41,51652.4908,39328.5779,1069.804,9129.8425,45384.5949,38234.6893,31.2701,1093.94,1550.7278,1214.7689,1613.0799,54866.7302,38089.4876,1295.4236,12786.823,846.81,6533.916
2021-11-18,27709.8,1190.276,714.39,51222.7564,39345.1538,1068.076,9048.7816,45205.1272,38254.2724,31.4216,1093.3,1545.6369,1214.112,1613.9543,54796.1958,38079.4602,1295.446,12685.259,845.3,6533.916
2021-11-19,27930.56,1189.543,721.59,51226.2381,39325.5612,1069.543,9100.2214,45799.5361,38272.1358,32.1415,1093.15,1562.3608,1212.9887,1612.987,55176.4671,38085.2905,1294.2208,12787.849,853.75,6533.916
2021-11-22,30002.4,1216.356,797.36,56321.2191,39620.7278,1076.253,9686.0326,50060.296,38504.4794,35.9934,1097.46,1715.1243,1219.5893,1621.0611,59958.7361,38405.519,1305.6909,12821.703,941.06,6533.916
2021-11-23,29731.36,1198.181,787.0,56530.7282,39662.0792,1073.902,9759.7334,49872.1592,38635.1492,35.2104,1098.76,1695.8695,1221.2157,1623.8519,59878.2654,38464.5325,1308.1228,12822.729,931.26,6533.916
2021-11-24,29532.45,1198.181,771.61,56195.2268,39671.4837,1075.861,9742.2882,49078.178,38699.3477,34.8063,1099.57,1673.9076,1222.7689,1625.8362,59253.4897,38272.5158,1308.2386,12822.729,919.27,6533.916
2021-11-25,29458.15,1216.687,769.02,55809.9376,39598.2855,1076.122,9713.7275,48923.6978,38634.7566,34.8063,1096.83,1658.9176,1221.7776,1623.7688,58658.061,38192.8585,1304.1566,12874.024,914.33,6533.916
2021-11-26,29219.04,1216.687,766.51,55067.3841,39641.3392,1075.108,9662.2965,48352.3818,38647.4624,33.5307,1097.31,1647.3385,1222.2633,1624.8033,58404.6273,38219.9195,1306.2057,12874.024,904.09,6533.916
2021-11-29,28781.43,1216.687,749.65,54019.2484,39571.8267,1078.272,9530.5022,47213.692,38627.0913,32.5962,1097.98,1616.0487,1221.8881,1622.9886,57525.0373,38141.4056,1304.1908,12926.345,884.62,6533.916
2021-11-30,28975.05,1216.687,728.48,52789.0845,39119.5427,1078.051,9348.8193,47206.0034,38603.3511,31.9521,1098.4,1589.3083,1222.8509,1623.8344,56755.4092,37409.1889,1302.9355,12926.345,879.1,6533.916
2021-12-01,28413.39,1216.687,720.04,52205.7372,39133.2366,1076.715,9283.4343,46009.0397,38634.9092,31.3585,1098.15,1570.5205,1223.3254,1624.4981,56376.2383,37479.442,1304.1447,12926.345,849.65,6533.916
2021-12-02,28375.83,1216.687,725.98,52237.2085,39150.8588,1077.86,9345.6067,45729.7656,38636.7545,31.3838,1100.04,1575.9087,1223.7435,1624.8456,56006.9125,37381.7862,1305.1079,12926.345,854.48,6533.916
2021-12-03,28404.07,1216.687,725.83,52289.519,39302.2614,1076.102,9412.6481,45929.087,38799.342,31.308,1100.19,1579.306,1227.4278,1629.1554,56427.7483,37476.3485,1311.1609,12926.345,856.55,6533.916
2021-12-06,28332.09,1216.687,726.29,52077.053,39354.7949,1080.09,9358.3372,46141.2231,38885.0101,31.6742,1099.34,1580.529,1230.0701,1630.0819,56390.7289,37588.127,1313.4052,12926.345,868.94,6533.916
2021-12-07,28574.48,1216.687,729.67,51987.5654,39317.0837,1081.798,9341.6262,46148.5679,38853.6935,31.9016,1099.76,1592.3947,1229.8547,1629.4833,56391.5188,37550.4467,1311.0731,12905.827,871.43,6533.916
2021-12-08,28573.32,1216.687,729.59,51986.1475,39339.2364,1081.798,9341.3377,46145.7054,38872.5237,32.4699,1100.19,1592.2787,1230.3935,1630.2677,56388.9489,37574.9887,1311.6622,12905.827,871.39,6533.916
2021-12-09,28728.07,1216.687,738.49,52433.305,39287.3326,1082.27,9261.8786,46320.0822,38812.7232,31.8637,1099.95,1600.7131,1229.1012,1629.1496,56643.4124,37531.8406,1309.939,12905.827,879.43,6533.916
2021-12-10,28785.52,1216.687,738.93,52714.051,39294.4207,1082.159,9272.5793,46280.5617,38773.0688,31.9521,1099.38,1601.5242,1228.6142,1628.5525,56429.3139,37471.6489,1309.7316,12905.827,877.36,6533.916
2021-12-13,28320.83,1216.687,723.49,52384.3468,39262.1375,1080.261,9240.9147,45671.9926,38750.3978,30.6541,1098.88,1566.1518,1227.9162,1627.8424,55536.3269,37441.8089,1307.926,12905.827,859.81,6533.916
2021-12-14,27521.58,1216.687,700.09,51268.2594,39103.4069,1078.905,9094.3151,44707.0383,38620.0818,30.1863,1096.05,1518.3384,1223.6138,1623.0247,54067.7522,37332.646,1302.3123,12977.64,839.53,6533.916
2021-12-15,28085.11,1216.687,718.48,51342.6876,39013.5068,1077.79,9039.7934,45335.7749,38512.7685,31.057,1094.65,1549.2627,1219.7408,1619.883,54261.6963,37269.2293,1300.7862,12974.563,854.34,6533.916
2021-12-16,28661.6,1216.687,734.52,51466.8065,38958.6688,1074.314,9149.9499,45970.1689,38499.1984,31.6417,1089.97,1595.2786,1218.0273,1618.3468,55813.9039,36901.9322,1297.9729,12926.345,877.06,6533.916
2021-12-17,28486.26,1216.687,723.06,50336.9889,38826.8807,1072.476,9093.0954,45276.192,38352.6487,31.4338,1088.15,1571.7513,1214.6818,1614.2523,55533.1096,36802.6296,1293.3218,12926.345,865.44,6533.916
2021-12-20,27335.86,1216.687,686.7,49832.6578,38765.9589,1061.617,8846.0413,44195.9081,38262.6754,27.9643,1085.52,1493.9323,1212.9846,1611.9147,52776.7198,36384.878,1291.6836,12926.345,822.44,6533.916
2021-12-21,27995.68,1188.542,700.77,50786.8248,38833.9117,1064.761,8949.02,45274.6076,38271.3165,28.458,1085.1,1526.6407,1214.6892,1612.7207,53328.1304,36587.1413,1293.1253,13028.935,835.82,6533.916
2021-12-22,28230.74,1188.542,691.09,51331.9477,38995.5816,1060.111,9084.9563,45774.1257,38426.4669,28.562,1086.65,1531.8616,1218.2172,1616.1575,53166.2335,36472.8985,1300.8783,13028.935,834.02,6533.916
2021-12-23,28938.31,1188.542,710.97,51752.0372,39139.6205,1060.191,9152.7468,46604.2484,38615.2212,29.3937,1088.89,1573.7695,1222.5466,1621.175,53879.2076,36627.6681,1306.8558,12977.64,861.06,6533.916
2021-12-24,29390.12,1218.317,722.41,52468.6373,39196.6701,1060.904,9278.2855,47235.8446,38683.5175,29.3937,1089.74,1599.221,1225.4258,1624.2631,54715.6096,36677.2544,1307.2704,12977.64,873.05,6533.916
2021-12-27,29324.88,1218.317,721.99,52899.9896,39270.8938,1070.597,9287.4084,47234.7412,38737.7004,29.8485,1090.85,1596.1933,1227.1579,1626.8868,54698.5613,36738.2514,1310.3744,13012.685,872.22,6533.916
2021-12-28,29316.19,1218.317,720.87,53078.5713,39342.4212,1070.929,9339.8265,47476.6465,38890.9241,29.8485,1091.52,1592.1421,1229.3521,1629.9806,54575.2829,37005.4982,1313.6448,13182.615,873.33,6533.916
2021-12-29,29272.19,1218.317,717.36,53236.9664,39339.6276,1072.606,9404.2623,47500.3751,38930.1062,30.0304,1091.26,1589.1634,1229.7104,1630.6174,54150.2031,37013.3681,1313.5101,13179.25,873.66,6533.916
2021-12-30,29596.32,1218.317,726.52,53417.5075,39316.1684,1072.144,9489.8122,48181.9465,38822.1087,30.0414,1092.56,1611.9541,1229.037,1630.2928,54803.0037,37072.3675,1312.3361,12977.64,886.4,6533.916
2021-12-31,29595.12,1218.317,726.45,53416.023,39331.0585,1072.144,9489.5253,48178.8948,38832.0755,30.1197,1092.68,1611.8429,1229.2814,1633.328,54800.3694,37084.7318,1312.6957,12977.64,886.36,6533.916
2022-01-03,29812.27,1218.317,725.69,53313.0071,39329.1058,1084.48,9491.6627,48314.8258,38835.5212,30.2501,1092.76,1624.6085,1229.6312,1633.8478,54749.0817,37090.3173,1313.2612,12977.64,883.91,6533.916
2022-01-04,29803.22,1216.408,726.01,53411.7896,39230.046,1084.098,9467.911,48442.1537,38727.4408,29.9501,1092.32,1617.3968,1227.8004,1631.8736,54512.985,37061.4634,1309.2879,12977.64,881.13,6533.916
2022-01-05,29990.58,1216.408,730.46,53455.9926,39222.8175,1085.735,9458.1877,48754.4591,38720.5106,30.4588,1090.9,1623.2575,1225.5493,1629.9591,54695.41,37080.2153,1305.8941,12977.64,884.99,6533.916
2022-01-06,30007.61,1216.408,736.44,53807.6469,39224.5198,1082.591,9527.5547,49131.0408,38704.896,30.8371,1090.4,1628.8773,1225.1181,1630.0522,55242.5778,37091.8584,1306.9084,12977.64,892.89,6533.916
2022-01-07,29978.88,1216.408,732.56,53757.6955,39297.3371,1082.3,9560.7046,49122.7142,38767.193,30.8632,1091.52,1620.4837,1227.1261,1632.6678,55598.2694,37189.9331,1308.3247,12977.64,882.32,6533.916
2022-01-10,29840.91,1216.408,731.14,53700.8014,39272.8738,1084.922,9470.7479,49044.3355,38697.7144,30.7849,1091.72,1610.6685,1226.3616,1632.9907,55530.1877,37207.3381,1308.0338,13284.385,886.13,6533.916
2022-01-11,30307.92,1216.408,748.93,53574.545,39089.6097,1084.761,9509.7003,49562.9887,38402.9246,31.7894,1089.97,1653.5737,1222.5355,1627.7736,56565.7148,37169.1962,1302.4133,13284.456,904.02,6533.916
2022-01-12,30984.33,1216.408,769.83,54277.9373,39114.6237,1082.27,9589.527,50628.9919,38404.0495,32.4677,1089.19,1708.4814,1222.9959,1628.3148,57820.1284,37194.2767,1302.4802,13285.41,921.41,6533.916
2022-01-13,31020.74,1211.857,769.12,54655.0054,39100.8962,1082.149,9623.2907,50579.8933,38395.769,32.7547,1089.18,1716.4028,1222.8801,1628.3509,58324.5225,37242.4091,1302.4093,13285.41,919.92,6533.916
2022-01-14,30961.63,1211.857,764.2,54216.8356,39115.493,1082.139,9589.9065,50452.0944,38430.8505,32.8068,1089.57,1711.2662,1223.0795,1628.9301,57939.9728,37238.6508,1303.9736,13325.318,914.71,6533.916
2022-01-17,30901.5,1217.481,764.02,54691.3605,39164.7827,1083.003,9598.6306,50435.7651,38455.5127,32.8068,1090.93,1710.5179,1224.6575,1631.7616,58026.0948,37285.0841,1306.4617,13325.318,913.0,6533.916
2022-01-18,31119.96,1218.885,770.39,55214.2957,39142.7405,1082.842,9642.4412,50795.31,38444.4815,32.559,1091.56,1729.4649,1224.1885,1630.9792,58499.7827,37368.4654,1305.3404,13325.318,918.04,6533.916
2022-01-19,31036.58,1218.885,767.69,55758.2857,39127.0416,1079.126,9707.351,50865.9283,38456.3623,33.3025,1091.92,1717.4515,1223.6276,1629.9229,58880.4131,37391.3837,1304.5496,13336.705,917.59,6533.916
2022-01-20,31200.82,1218.885,765.29,56288.8379,39185.2977,1079.206,9787.5249,51113.3089,38525.5358,33.0938,1093.07,1722.4333,1224.898,1631.7869,58577.0685,37416.6374,1306.9469,13336.705,919.97,6533.916
2022-01-21,31873.68,1218.885,786.54,57585.6687,39384.4773,1083.746,9969.5835,52180.5947,38749.7351,34.8418,1096.45,1760.7573,1231.2477,1638.7174,59835.028,37559.1797,1315.5557,13256.819,951.14,6533.916
2022-01-24,31082.42,1218.885,765.4,56957.6198,39510.1619,1087.172,9944.6783,51129.0062,38925.2519,34.02,1098.7,1712.1271,1235.6829,1644.3215,58763.8209,37587.6878,1320.2608,13256.819,924.34,6533.916
2022-01-25,31333.34,1212.6,774.32,57209.1799,39578.6049,1091.441,9929.4845,51590.9337,39169.4705,33.6939,1099.26,1725.6801,1236.3799,1645.1652,59000.8575,37596.8575,1319.693,13285.41,932.41,6533.916
2022-01-26,31553.17,1212.6,780.04,57742.197,39543.8941,1091.31,9919.6563,51969.5615,39116.9845,33.2895,1098.79,1733.9354,1234.9551,1643.4633,59592.3342,37622.8725,1317.4799,13285.41,938.15,6533.916
2022-01-27,31420.77,1212.6,782.22,57998.0541,39307.3785,1091.441,9916.8443,51961.4065,38794.7539,33.7982,1093.12,1734.1986,1225.4434,1632.3605,59452.341,37443.8403,1307.4752,13285.41,938.72,6533.916
2022-01-28,31338.68,1212.6,783.4,58444.9047,39387.6971,1084.51,9908.6004,51773.6908,38876.9749,33.4982,1094.36,1729.1686,1228.1436,1635.3246,59444.2758,37487.7759,1310.6086,13285.41,938.04,6533.916
2022-01-31,31331.63,1212.6,787.81,58846.2577,39410.951,1085.474,9928.8441,52119.135,38995.9043,34.32,1096.82,1735.1882,1231.7328,1639.1707,59653.1108,37442.4052,1315.1228,13285.41,940.21,6533.916
2022-02-01,31461.02,1212.6,796.87,59141.2096,39488.9309,1089.693,9940.4436,52086.6965,39140.5139,34.3983,1098.34,1747.9509,1235.4657,1642.6124,59928.7611,37485.5226,1318.5061,13340.101,949.81,6533.916
2022-02-02,31302.44,1212.6,791.12,58767.4543,39461.1702,1091.903,9849.3372,51510.2772,39194.7235,33.5373,1099.01,1735.232,1236.5966,1644.1493,59727.926,37483.082,1320.0559,13336.705,939.69,6533.916
2022-02-03,30729.61,1212.6,771.91,57767.2246,39483.102,1091.712,9798.0745,50734.2284,39201.2608,32.1416,1098.91,1696.5744,1236.6119,1644.6711,58709.3622,37467.1006,1319.5285,13439.296,920.61,6533.916
2022-02-04,30547.86,1212.6,767.23,57307.3505,39469.5609,1090.406,9777.2337,50364.1051,39242.6938,32.0503,1099.53,1680.8973,1237.7865,1646.4274,58275.6958,37404.3669,1320.0119,13439.296,916.6,6533.916
2022-02-07,30742.88,1212.6,773.63,56701.5396,39475.9306,1091.883,9686.4843,50135.1489,39270.841,32.559,1100.16,1698.4847,1238.5364,1647.7303,58123.3357,37393.9485,1320.8981,13514.699,924.17,6533.916
2022-02-08,31159.52,1212.6,789.35,56335.5236,39605.5965,1093.791,9695.5377,50450.263,39329.6576,33.0808,1101.71,1734.7242,1242.13,1651.5835,58770.6596,37513.6091,1322.6749,13351.458,939.27,6533.916
2022-02-09,31304.82,1212.6,795.46,56546.4862,39588.547,1093.892,9669.741,50613.1058,39263.0239,33.8504,1100.94,1742.6725,1241.1046,1651.1872,59172.6153,37498.818,1322.7475,13490.591,944.41,6533.916
2022-02-10,31550.63,1212.6,799.19,56241.5449,39571.3123,1093.892,9670.4138,50728.1239,39245.3869,34.3461,1101.28,1754.5756,1240.6289,1650.5551,59390.4716,37488.403,1321.5308,13490.591,954.49,6533.916
2022-02-11,31589.18,1212.6,801.86,55723.1203,39499.8045,1095.097,9668.015,50445.1703,39147.2767,34.5678,1099.12,1760.0013,1237.9378,1647.0972,59796.5247,37432.1009,1318.7753,13490.591,957.9,6533.916
2022-02-14,31294.76,1212.6,792.27,55344.4561,39624.8094,1093.791,9594.1741,50014.5391,39275.419,33.9287,1101.6,1742.9506,1242.1076,1652.3755,59239.1587,37440.298,1322.5352,13490.591,948.26,6533.916
2022-02-15,31283.02,1212.6,796.02,54444.9979,39591.8416,1094.595,9568.4842,49707.7161,39241.4008,34.7505,1101.71,1750.2315,1240.6171,1651.1346,59383.5379,37364.3207,1320.7203,13490.591,953.84,6533.916
2022-02-16,31224.68,1212.6,794.44,54124.9725,39557.0988,1093.289,9542.8908,49469.1642,39199.3513,34.9722,1102.07,1750.1988,1239.121,1651.087,59295.6107,37351.1162,1319.8295,13490.591,956.35,6533.916
2022-02-17,30587.29,1212.6,775.37,53364.8602,39607.588,1093.088,9491.1272,48830.8641,39223.3622,34.0982,1103.13,1702.605,1239.9407,1652.4507,58791.3905,37402.0773,1321.2711,13490.591,938.23,6533.916
2022-02-18,30618.53,1212.6,772.38,52626.1453,39611.1847,1093.59,9510.7688,48934.741,39246.0155,33.7069,1103.36,1704.8289,1240.3279,1653.1201,58364.9037,37409.5594,1322.168,13424.523,935.26,6533.916
2022-02-21,30732.5,1223.209,767.67,52155.6318,39650.0193,1095.499,9468.7071,49075.3321,39284.0528,33.7069,1104.08,1699.2722,1241.2555,1653.7007,58211.7265,37556.9621,1323.0738,13424.523,932.21,6533.916
2022-02-22,30509.49,1223.209,756.32,51547.6067,39682.027,1095.298,9439.7583,48785.2608,39321.4936,33.3938,1105.38,1679.1772,1241.7119,1655.4062,57629.4785,37550.8489,1324.5467,13424.523,918.11,6533.916
2022-02-23,30022.51,1223.209,738.62,50704.4334,39800.0338,1096.102,9409.8289,48081.4153,39422.3386,33.0938,1106.32,1644.9856,1244.7145,1659.2939,57112.4274,37560.2506,1326.7198,13695.771,898.3,6533.916
2022-02-24,29869.6,1223.209,739.41,49500.2357,39968.4102,1099.215,9268.3225,47194.4302,39569.2365,32.5199,1108.75,1643.0165,1249.8212,1665.4474,56070.9375,37618.1559,1335.2254,13695.771,897.79,6533.916
2022-02-25,30380.53,1241.642,753.3,49858.4318,39979.4739,1101.626,9306.1176,47975.2194,39574.8823,33.7982,1109.29,1672.2078,1250.3373,1665.7191,57112.8851,37639.1757,1334.0322,13606.517,916.49,6533.916
2022-02-28,30739.97,1241.642,767.73,50304.7761,40068.9904,1103.434,9307.6652,48240.4212,39664.8633,33.9417,1110.59,1700.045,1252.5962,1668.6167,57840.4066,37670.5822,1337.6791,13606.517,933.33,6533.916
2022-03-01,30217.31,1241.642,752.37,49757.8479,40229.5631,1103.635,9307.5452,47546.4363,39845.4813,32.8199,1112.54,1670.8201,1258.2225,1673.2044,57359.5055,37756.0277,1343.5547,13473.376,911.87,6533.916
2022-03-02,30474.06,1241.642,760.69,49187.5129,40270.9323,1108.557,9293.1646,47385.7842,39906.7124,33.433,1113.21,1693.7959,1259.8766,1674.3166,57122.8836,37774.3333,1344.3592,13473.376,920.42,6533.916
2022-03-03,30871.76,1241.642,776.31,48583.5018,40279.1958,1110.566,9324.4153,47188.813,39898.0881,34.5287,1112.77,1723.9156,1260.4905,1674.2129,57861.7157,37744.9864,1343.1669,13548.041,939.7,6533.916
2022-03-04,31400.2,1241.642,791.53,48446.6807,40358.4593,1110.265,9306.8983,47463.6056,39983.4598,35.1679,1113.55,1749.6649,1262.9129,1677.8133,58397.2957,37824.0457,1346.2494,13567.533,952.74,6533.916
2022-03-07,31242.17,1241.642,788.1,47849.3806,40547.1828,1112.776,9277.5075,47403.3336,40176.8029,34.0069,1115.89,1742.3016,1269.3936,1685.1007,58875.6938,37960.0675,1352.0027,13695.771,942.49,6533.916
2022-03-08,31056.15,1241.642,786.84,47995.0102,40558.4604,1116.191,9233.0265,47112.376,40215.7044,34.2026,1115.36,1728.5816,1269.1588,1685.2348,58300.8147,37952.2309,1353.0445,13626.204,937.08,6533.916
2022-03-09,31527.32,1241.642,806.16,48951.4018,40638.5535,1115.388,9267.2476,48180.3988,40151.2013,35.0374,1116.98,1760.9752,1271.8728,1689.4935,58893.7777,37966.4671,1357.938,13532.252,953.58,6533.916
2022-03-10,31372.25,1241.642,797.7,49238.9464,40758.1566,1118.301,9248.0583,47959.5813,40238.0125,34.907,1118.28,1746.6862,1276.2742,1693.1872,58649.4747,37894.2053,1362.4463,13541.886,951.09,6533.916
2022-03-11,31639.89,1241.642,802.73,49699.7345,40691.09,1120.611,9326.0346,48532.6551,40227.7314,34.2939,1118.63,1760.4746,1275.3302,1692.4308,59058.9468,37879.0638,1360.4485,13541.886,960.53,6533.916
2022-03-14,31434.53,1241.642,792.82,50114.6963,40662.4179,1118.502,9331.5808,48208.8388,40291.9006,33.8634,1118.37,1746.4807,1274.0932,1691.7747,58612.8602,37891.2941,1358.2941,13541.886,946.63,6533.916
2022-03-15,31975.69,1241.642,798.51,50926.6145,40469.854,1117.397,9409.0586,48781.5037,40008.0034,34.4896,1115.99,1761.1107,1268.9548,1686.9823,58536.8594,37817.3792,1352.8205,13541.886,951.96,6533.916
2022-03-16,32376.66,1241.642,813.28,52310.9256,40442.5197,1116.191,9479.0685,49546.9094,40063.0925,35.8592,1115.25,1786.016,1267.1045,1685.6573,59441.8751,37826.8756,1349.5671,13541.886,967.37,6533.916
2022-03-17,32832.74,1241.642,828.48,52964.2954,40403.6435,1115.488,9454.4905,50208.9507,40013.2116,36.4202,1114.82,1821.2136,1265.9647,1684.0913,60324.0877,37878.1133,1348.8927,13541.886,985.06,6533.916
2022-03-18,33415.88,1241.642,839.77,55316.9441,40383.0512,1117.196,9653.6239,51098.1301,39974.3674,36.7202,1114.35,1841.5673,1264.8864,1682.8839,61199.0057,37888.147,1346.8923,13593.181,1000.32,6533.916
2022-03-21,34145.84,1241.642,863.93,55378.5665,40373.3355,1114.182,9669.9302,52131.8412,39955.0439,37.7116,1114.16,1895.5477,1264.9747,1682.6994,62241.5981,37934.1629,1345.2618,13593.181,1019.72,6533.916
2022-03-22,33763.47,1241.642,844.22,54659.5254,40315.7165,1114.082,9676.9771,51709.5094,39863.9204,37.4376,1113.79,1863.2185,1263.4668,1680.7846,62303.0968,37949.4588,1342.0009,13628.81,1005.55,6533.916
2022-03-23,33791.94,1241.642,836.8,54531.6622,40355.8053,1112.776,9724.3173,52029.0355,39858.117,36.8637,1114.09,1857.4751,1263.6834,1680.7195,61758.8944,37958.8269,1342.4633,13664.994,998.97,6533.916
2022-03-24,34336.19,1241.642,854.72,54441.4716,40365.1452,1113.479,9736.7296,52683.0805,39828.047,38.1551,1114.54,1896.128,1263.7223,1680.1769,62453.5521,38008.2625,1340.8128,13629.969,1019.65,6533.916
2022-03-25,34368.31,1241.642,856.31,54733.0424,40359.8648,1112.877,9760.9093,52841.7042,39781.0689,38.8464,1114.36,1896.9874,1262.7143,1678.5873,63047.9401,37981.5719,1338.1336,13513.878,1024.48,6533.916
2022-03-28,34210.05,1241.642,850.1,54496.0268,40265.9317,1114.383,9762.1391,52753.5282,39717.3883,38.129,1113.51,1884.2969,1260.9745,1676.8865,62756.0914,37819.0297,1336.7965,13767.584,1017.47,6533.916
2022-03-29,34141.03,1241.642,846.06,54485.5402,40326.2249,1113.379,9778.5244,52825.9805,39743.8808,38.0768,1114.59,1874.6262,1262.5438,1677.8756,62331.8116,37843.9221,1338.2682,13658.838,1017.46,6533.916
2022-03-30,34014.69,1241.642,842.07,54218.6656,40452.5371,1112.173,9828.9247,52355.4744,39830.5996,37.5028,1116.26,1868.5661,1264.7617,1680.4514,62309.7235,37909.3338,1344.3495,13605.963,1022.59,6533.916
2022-03-31,34121.65,1241.642,849.58,54303.0305,40616.9121,1118.401,9890.4087,52341.0725,40055.9117,37.9203,1119.89,1881.658,1270.1615,1687.2967,62453.7624,38021.0185,1350.5878,13511.109,1026.26,6533.916
2022-04-01,34261.42,1241.642,854.35,54353.9567,40706.888,1120.912,9927.5057,52576.9998,40157.6199,38.5464,1121.54,1888.479,1273.0131,1689.8437,62977.7569,38030.6269,1352.6947,13658.294,1034.17,6533.916
2022-04-04,34406.92,1241.642,859.01,54451.5997,40782.3371,1123.022,9932.1969,52769.9429,40272.9484,38.8725,1123.79,1895.826,1276.4331,1694.0046,63064.8652,38095.5297,1354.3045,13658.294,1039.27,6533.916
2022-04-05,34144.43,1241.642,847.07,54162.1871,40832.9392,1123.223,9948.2567,52398.8846,40306.9138,37.9985,1124.98,1875.923,1278.3096,1696.0351,62686.0344,38135.5603,1355.9044,13658.294,1024.76,6533.916
2022-04-06,34210.27,1241.642,853.69,53601.4433,40771.4794,1125.131,9875.341,52250.5636,40118.3142,37.5159,1124.69,1880.9228,1278.0667,1695.2327,62543.3008,38134.8071,1355.5522,13658.294,1029.96,5800.195
2022-04-07,34211.31,1241.642,852.04,53459.9818,40779.5644,1125.332,9939.3541,52344.1724,40114.149,37.4376,1125.19,1881.9003,1277.7596,1695.3617,62841.6084,38165.5921,1355.4399,13658.294,1028.72,5800.195
2022-04-08,34444.49,1241.642,854.64,53946.6206,41012.1781,1126.236,10033.5455,53038.7754,40259.2433,37.0463,1129.51,1894.6723,1283.4174,1702.1597,62857.2371,38410.8286,1363.0798,13658.294,1031.07,5800.195
2022-04-11,34170.81,1241.642,843.87,53588.2565,41114.7402,1132.866,10088.1176,52725.3436,40350.4047,36.068,1130.93,1873.8636,1287.1424,1706.087,62208.0757,38442.7132,1366.458,13857.36,1021.08,5800.195
2022-04-12,34175.23,1241.642,841.61,53083.2586,41117.2713,1133.67,10005.8015,52683.4453,40327.9541,36.5245,1131.14,1867.2821,1286.9931,1706.2277,62185.6348,38396.2255,1365.7699,13857.36,1014.91,5800.195
2022-04-13,34161.23,1283.142,842.56,53187.9089,41275.4238,1137.286,9968.8468,52657.3829,40437.8377,37.0072,1133.79,1874.6119,1291.7126,1711.4914,62379.9417,38534.5232,1370.3364,13747.066,1019.77,5800.195
2022-04-14,34153.87,1283.142,841.99,53150.8232,41423.0348,1139.596,9998.3237,52764.5093,40583.6263,36.3158,1136.25,1872.6464,1296.1386,1717.1199,62376.1937,38633.2324,1375.2995,13870.174,1023.06,5800.195
2022-04-15,34152.46,1283.142,841.91,53149.1339,41448.7583,1139.596,9998.3237,52760.544,40609.4255,36.3158,1136.78,1872.5125,1296.937,1718.224,62373.2572,38669.8495,1376.0024,13870.174,1023.0,5800.195
2022-04-18,33986.24,1283.142,832.8,53240.5913,41448.0387,1142.107,10029.8318,52508.3278,40579.2945,36.1854,1137.11,1854.811,1297.124,1718.0557,61932.7409,38653.4551,1375.6013,13874.329,1011.13,5800.195
2022-04-19,34224.32,1283.142,842.45,53484.2356,41527.6356,1144.217,10055.9552,53088.3965,40691.4255,36.3288,1138.75,1877.6908,1298.7142,1720.9166,62079.6096,38675.8632,1379.3161,13942.007,1023.89,5800.195
2022-04-20,34314.93,1283.142,850.54,53389.6676,41501.9335,1146.728,10092.1015,53171.1583,40677.8796,36.955,1138.63,1890.9503,1298.4003,1720.4344,62269.504,38692.7934,1378.573,14003.541,1041.51,5800.195
2022-04-21,33983.34,1294.113,836.45,53225.8881,41458.5447,1148.335,10134.1242,52739.7011,40627.4911,35.4157,1137.66,1865.5234,1297.0939,1716.9371,62120.1888,38552.489,1377.4064,13977.893,1018.72,5800.195
2022-04-22,33910.36,1294.113,826.1,53422.5503,41496.8549,1145.723,10075.7482,52830.4645,40682.11,34.9983,1138.21,1858.0307,1298.3707,1719.3601,61708.9066,38499.0027,1379.1072,13977.893,1011.11,5800.195
2022-04-25,33459.39,1294.113,803.7,53101.8448,41559.2608,1146.929,9944.2997,52304.1509,40750.247,33.6939,1139.47,1823.151,1300.7882,1722.169,60463.4943,38501.6822,1380.6273,13773.206,989.11,5800.195
2022-04-26,33313.29,1294.113,792.07,52636.8407,41467.4437,1149.54,9912.4396,51758.8376,40695.3012,33.1721,1138.74,1814.3268,1299.0781,1720.4876,59827.2705,38386.0644,1380.0891,13849.656,970.7,5800.195
2022-04-27,33617.61,1295.197,803.47,52371.6003,41512.1852,1148.636,9954.7498,52177.2153,40777.4996,33.4721,1139.27,1831.5961,1300.4732,1721.5562,60074.1174,38360.0568,1381.1568,13849.656,987.95,5800.195
2022-04-28,33841.77,1295.197,802.04,52088.4114,41517.5609,1148.737,9939.114,52411.1642,40868.7148,33.2243,1139.58,1833.1749,1301.4457,1723.5636,60226.4528,38412.5302,1383.0334,13875.303,998.59,5800.195
2022-04-29,33830.5,1295.197,796.28,52029.3286,41471.3374,1149.54,9976.1089,52494.7919,40902.3986,33.1199,1140.05,1831.1529,1300.9306,1724.8406,60458.8885,38424.9385,1382.9112,13875.303,986.94,5800.195
2022-05-02,33743.03,1295.197,788.89,51704.0447,41452.6625,1149.44,10006.5025,52147.7634,40917.1595,32.7286,1139.0,1823.0725,1300.0898,1725.4027,59692.7403,38370.4065,1383.124,13921.417,982.42,5800.195
2022-05-03,33963.8,1293.236,794.51,52195.6992,41456.1813,1147.331,10011.0465,52410.0682,40911.0455,33.3677,1140.87,1831.5827,1299.8317,1726.7436,60068.242,38412.6234,1383.779,13921.417,988.28,5800.195
2022-05-04,34490.68,1293.236,809.54,52834.5578,41468.8227,1145.523,10061.752,52924.2922,40911.8267,34.8287,1141.43,1863.2795,1300.3968,1727.3802,60815.6123,38422.3955,1382.9349,13920.545,1013.78,5800.195
2022-05-05,34373.99,1293.236,802.57,53347.3296,41430.2174,1144.618,10141.0802,52476.6033,40840.656,33.9939,1141.23,1855.3349,1298.667,1726.145,61373.2773,38384.0338,1382.0057,13643.84,1007.73,5800.195
2022-05-06,34415.16,1286.858,801.99,54232.6513,41387.4482,1144.317,10195.1135,52970.3302,40803.4837,33.8113,1139.3,1853.4274,1296.6519,1723.3075,60974.0554,38292.6319,1379.6235,13643.84,1005.99,5800.195
2022-05-09,34115.23,1286.858,784.89,54153.6491,41300.249,1143.112,10234.7463,52835.7935,40593.8484,32.4807,1136.7,1832.4586,1294.2793,1719.0541,60273.5535,38176.5126,1375.3898,13643.84,991.98,5800.195
2022-05-10,34020.48,1286.858,777.86,54192.3317,41306.5442,1140.601,10264.2713,52661.8441,40577.7685,32.5068,1136.29,1824.1537,1294.9408,1719.2723,59707.0543,38144.9692,1375.1293,13643.84,987.39,5800.195
2022-05-11,34078.73,1286.858,774.18,55283.8552,41398.8148,1139.696,10268.5498,52925.6162,40670.9458,32.7025,1137.33,1821.9053,1297.7548,1722.8148,59797.1254,38249.3044,1377.5781,13698.479,987.02,5800.195
2022-05-12,34291.62,1286.858,780.98,55740.1955,41467.5445,1143.112,10280.3234,53452.9236,40758.1624,32.846,1137.73,1820.4999,1299.6933,1725.1971,60000.3328,38322.9816,1381.305,13710.985,993.95,5800.195
2022-05-13,35032.02,1286.858,809.24,56815.4414,41505.0269,1144.518,10442.9861,54645.9618,40821.8036,34.2026,1138.88,1864.0861,1301.0605,1727.8826,61271.9896,38363.6929,1384.0661,13710.985,1019.71,5800.195
2022-05-16,35243.0,1286.858,812.03,57045.978,41616.8319,1144.92,10635.7164,55366.9916,40919.3524,34.1895,1141.17,1878.2622,1303.4911,1732.0438,62032.9014,38459.6807,1387.695,13710.985,1028.82,5800.195
2022-05-17,36188.52,1286.858,841.13,58423.7984,41698.586,1146.427,10755.476,57001.8411,41031.7011,35.9897,1142.89,1934.9535,1305.6233,1735.4496,63017.8297,38591.7604,1389.5618,13710.985,1062.47,5800.195
2022-05-18,36099.43,1286.858,832.31,58114.9961,41715.0288,1147.23,10788.4872,56784.8152,41040.5591,35.3766,1143.26,1922.8554,1306.7336,1735.9075,63515.1022,38611.9848,1391.9298,13875.303,1053.73,5800.195
2022-05-19,36273.99,1286.858,838.07,57895.369,41825.4237,1146.125,10794.5013,57056.8354,41170.1469,36.4462,1145.32,1934.3609,1310.0552,1740.1575,63417.8171,38701.2161,1395.6113,13906.07,1061.1,5800.195
2022-05-20,36366.08,1302.442,838.09,57857.6728,41931.0401,1148.034,10796.8714,57376.2206,41256.8821,36.6028,1146.88,1942.854,1310.8278,1741.1939,63365.9639,38834.3338,1398.3367,13906.07,1066.73,5800.195
2022-05-23,37309.21,1302.442,860.69,58300.6783,42011.8336,1149.641,10870.7456,58645.4629,41408.1586,37.7507,1149.47,1998.8904,1313.3826,1745.5483,64449.6182,38955.2982,1402.2166,13916.339,1090.76,5800.195
2022-05-24,37483.71,1309.182,862.96,58561.0413,42082.3655,1152.353,10929.0632,58972.2233,41509.5252,37.829,1151.49,2015.0785,1315.861,1749.6569,65158.95,39108.7595,1404.9304,13874.924,1095.05,5800.195
2022-05-25,37846.82,1309.182,881.12,59820.9313,42087.2786,1154.262,10983.4715,59760.1625,41443.9959,37.8811,1152.68,2039.0684,1316.1579,1750.6393,65488.6316,39148.2153,1404.7193,13874.924,1105.92,5800.195
2022-05-26,38420.29,1309.182,895.93,60991.42,42024.3789,1153.96,11104.6598,60936.8255,41384.4694,39.0551,1152.54,2083.3395,1314.8268,1749.3536,66461.0729,39195.2435,1401.813,13950.194,1126.99,5800.195
2022-05-27,39137.59,1309.182,914.59,62803.9739,42057.0453,1152.755,11263.924,62131.2828,41421.0717,40.0465,1153.75,2126.002,1315.7225,1750.7472,67875.8237,39294.8416,1403.7442,13950.194,1156.51,5800.195
2022-05-30,39098.67,1309.182,914.12,62522.0732,42072.6478,1153.659,11408.7014,62209.0152,41498.0985,40.0465,1154.68,2128.498,1316.1511,1752.1019,68579.7263,39295.4495,1408.1269,13849.656,1158.15,5800.195
2022-05-31,38891.94,1309.182,906.24,62003.7115,42126.5945,1153.056,11305.1889,61983.7764,41537.3998,39.6291,1157.26,2108.5913,1317.3511,1754.7315,67764.942,39390.6308,1410.0588,13767.861,1149.37,5800.195
2022-06-01,38591.35,1309.182,892.16,60681.216,42140.61,1154.161,11201.9035,61412.7933,41573.8907,38.8986,1157.67,2085.6099,1318.4664,1755.7866,66856.7693,39376.0265,1410.9535,13767.861,1129.32,5800.195
2022-06-02,38937.78,1309.182,906.4,61389.7907,42143.3336,1155.266,11225.4739,61885.2017,41599.4852,40.203,1158.39,2111.929,1319.0979,1756.6939,67539.1319,39409.9789,1410.9698,13901.607,1141.76,5800.195
2022-06-03,38922.12,1309.182,909.66,61184.6642,42137.9382,1155.467,11246.6459,61731.287,41621.0178,40.1117,1159.01,2110.9004,1319.1681,1757.0475,67746.417,39465.0785,1411.178,13911.21,1147.78,5800.195
2022-06-06,38832.53,1309.182,909.68,61149.9399,42153.4494,1155.768,11239.3135,61487.4472,41643.4796,39.59,1158.59,2101.7589,1320.5932,1758.6914,67813.8905,39373.387,1411.9152,13881.223,1141.84,5800.195
2022-06-07,38921.79,1309.182,912.12,60948.2605,42148.1035,1154.463,11250.9778,61664.5622,41615.5574,39.3812,1158.47,2114.4023,1319.8462,1758.0927,67812.7458,39383.1154,1412.4491,13931.728,1145.08,5800.195
2022-06-08,38617.75,1309.182,901.95,60981.7096,42079.6165,1155.869,11275.6538,61261.6694,41536.8716,39.1986,1159.12,2094.26,1317.7052,1755.6355,67325.9076,39410.9997,1410.0835,13931.964,1129.58,5800.195
2022-06-09,38147.48,1309.708,890.43,60791.0546,42039.7427,1155.166,11271.9942,60504.3867,41440.8035,38.3696,1158.51,2064.1857,1316.2028,1753.1046,66535.6222,39347.0696,1408.1719,13931.728,1117.03,5800.195
2022-06-10,38306.81,1309.708,898.5,60479.4316,42033.5982,1155.166,11287.2356,60628.2743,41411.1259,37.5827,1158.93,2071.2656,1317.0016,1753.5223,66155.242,39308.8279,1407.7396,13931.728,1127.59,5800.195
2022-06-13,37670.48,1309.708,876.51,59240.3773,41969.4755,1154.463,11139.044,59271.7711,41313.3812,36.0631,1159.34,2031.6402,1315.7112,1752.5244,65434.0193,39206.2807,1405.9162,13931.728,1110.94,5800.195
2022-06-14,37439.86,1309.708,875.71,59119.0622,41943.6472,1153.759,11117.743,58701.14,41255.2895,35.9275,1158.1,2026.0681,1315.5207,1752.0823,65586.3943,39039.8826,1406.2812,13931.728,1106.85,5800.195
2022-06-15,37658.72,1309.708,878.03,59218.5947,42023.9811,1155.668,11111.11,59148.3781,41325.4018,36.4837,1159.36,2034.8008,1318.9345,1756.8508,65586.3833,39040.0698,1412.2306,13931.728,1112.93,5800.195
2022-06-16,37043.6,1309.708,854.12,58073.4361,42105.6411,1157.576,10887.3495,57696.4987,41456.7055,35.2084,1161.07,1995.008,1321.4411,1760.7594,64895.4439,39067.9989,1417.3662,13931.728,1091.63,5800.195
2022-06-17,37411.97,1309.708,862.33,57742.2492,42149.5863,1159.887,10873.25,58067.6089,41519.6854,34.9777,1161.39,1998.8303,1322.8122,1762.2646,64949.0689,39097.1425,1419.6951,13931.728,1095.81,5800.195
2022-06-20,37594.48,1322.083,865.98,57898.6402,42263.9761,1162.097,10863.8958,58178.2651,41667.6679,34.9777,1163.74,2001.6244,1326.9377,1767.0738,64630.3842,39142.7062,1423.4548,13931.728,1099.54,5800.195
2022-06-21,37592.95,1322.083,865.89,57897.344,42281.5402,1162.097,10863.6004,58173.566,41686.9995,35.5204,1164.1,2001.5029,1327.497,1767.9225,64627.2887,39158.8325,1423.7975,13931.728,1099.48,5800.195
2022-06-22,37470.17,1322.083,859.66,57475.3054,42393.1008,1164.507,10826.7288,57878.5923,41857.7824,34.4621,1165.24,1987.4416,1329.9893,1771.7709,64397.4082,39214.0517,1429.2758,13971.687,1091.27,5800.195
2022-06-23,36716.02,1322.083,838.25,56987.1543,42450.0696,1165.612,10768.6457,56777.5705,41930.031,33.2139,1166.36,1941.6266,1331.4243,1774.716,63525.8588,39152.0561,1432.6963,13931.728,1063.88,5800.195
2022-06-24,36763.25,1322.083,848.41,56695.1445,42412.6405,1167.722,10692.8984,56538.9476,41890.6852,33.2953,1164.72,1951.7543,1331.6114,1773.8664,63324.5495,39080.3934,1431.6219,13999.94,1073.23,5800.195
2022-06-27,36758.74,1322.083,848.16,56691.374,42465.727,1167.722,10692.0657,56525.7628,41947.784,33.7295,1165.83,1951.4403,1333.2975,1776.4294,63315.6724,39119.9156,1433.4827,13999.94,1073.06,5800.195
2022-06-28,36729.75,1322.083,849.18,56188.8044,42403.2572,1169.429,10614.8848,56450.8147,41881.4856,33.2275,1166.03,1950.6316,1332.5033,1775.0059,63649.4952,39085.7607,1430.7825,13999.94,1068.3,5800.195
2022-06-29,36697.6,1322.083,846.22,56037.7837,42422.6224,1168.425,10562.6254,56354.624,41882.629,32.8747,1165.86,1951.398,1332.9901,1775.5479,63773.7499,39009.2848,1431.7339,13999.94,1068.34,5800.195
2022-06-30,36362.75,1322.083,834.71,55788.0523,42529.2385,1168.927,10573.0381,56020.4434,42002.1366,32.6576,1166.98,1932.7567,1335.9475,1780.0595,63559.9728,38974.7628,1434.4441,13931.728,1052.98,5800.195
2022-07-01,36488.45,1322.083,844.25,55490.6355,42618.9818,1171.74,10573.6642,55747.3786,42079.8783,32.5626,1168.15,1942.1968,1337.7454,1783.1638,63603.3884,38924.3347,1437.7741,13931.728,1064.06,5800.195
2022-07-04,36412.85,1322.083,845.1,55254.3019,42652.2082,1173.95,10539.3817,55599.6758,42147.5886,32.5626,1169.61,1941.8857,1339.1617,1785.4601,63368.4812,39009.4311,1438.8622,13931.728,1060.06,5800.195
2022-07-05,36669.31,1322.083,850.4,54947.6595,42767.1323,1174.151,10568.5946,56207.7519,42293.1615,31.9114,1170.92,1971.6438,1342.5637,1791.1055,63573.147,39015.6048,1443.2176,13931.728,1064.86,5800.195
2022-07-06,36852.4,1322.083,850.08,54782.06,42788.9878,1176.26,10639.8182,56368.8699,42322.3326,31.5451,1170.06,1973.2626,1343.4879,1792.256,63748.519,38988.7553,1444.2126,13917.786,1063.97,5800.195
2022-07-07,37409.39,1322.083,864.44,55106.3234,42748.0401,1177.264,10669.3563,57099.3712,42323.5161,32.8476,1171.09,2001.7299,1344.6202,1793.1214,64437.2083,39067.5275,1442.7727,13931.728,1092.31,5800.195
2022-07-08,37384.46,1322.083,867.47,55393.3843,42626.0616,1178.369,10693.0438,56906.7911,42194.214,32.1013,1169.79,2002.9216,1342.1399,1789.7875,64643.4772,39003.1967,1439.1371,13931.728,1090.75,5800.195
2022-07-11,37061.81,1322.083,860.97,55281.6329,42687.0402,1177.867,10671.7123,56365.534,42260.4241,31.4365,1170.65,1993.6765,1345.358,1793.1302,64729.5484,38946.7205,1442.287,13931.728,1079.03,5800.195
2022-07-12,37125.77,1339.153,862.43,55251.2679,42617.1697,1180.077,10625.5447,56294.8849,42193.2868,30.4868,1169.76,1992.8476,1345.2886,1792.7088,64275.9353,38879.1288,1441.9413,13931.728,1078.31,5800.195
2022-07-13,37487.74,1339.153,868.87,56390.4479,42637.7698,1180.177,10725.3287,56153.0799,42203.8486,30.9888,1170.43,2017.0472,1347.0061,1795.1292,65009.9669,38992.203,1442.9973,13931.728,1090.36,5800.195
2022-07-14,37598.04,1339.153,871.41,56200.4608,42690.5914,1181.885,10740.4818,55920.3398,42156.9804,30.0797,1165.22,2023.4527,1346.948,1794.6164,64846.6651,38819.773,1444.7007,13931.728,1099.61,5800.195
2022-07-15,37424.92,1339.153,866.14,56383.9584,42772.404,1183.291,10739.5011,56019.1303,42195.7358,32.2913,1168.72,2017.8494,1347.5252,1794.443,64826.9322,39169.0043,1447.704,13931.728,1089.55,5800.195
2022-07-18,37436.96,1339.153,863.6,56476.6726,42987.0454,1184.497,10718.6401,56131.83,42429.143,33.0918,1174.05,2023.0183,1352.6073,1801.4632,64815.6552,39217.5511,1452.4938,14021.802,1081.79,5800.195
2022-07-19,37708.73,1339.153,875.29,56616.4634,42982.2664,1187.812,10725.4736,56290.6705,42469.6589,33.9601,1173.91,2042.2474,1353.098,1801.2936,65023.1377,39267.2626,1452.2507,14077.734,1096.38,5800.195
2022-07-20,37817.36,1339.153,873.75,56832.2464,43004.219,1187.912,10742.6984,56508.3423,42480.8391,33.9873,1174.3,2067.9304,1353.2385,1802.1855,65313.8689,39324.6779,1452.81,13931.728,1095.41,5800.195
2022-07-21,37994.04,1339.153,882.59,57038.7825,42964.4175,1187.611,10743.9906,56686.2692,42450.4084,34.3129,1173.83,2091.0057,1352.4174,1802.103,65524.712,39374.8731,1451.1496,14188.203,1110.21,5800.195
2022-07-22,38046.63,1339.153,885.54,56981.58,42996.6131,1187.51,10778.5529,56713.9001,42481.0675,33.5124,1174.21,2099.6133,1353.5052,1803.2739,66102.6932,39421.9562,1451.5648,14188.203,1117.17,5800.195
2022-07-25,38008.51,1339.153,891.1,56885.108,43011.029,1189.519,10769.844,56522.4293,42549.772,34.2993,1175.25,2095.2906,1354.9882,1805.6991,66137.2668,39483.9015,1452.2295,14026.149,1124.71,5800.195
2022-07-26,37936.22,1339.153,886.34,56704.2206,43025.9208,1190.825,10824.2474,56785.7585,42549.0641,34.5028,1176.76,2082.8153,1354.9736,1806.787,66071.465,39542.9733,1453.7832,14228.814,1120.29,5800.195
2022-07-27,38232.3,1339.153,893.64,56918.5993,42942.937,1190.926,10823.1072,56912.3668,42437.8418,35.2762,1175.46,2100.7683,1352.4399,1803.7248,66323.8987,39534.5834,1451.0241,14121.457,1133.73,5800.195
2022-07-28,38314.8,1339.153,901.06,56763.8357,43044.5089,1189.318,10867.1512,57753.6578,42533.2117,35.5204,1177.71,2110.5209,1354.148,1806.5696,66875.7329,39677.3504,1454.7319,14242.744,1136.79,5800.195
2022-07-29,38497.27,1339.153,902.73,57197.111,43072.942,1191.629,10932.9256,58326.0076,42587.906,35.8732,1179.41,2117.3945,1355.3953,1808.5389,66933.207,39734.7882,1455.1532,14081.972,1140.35,5800.195
2022-08-01,38592.35,1339.153,900.87,56969.3653,43188.9733,1191.227,10933.1267,58419.5761,42661.6715,35.8732,1181.5,2119.3734,1356.3303,1810.6531,66792.1973,39789.671,1459.3542,14081.972,1139.67,5800.195
2022-08-02,38538.72,1339.153,899.33,57042.8291,43218.2349,1190.624,10958.4155,58472.0322,42719.6807,35.3712,1182.55,2116.1963,1357.6716,1812.8783,66598.2992,39816.875,1459.8614,14175.399,1138.72,6272.697
2022-08-03,38279.33,1339.153,895.02,57175.3622,43075.6087,1189.318,10896.3813,58101.1873,42621.2444,34.9777,1181.1,2097.7586,1356.2046,1810.527,66173.4757,39747.3464,1456.6335,14174.769,1129.51,6272.697
2022-08-04,38216.7,1339.153,891.82,57473.7898,43116.864,1190.022,10876.2678,58242.5068,42685.9508,35.127,1181.55,2097.2615,1356.4031,1810.5931,66100.737,39699.1358,1458.3468,14208.87,1129.52,6272.697
2022-08-05,38246.31,1339.153,899.21,57471.5655,43044.4059,1189.017,10841.2407,58061.4308,42626.0097,34.8827,1180.25,2099.5388,1353.9429,1808.5151,66356.574,39660.9748,1455.0681,14208.87,1133.46,6272.697
2022-08-08,38397.37,1339.153,908.39,57289.0373,43108.7984,1190.624,10807.992,58145.3559,42697.8117,35.846,1182.32,2108.6045,1356.3283,1811.8607,67051.3219,39768.1702,1457.4788,14033.197,1143.47,6272.697
2022-08-09,38249.77,1339.153,905.67,57166.7896,43068.5882,1188.917,10856.979,57917.5804,42639.1255,35.8732,1182.16,2104.5854,1356.0372,1811.874,66950.603,39766.5168,1456.3107,14157.202,1142.93,6272.697
2022-08-10,38269.19,1339.153,910.98,57722.3559,43182.631,1189.017,10864.6676,58138.1152,42700.8096,36.7144,1181.09,2112.2856,1357.6663,1814.5392,67323.9518,39768.6515,1459.5285,14157.202,1152.51,6272.697
2022-08-11,38473.43,1354.603,919.73,57764.7885,43094.056,1188.716,10848.4214,58217.9544,42622.7437,37.1078,1180.86,2129.0977,1356.8663,1813.7147,67475.6459,39777.498,1456.3162,14105.533,1162.97,6272.697
2022-08-12,38720.39,1354.603,931.29,58330.5116,43034.3554,1188.716,10985.7492,58562.4952,42527.0066,38.2272,1180.49,2149.0066,1355.9302,1812.2536,68570.4637,39822.8256,1454.58,14105.533,1175.9,6272.697
2022-08-15,38715.88,1354.603,931.02,58326.4135,43095.5495,1188.716,10984.8624,58548.3495,42590.7728,38.4239,1181.79,2148.4244,1357.8181,1815.1298,68560.5555,39868.7967,1456.858,14105.533,1175.72,6272.697
2022-08-16,38890.45,1354.603,935.2,58953.4145,42978.1018,1188.917,11033.6146,58869.3227,42511.7957,37.9355,1181.87,2158.6775,1355.1893,1813.0018,68763.1007,39858.3321,1454.8208,14105.533,1176.04,6272.697
2022-08-17,38939.46,1354.603,943.52,58753.9736,42777.5816,1185.602,11009.0015,58744.5285,42335.8043,37.4199,1180.39,2163.9765,1351.8361,1809.6453,68929.2977,39822.1102,1449.771,14126.2,1184.42,6272.697
2022-08-18,38770.57,1354.603,934.35,59350.2826,42508.8126,1182.488,11020.7933,58551.9782,42095.7761,35.629,1178.32,2152.8198,1347.5978,1804.3562,68303.5305,39780.6125,1444.8385,14354.576,1174.39,6272.697
2022-08-19,38542.71,1354.603,924.78,59814.2382,42293.5323,1182.588,10979.2276,58580.3973,41865.9401,34.8692,1176.11,2138.9032,1344.8188,1800.7094,67708.2323,39710.3974,1440.091,14141.701,1161.76,6272.697
2022-08-22,38574.56,1354.603,933.56,59317.695,42060.9465,1181.684,11027.2841,58414.1596,41643.4911,35.0998,1175.5,2148.9785,1342.0624,1796.9046,68136.8297,39612.8234,1434.727,14145.215,1173.15,6272.697
2022-08-23,38617.9,1354.603,941.07,59454.554,42055.7829,1177.164,10998.3816,58169.8482,41631.5262,36.3616,1175.94,2154.8112,1341.8282,1796.5323,68647.3873,39615.6045,1435.1541,14141.701,1184.7,6272.697
2022-08-24,38667.54,1354.603,953.05,59946.3778,42273.218,1177.164,11007.5556,58071.588,41749.6727,36.443,1180.4,2170.1371,1344.1829,1798.1137,69143.6171,39682.278,1438.9886,14141.701,1196.25,6272.697
2022-08-25,38981.26,1354.603,966.7,61350.935,42319.54,1177.566,11072.6314,58940.2272,41801.8513,37.8405,1180.72,2188.1164,1343.8214,1798.6266,69816.5588,39717.5004,1439.8227,14208.87,1206.09,6272.697
2022-08-26,39081.62,1313.939,969.41,61719.1488,42488.5523,1176.963,11152.1,59426.3658,41921.3381,37.8405,1183.5,2206.848,1347.3409,1803.0058,70006.1603,39874.2592,1444.6213,14141.701,1210.52,6272.697
2022-08-29,39416.27,1313.939,981.27,62255.8228,42524.4243,1179.675,11187.057,60400.2555,41965.3604,38.3018,1185.05,2233.0808,1348.95,1806.073,70351.7593,39975.7904,1446.8127,14141.701,1226.27,6272.697
2022-08-30,39467.8,1313.939,988.88,63445.6444,42532.2797,1180.077,11294.1242,61349.8104,41995.7925,38.5189,1184.55,2233.6187,1347.678,1804.8896,70877.1343,39936.4759,1446.5369,14141.701,1234.0,6272.697
2022-08-31,39416.77,1313.939,972.25,64282.423,42619.5148,1178.771,11406.8027,61061.0783,42070.3662,37.6777,1184.99,2215.25,1348.876,1806.3937,70540.2805,39957.3513,1448.8191,14141.701,1217.03,6272.697
2022-09-01,39262.7,1341.486,975.19,65009.799,42747.5822,1180.077,11423.4487,61660.773,42233.5635,37.23,1186.37,2207.4242,1351.5851,1810.5709,69712.4701,40026.2764,1452.3739,14141.701,1208.29,6272.697
2022-09-02,40600.75,1341.486,1017.82,67404.769,43003.2667,1181.684,11708.6899,64845.7734,42507.6476,40.1742,1190.11,2303.8237,1357.6162,1817.8709,71638.4921,40144.1881,1458.6485,14141.701,1257.36,6272.697
2022-09-05,41319.03,1341.486,1047.12,70306.6887,43312.7765,1191.126,12218.8545,66335.8075,42839.8079,40.1742,1196.0,2372.4167,1364.628,1827.7038,74624.9859,40435.7065,1467.791,14209.904,1294.72,6272.697
2022-09-06,40282.5,1341.486,1016.36,68326.9897,43143.8156,1190.423,12154.108,64016.1661,42743.2031,38.8717,1192.29,2294.5669,1363.2037,1825.1817,73098.6107,40328.8639,1463.2106,14294.03,1266.08,6272.697
2022-09-07,39882.31,1341.486,999.42,67021.9622,42975.4587,1187.309,12133.4585,62766.0599,42528.6318,38.4375,1189.64,2266.9889,1357.7007,1818.5205,71564.5344,40178.1476,1457.321,14318.718,1248.06,6272.697
2022-09-08,39576.6,1341.486,989.21,65661.0211,42898.8062,1182.89,12016.88,61991.9772,42428.8566,38.9802,1189.53,2251.3782,1356.3735,1816.9161,71538.0604,40143.8828,1455.7181,14273.301,1239.13,6272.697
2022-09-09,39980.34,1341.486,1006.51,65971.4695,42841.6713,1181.885,12018.7794,62402.6746,42384.2862,38.5325,1188.77,2288.0627,1354.634,1814.7339,72270.2218,40177.1615,1454.5183,14446.546,1261.7,6272.697
2022-09-12,39972.83,1341.486,1004.64,66112.4629,42762.4048,1182.488,12045.8305,62633.0162,42338.0676,38.6953,1188.59,2283.623,1354.0661,1813.6173,72721.9475,40205.9907,1451.2296,14446.546,1261.8,6272.697
2022-09-13,39839.19,1341.486,996.23,64767.521,42800.9153,1181.885,11987.7498,62342.7052,42350.2684,37.2435,1189.68,2266.3431,1356.0544,1815.269,72513.7801,40222.9091,1454.0196,14446.546,1258.96,6272.697
2022-09-14,39793.36,1341.486,1005.35,64407.6388,42926.4896,1182.789,12007.0204,62035.998,42469.3501,37.7862,1190.98,2274.867,1357.8213,1818.1154,72989.2088,40245.642,1457.3698,14446.546,1264.23,6272.697
2022-09-15,39683.35,1341.486,991.96,64803.2184,42942.0115,1183.995,12010.7013,62652.3405,42517.893,36.6737,1190.85,2239.8303,1357.942,1818.7472,71973.8787,40198.9999,1458.0002,14518.882,1247.13,6272.697
2022-09-16,39681.77,1341.486,991.87,64801.5106,42960.9609,1183.995,12010.3277,62586.679,42536.7475,36.5516,1191.29,2239.5146,1358.5366,1819.5523,71970.4601,40203.9019,1458.4977,14518.882,1247.06,6272.697
2022-09-19,39677.04,1341.486,991.58,64796.3878,43017.8485,1183.995,12009.2073,62569.2339,42593.3997,36.9857,1192.48,2238.5731,1360.3226,1821.9707,71960.1274,40239.4069,1460.1424,14518.882,1246.87,6272.697
2022-09-20,38656.7,1341.486,958.71,63883.8403,42980.3573,1185.3,12003.974,60524.8611,42539.8217,35.2762,1193.14,2172.1397,1360.8229,1823.4049,70472.1678,40196.9939,1459.9236,14518.882,1205.85,6272.697
2022-09-21,38659.83,1341.486,969.33,64447.969,42915.63,1187.008,12009.3491,60595.2098,42234.5721,35.2491,1191.72,2187.6157,1359.0212,1817.8806,70014.9447,39672.6392,1454.4874,14518.882,1220.12,6272.697
2022-09-22,38233.04,1341.486,955.32,64528.1158,42632.7583,1185.3,11967.9706,60047.7067,42020.6218,34.6521,1187.69,2152.9497,1354.2368,1813.8153,69549.5915,39726.8808,1448.3016,14518.882,1207.53,6272.697
2022-09-23,37789.48,1341.486,937.5,63861.3144,42606.7337,1184.195,11937.7464,58903.4304,41957.4336,33.2817,1186.85,2122.0003,1353.3065,1813.3869,68319.8576,39751.4849,1447.3428,14362.843,1185.82,6272.697
2022-09-26,37725.39,1341.486,928.76,63336.664,42374.2446,1184.195,11943.1261,58472.8404,41704.8199,32.1556,1182.83,2112.3675,1349.3748,1808.9412,67984.2268,39478.6816,1440.5185,14260.539,1174.99,6272.697
2022-09-27,37742.89,1316.447,925.27,63286.2258,42144.7808,1179.273,11934.9853,58034.7968,41516.6836,32.5626,1182.17,2103.6809,1343.7293,1803.7118,67639.9616,39452.2322,1436.1626,14260.539,1176.98,6272.697
2022-09-28,37387.56,1316.447,908.98,62515.4414,42036.3035,1173.849,11885.8309,57808.8293,41466.5233,33.1461,1179.18,2072.2027,1340.2227,1800.16,67101.2674,39365.9518,1433.0975,14415.545,1161.09,6272.697
2022-09-29,36986.81,1316.447,893.68,62349.2223,42000.9715,1170.534,11790.5824,57086.8733,41400.6853,32.6169,1179.43,2037.3804,1338.0155,1797.9068,66426.9267,39306.7927,1432.494,14415.545,1145.99,6272.697
2022-09-30,37443.35,1316.447,908.9,62418.4077,42080.0197,1167.621,11880.5127,57760.8436,41412.6359,32.5626,1178.83,2068.2614,1339.4275,1799.5117,67018.4825,39372.7428,1434.9136,14380.658,1164.12,6272.697
2022-10-03,37600.69,1316.447,914.25,62613.3046,42154.3529,1170.032,11906.9965,58087.836,41511.4379,33.933,1180.03,2076.6748,1341.3363,1801.876,67088.3737,39425.4142,1436.3427,14260.539,1165.63,6272.697
2022-10-04,38315.86,1316.447,932.84,63540.829,42086.157,1170.333,12258.3189,59198.1562,41461.3645,34.842,1180.19,2143.8601,1339.0369,1799.7079,68219.8211,39392.033,1433.1929,14260.539,1186.13,6272.697
2022-10-05,38150.78,1316.447,925.76,62973.0422,41968.2793,1169.63,12333.8067,59068.1418,41334.8903,34.0144,1178.41,2128.3464,1335.9793,1796.0483,67711.6264,39359.6824,1429.2647,14260.539,1175.33,6272.697
2022-10-06,38037.22,1316.447,925.59,62824.0327,41859.7752,1167.119,12303.4861,58812.7184,41178.3805,33.838,1176.82,2116.7987,1331.9747,1791.277,67521.2727,39078.4432,1424.5303,14260.539,1175.14,6272.697
2022-10-07,37410.0,1324.157,910.9,62237.9032,41920.841,1164.708,12238.9156,57960.8368,41249.0457,33.2275,1178.95,2076.0046,1333.9883,1794.086,66474.0504,39155.3435,1428.1749,14260.539,1155.54,6272.697
2022-10-10,37405.59,1324.157,910.63,62234.178,41971.9975,1164.708,12238.2515,57945.2974,41307.121,33.2139,1180.14,2075.2691,1335.7019,1796.4182,66464.3703,39195.1917,1429.5093,14260.539,1155.36,6272.697
2022-10-11,36640.91,1324.157,892.45,61524.2843,42059.5128,1167.32,12113.3464,56804.6246,41418.873,32.7797,1180.13,2033.2167,1337.9242,1799.4032,65282.5451,39114.6393,1432.7392,14286.373,1133.8,6272.697
2022-10-12,36279.73,1324.157,879.91,60653.6796,42170.1162,1168.124,12039.2562,56205.3029,41470.8767,31.8978,1180.75,2003.0631,1339.4058,1800.9568,64388.0945,39133.3775,1436.3782,14260.539,1120.74,6272.697
2022-10-13,36487.14,1324.157,887.95,60537.8308,42307.1139,1167.822,11930.3752,56594.5877,41176.8727,32.5084,1171.0,2024.2202,1342.0219,1804.6942,64704.8641,39295.2184,1440.4386,14260.539,1125.4,6272.697
2022-10-14,36610.29,1324.157,890.52,60898.2849,42387.9391,1169.229,11971.3708,56863.0681,41249.3588,31.4094,1172.03,2029.3125,1343.9305,1806.3861,65044.9116,39357.4167,1443.2465,14456.88,1126.23,6272.697
2022-10-17,37144.13,1324.157,914.05,61213.2242,42530.7784,1171.84,12021.2346,57314.1342,41500.442,32.2777,1177.59,2073.4042,1348.1745,1812.2862,66083.9221,39543.3394,1448.3655,14350.112,1152.16,6272.697
2022-10-18,37496.39,1324.157,918.04,61624.1798,42509.901,1171.84,12010.6516,57836.0009,41492.2796,32.4677,1177.68,2074.2304,1347.5971,1812.8142,66927.0952,39596.2277,1447.599,14457.562,1159.97,6272.697
2022-10-19,37259.7,1324.157,915.96,61507.0256,42351.4231,1173.447,11960.5313,57333.025,41425.6528,32.2506,1175.14,2069.3466,1345.474,1810.0848,66524.81,39434.9313,1444.0361,14363.876,1151.96,6272.697
2022-10-20,37950.84,1324.549,915.57,61040.2633,42299.1432,1173.749,11990.0425,57909.2549,41386.1827,31.9521,1175.49,2092.5139,1343.7609,1809.6307,66577.1072,39414.7742,1442.501,14374.21,1151.7,6272.697
2022-10-21,37778.46,1324.549,923.75,61272.041,42381.3223,1173.749,11982.8691,57714.9029,41442.1693,32.9832,1176.02,2095.9475,1346.858,1811.1637,66735.5983,39458.2974,1445.0439,14374.21,1157.89,6272.697
2022-10-24,37554.15,1324.549,919.89,60828.6965,42429.257,1176.16,11975.3114,57733.7364,41521.4772,32.0878,1175.92,2080.7908,1348.3641,1812.8759,67028.1147,39463.0481,1447.4074,14363.876,1153.14,6272.697
2022-10-25,37642.27,1324.549,929.61,60883.9464,42519.788,1176.561,11933.3686,57802.5257,41584.1964,33.2817,1178.77,2098.465,1348.9035,1813.1351,67114.5141,39616.7825,1448.8866,14363.876,1165.87,6272.697
2022-10-26,37712.38,1317.882,932.59,61064.2221,42619.6887,1176.561,11901.1086,58062.0148,41612.2231,33.8923,1179.23,2109.6202,1350.4443,1815.1869,67365.7128,39748.4805,1451.744,14363.783,1166.6,6272.697
2022-10-27,38009.76,1317.882,940.84,61389.1408,42665.6264,1177.867,11940.0244,58732.3571,41722.2321,34.1094,1181.18,2126.9885,1351.4077,1815.9403,68081.0154,39854.7185,1453.3917,14570.551,1173.77,6272.697
2022-10-28,38104.64,1317.882,945.84,61366.4299,42609.2071,1178.872,11928.8319,58944.9964,41721.7861,34.4621,1179.99,2133.8799,1351.3833,1815.6062,68033.8457,39869.6058,1452.8073,14570.551,1178.86,6272.697
2022-10-31,38100.17,1317.882,945.56,61362.7677,42653.2691,1178.872,11927.905,58926.5736,41775.2295,33.4717,1181.04,2133.1338,1352.8589,1817.6312,68023.8798,39878.1145,1453.9807,14570.551,1178.67,6272.697
2022-11-01,38098.64,1317.882,945.46,61361.4952,42667.9678,1178.872,11927.5855,58920.4357,41792.9216,33.5667,1181.4,2132.8859,1353.35,1818.3084,68020.5582,39895.5192,1454.3321,14570.551,1178.61,6272.697
2022-11-02,37971.78,1317.882,945.54,60612.0034,42671.7826,1181.785,11849.2598,58588.5545,41669.242,34.0144,1181.17,2120.2227,1354.2039,1818.2341,68443.6033,39947.6426,1455.8789,14570.551,1180.67,6272.697
2022-11-03,37922.79,1317.882,944.9,60293.6671,42992.7472,1182.789,11818.9391,58398.9007,41721.3302,33.8244,1181.39,2118.3134,1355.1599,1819.5405,67962.8195,39978.0979,1456.9028,14260.539,1176.72,6272.697
2022-11-04,38224.96,1323.053,953.84,60406.849,43058.9933,1184.296,11801.8306,58835.6134,41816.4621,34.9913,1183.44,2134.6971,1357.5943,1822.5507,68604.3549,40042.587,1458.396,14260.539,1188.21,6272.697
2022-11-07,38582.19,1323.053,969.92,60478.4265,43240.7174,1186.004,11794.7814,59231.6094,41981.7253,35.534,1185.14,2161.2918,1361.4499,1827.1764,69045.0912,39840.1022,1462.5198,14260.539,1203.18,6272.697
2022-11-08,39106.84,1323.053,989.63,60703.8616,43527.0875,1187.711,11818.175,59465.3388,42273.0979,36.9993,1191.04,2199.3058,1366.8645,1832.9435,70300.1578,40237.5847,1469.2764,14363.876,1224.98,6272.697
2022-11-09,38896.53,1323.053,979.91,60434.3814,43894.3565,1188.716,11948.5767,59193.5472,42696.7284,36.1988,1197.18,2193.4634,1375.2236,1844.0084,70079.2291,40318.9325,1478.6764,14363.876,1218.68,6272.697
2022-11-10,39022.97,1323.053,978.12,60513.714,44242.2686,1192.734,12019.6056,59383.0183,43019.4357,37.3385,1202.67,2200.0908,1382.7793,1852.7929,70346.7977,40578.6612,1487.8101,14634.465,1217.57,6272.697
2022-11-11,39107.55,1323.053,979.46,60277.2756,44498.3679,1195.245,12045.548,59464.091,43131.1432,37.3114,1204.9,2205.529,1385.5964,1856.03,70193.0945,40619.17,1491.5741,14447.538,1220.26,6272.697
2022-11-14,38935.93,1323.053,969.81,60149.4026,44630.232,1196.048,12024.1502,59209.5406,43362.4277,36.8636,1206.57,2193.503,1388.8522,1861.0449,69647.4751,40768.6098,1497.2221,14447.538,1209.65,6272.697
2022-11-15,38752.51,1323.053,955.23,60217.5154,45074.7976,1197.555,12046.465,59280.4022,43836.1325,36.9586,1213.01,2168.5203,1400.0757,1872.1829,68749.3345,40988.8844,1506.1794,14363.876,1200.64,6272.697
2022-11-16,38882.25,1361.209,955.29,60289.271,45171.9154,1202.075,12009.5029,59550.6677,43960.7133,35.9003,1214.74,2169.957,1402.6882,1875.671,68675.0311,40971.5241,1505.8946,14363.876,1201.51,6272.697
2022-11-17,38695.12,1378.898,945.79,60532.3851,44947.874,1203.984,12068.4537,59682.7975,43714.798,34.4621,1208.76,2153.8048,1397.4078,1870.3736,68381.2504,40870.045,1501.0341,14572.617,1195.19,6272.697
2022-11-18,38710.31,1378.898,948.27,60915.9364,44856.5904,1202.176,12109.2132,59571.5718,43624.6959,34.1229,1209.77,2150.7084,1397.1544,1869.9416,68100.9789,40908.1744,1502.3085,14572.617,1205.55,6272.697
2022-11-21,39006.27,1378.898,972.08,61163.801,45002.7922,1203.281,12208.1433,59548.8231,43667.3728,35.1405,1211.45,2190.8763,1401.7797,1874.3789,69417.8431,40885.4788,1506.4026,14572.617,1228.66,6272.697
2022-11-22,38943.5,1378.898,969.74,61399.4092,45126.7008,1204.386,12211.7134,59687.8688,43778.0106,34.7335,1210.73,2188.4656,1402.9124,1877.3415,69485.7366,40922.9042,1508.1229,14572.617,1232.09,6272.697
2022-11-23,38612.5,1378.898,962.65,61306.2563,45068.8679,1204.788,12236.7407,59491.433,43546.1224,35.7918,1208.77,2177.82,1400.9049,1874.5957,69267.0326,41013.7415,1505.0508,14572.617,1224.44,6272.697
2022-11-24,38583.98,1382.242,967.06,61616.4107,45099.4832,1203.783,12272.6146,59542.8562,43578.4211,35.7918,1209.07,2176.9937,1401.0591,1875.971,69310.7221,40865.8939,1505.3883,14572.617,1226.71,6272.697
2022-11-25,38364.31,1364.098,957.79,61625.7814,45055.4672,1202.377,12213.9367,59389.5456,43559.5525,34.9167,1209.54,2167.6001,1400.4895,1875.8472,68840.8496,40866.2417,1504.7427,14572.617,1225.13,6272.697
2022-11-28,38214.67,1364.098,946.99,61572.1579,45059.3195,1203.683,12218.1145,59419.0799,43559.4969,34.3672,1210.36,2158.7679,1400.6431,1877.223,68776.0062,40914.6929,1505.6262,14801.034,1219.79,6272.697
2022-11-29,38263.92,1364.098,952.23,61741.6873,45094.8272,1202.276,12198.8046,59363.0344,43564.2842,35.6832,1211.62,2171.0791,1401.0861,1879.3359,68851.0173,40950.0981,1506.5834,14570.551,1225.53,6272.697
2022-11-30,38309.89,1364.098,957.65,62362.1946,45020.9382,1202.879,12206.0657,59355.7029,43498.3457,36.7822,1212.26,2173.7799,1399.1496,1877.2332,69005.1804,40693.0611,1505.5184,14570.551,1233.14,6272.697
2022-12-01,38487.09,1364.098,956.21,62573.6476,45198.7412,1201.272,12226.6164,59589.8235,43646.8413,36.7415,1214.16,2183.0737,1403.1007,1881.9421,69061.5064,40800.1052,1509.1221,14570.551,1232.32,6272.697
2022-12-02,38708.41,1364.098,961.2,62625.1271,45334.3569,1202.879,12239.0933,59443.3543,43799.6962,37.1486,1216.02,2189.7115,1406.0564,1884.6389,69166.5989,40861.7775,1513.53,14570.551,1233.76,6272.697
2022-12-05,38696.88,1364.098,960.24,62297.1598,45395.2428,1204.185,12259.7044,59476.9574,43910.7027,36.0767,1216.58,2188.5311,1407.742,1887.1597,69205.0768,40896.8014,1516.2993,14559.793,1232.27,6272.697
2022-12-06,38706.18,1364.098,954.88,62415.8281,45321.836,1203.381,12285.9071,59867.7601,43823.5162,36.4159,1218.88,2172.907,1404.5717,1883.7682,68936.4772,40836.7524,1513.3146,14559.793,1216.27,6272.697
2022-12-07,38491.09,1364.098,948.54,62516.0141,45231.0157,1203.18,12284.0726,59462.749,43778.0138,36.4837,1218.36,2167.74,1404.6992,1883.6977,68551.4403,40874.4806,1511.7621,14653.22,1209.24,6272.697
2022-12-08,38489.59,1364.098,948.44,62514.8419,45241.0716,1203.18,12283.8523,59456.6926,43790.1238,36.7687,1218.64,2167.478,1405.0334,1884.1766,68548.1566,40894.0739,1512.001,14653.22,1209.17,6272.697
2022-12-09,38470.52,1364.098,946.1,62679.5454,45287.2439,1205.993,12299.809,59889.9989,43837.1993,36.8908,1219.78,2164.1793,1406.569,1886.0806,68318.41,40893.9613,1513.7818,14653.22,1213.27,6272.697
2022-12-12,38640.09,1364.098,953.98,62638.6713,45238.1532,1206.093,12306.1683,59923.5776,43782.1672,36.633,1223.4,2180.5178,1406.6319,1884.6337,68783.6505,40923.3392,1514.14,14569.548,1217.64,6272.697
2022-12-13,38572.48,1364.098,950.79,62870.3634,45360.0892,1205.993,12307.1404,59762.5593,43841.4932,37.2417,1224.88,2174.9653,1408.9742,1886.9506,69080.6254,40984.5105,1515.7974,14569.548,1213.87,6272.697
2022-12-14,38752.49,1364.098,948.98,63408.3562,45372.337,1207.6,12337.0904,60172.0938,43857.6644,36.3788,1223.62,2178.5469,1409.9597,1888.6077,68502.2163,41038.9304,1517.5112,14565.993,1215.03,6272.697
2022-12-15,38473.4,1394.07,923.07,63474.7791,45316.9436,1208.605,12347.1617,59965.459,43840.2369,35.4603,1223.02,2151.2822,1408.5604,1888.9099,67662.0616,41040.268,1517.2107,14493.048,1200.31,6272.697
2022-12-16,38805.6,1394.07,927.4,63774.7858,45255.9504,1209.107,12430.5831,60457.8328,43754.8386,35.349,1222.17,2159.0976,1407.3939,1888.5584,68010.5374,41113.2334,1516.9677,14493.048,1210.53,6272.697
2022-12-19,38922.86,1389.642,934.54,64862.5525,45200.6954,1209.308,12436.2818,62854.8912,43678.0867,35.4186,1221.19,2175.0473,1405.7439,1887.3912,68350.7699,41091.2564,1517.0573,14493.048,1230.41,6272.697
2022-12-20,39364.66,1390.891,950.78,65699.599,45134.7441,1206.696,12547.0624,63617.3315,43648.2078,35.8082,1221.16,2206.434,1405.0295,1886.5463,69523.2122,41113.0872,1515.8953,14565.869,1250.07,6272.697
2022-12-21,39469.48,1390.891,950.57,66376.9334,45118.9631,1208.504,12635.2544,63903.3719,43617.6717,36.8659,1220.89,2210.02,1403.7337,1885.5364,69641.2407,41092.6801,1515.636,14467.213,1248.87,6272.697
2022-12-22,39350.46,1387.372,943.84,66782.0607,45140.1396,1206.696,12721.5188,63778.7294,43643.5074,36.3092,1221.21,2200.3895,1405.0404,1886.3752,68807.0417,41086.3499,1516.3263,14565.384,1242.01,6272.697
2022-12-23,39486.31,1387.372,948.69,67015.8206,45142.2902,1205.491,12695.2677,63986.1152,43616.2109,36.4067,1221.49,2215.8058,1405.1725,1886.0873,69117.1096,41115.4575,1516.1938,14565.384,1248.2,6272.697
2022-12-26,39251.07,1390.416,941.01,66482.1615,45196.2819,1208.605,12645.0088,63750.0168,43656.6136,36.4067,1222.64,2203.489,1406.4942,1887.2849,68936.9421,41136.3257,1517.0954,14565.384,1240.89,6272.697
2022-12-27,39097.89,1390.416,931.89,66262.768,45265.0159,1206.797,12491.8297,63369.9051,43679.7414,36.2257,1225.45,2185.1065,1407.7616,1888.6184,68643.8618,41144.417,1517.8975,14260.539,1238.02,6272.697
2022-12-28,39156.16,1393.657,930.98,67018.7336,45372.6011,1207.801,12583.8944,63484.3165,43759.6124,36.8938,1226.86,2190.2545,1409.5246,1890.8718,68473.6763,41097.1048,1519.8616,14260.539,1247.15,6272.697
2022-12-29,39459.29,1393.657,937.1,67294.1553,45348.4742,1211.518,12660.6034,63847.9977,43814.5194,36.9216,1227.44,2194.3506,1410.9718,1891.8944,69025.6387,41140.8298,1521.4156,14680.946,1256.2,6272.697
2022-12-30,39616.7,1396.454,938.53,67250.1493,45439.2416,1211.618,12703.2202,63989.4452,43917.882,37.7009,1236.87,2196.3782,1413.5608,1894.5457,69183.1757,41162.8672,1523.0224,14680.946,1256.42,6272.697
2023-01-02,39611.35,1396.454,938.27,67246.2756,45485.8693,1211.618,12703.0439,63974.8894,43971.6118,37.7009,1238.27,2195.6498,1415.1765,1902.7985,69173.2489,41199.0794,1524.1016,14680.946,1256.21,6272.697
2023-01-03,38925.15,1393.069,916.54,66913.5463,45452.3621,1214.732,12702.9672,63247.4745,43941.7543,36.6432,1237.74,2150.4062,1414.6673,1901.6873,68517.7957,41214.8683,1523.7185,14680.946,1220.71,6272.697
2023-01-04,38678.5,1398.002,910.8,66912.3015,45430.2955,1213.627,12725.7598,62824.2776,43931.9296,36.2397,1239.22,2133.1717,1415.7538,1902.5458,67817.1263,41237.3487,1523.6408,14684.315,1210.34,6272.697
2023-01-05,38893.28,1398.002,915.77,67367.1153,45289.3259,1216.54,12799.8641,63196.8798,43842.3771,36.4067,1238.87,2138.5982,1414.9429,1901.6433,67730.3382,41199.3466,1521.6743,14565.384,1219.33,6272.697
2023-01-06,38998.34,1398.002,922.57,68160.4003,45356.9605,1217.444,12791.443,63668.3799,43840.1545,37.2278,1239.28,2134.6684,1413.9004,1900.4791,68176.0692,41199.6411,1521.5447,14565.384,1219.62,6272.697
2023-01-09,38945.03,1395.525,929.98,67928.6948,45430.7223,1217.243,12746.7341,63601.9294,43905.3705,37.4922,1241.11,2137.6795,1416.1027,1903.6364,68423.5132,41235.1224,1523.1887,14342.186,1221.93,6272.697
2023-01-10,38758.1,1399.705,925.65,67497.6583,45502.0786,1219.152,12634.9653,63362.6573,43957.7335,37.687,1241.96,2117.1869,1417.2294,1905.8375,68529.6973,41265.4544,1525.1339,14342.186,1219.61,6272.697
2023-01-11,39016.68,1399.561,938.61,67996.6574,45657.8019,1218.047,12589.2332,63797.2247,44117.2734,38.9535,1243.65,2134.2066,1420.7955,1909.9185,69255.3596,41296.3897,1528.7492,14342.186,1227.84,6272.697
2023-01-12,38970.31,1399.561,943.88,67668.0642,45774.8744,1220.96,12613.6219,63761.971,44211.3088,38.2715,1245.27,2141.2389,1423.7379,1913.483,69339.0889,41312.845,1530.6397,14771.428,1234.18,6272.697
2023-01-13,38764.65,1399.561,938.75,67623.0876,45691.7456,1222.868,12595.3123,63319.4564,44150.5964,38.0767,1245.12,2128.0706,1422.7852,1912.4334,68509.0891,41306.0378,1529.9611,14771.428,1224.3,6272.697
2023-01-16,38645.48,1405.392,938.27,68074.5695,45631.2721,1223.772,12558.0357,63116.4902,44098.4538,38.0767,1245.53,2132.4137,1422.6739,1912.0961,68103.4057,41318.9497,1529.9645,14771.428,1225.34,6272.697
2023-01-17,38654.74,1405.495,938.67,68061.0354,45597.8976,1223.27,12505.4204,63155.8789,44054.9598,38.3689,1245.62,2140.0378,1422.4661,1911.8193,68390.6548,41339.1861,1529.0914,14771.428,1223.21,6272.697
2023-01-18,39080.26,1405.196,947.16,68125.078,45618.7556,1222.969,12540.9817,63757.1314,44075.2932,38.355,1245.96,2156.0699,1421.941,1910.9923,68988.3812,41377.9352,1528.9781,14547.868,1239.68,6272.697
2023-01-19,39015.61,1405.712,945.69,68358.8607,45541.8718,1224.174,12510.6547,63887.1896,44019.5467,37.9793,1245.06,2147.056,1421.2794,1910.348,69024.7645,41398.3287,1527.364,14673.888,1236.42,6272.697
2023-01-20,39380.58,1405.712,953.51,68663.7037,45410.4949,1224.476,12683.8245,64075.9215,43914.9587,39.1344,1244.75,2179.1984,1419.8087,1908.389,69539.1396,41380.7776,1525.6148,14547.868,1244.31,6272.697
2023-01-23,39999.91,1405.712,972.48,69189.7453,45522.7692,1222.366,12689.7086,64706.9752,43978.7967,39.7885,1245.82,2215.397,1421.5524,1910.6336,70171.3359,41468.385,1528.716,14547.868,1261.34,6272.697
2023-01-24,39693.01,1406.197,966.4,69336.1539,45552.2372,1220.357,12699.6062,64468.3948,44045.4003,39.9416,1246.18,2203.9081,1422.1523,1910.9647,70134.5608,41430.7453,1528.5571,14547.837,1249.88,6272.697
2023-01-25,39776.41,1406.197,967.88,69773.1225,45568.9539,1224.877,12751.8917,64509.1798,44065.4445,39.7606,1246.48,2206.3831,1422.0518,1911.1518,69851.0385,41423.235,1528.0672,14515.782,1252.94,6272.697
2023-01-26,40269.81,1402.44,980.81,70953.5148,45579.5264,1224.676,12810.1137,65206.2753,44091.6306,40.7627,1246.95,2238.2621,1422.2888,1911.9853,70650.8613,41391.5494,1528.7914,14570.551,1270.57,6272.697
2023-01-27,40327.41,1405.702,987.16,71658.8746,45587.0801,1225.581,12842.5361,65268.972,44097.8502,40.0668,1247.21,2246.6862,1422.3525,1912.5691,70836.4205,41434.1355,1529.0913,15087.237,1279.08,6272.697
2023-01-30,40194.74,1405.702,985.21,71805.6991,45525.5308,1226.585,12864.267,64890.1119,44062.6423,40.1921,1247.34,2241.9862,1421.8255,1911.9655,70495.907,41439.7345,1528.6108,14833.162,1272.7,6272.697
2023-01-31,40331.75,1405.702,981.31,71743.2713,45270.2958,1226.685,12975.3734,64991.2431,43684.0809,40.7209,1245.59,2242.9006,1417.611,1906.6054,70735.0879,41374.6162,1524.6458,15190.574,1271.51,6272.697
2023-02-01,40365.57,1400.19,976.82,71030.3775,45253.1021,1225.078,12994.7874,64850.8136,43625.1405,40.6374,1245.46,2222.5327,1417.613,1899.0217,70581.2681,41330.3113,1524.6721,15190.574,1265.62,6272.697
2023-02-02,40477.32,1400.19,977.58,70727.8708,45383.8878,1226.284,13051.0181,64956.6959,43866.0641,41.7508,1246.61,2220.3307,1419.8962,1901.631,70804.4273,41341.0829,1527.2196,15190.574,1269.58,6272.697
2023-02-03,40474.51,1381.396,979.1,70643.7511,45318.5418,1225.48,13079.8737,65035.2507,43811.154,40.54,1246.81,2231.4627,1419.2471,1900.5693,70819.9754,41348.064,1526.6197,14932.231,1273.29,6272.697
2023-02-06,40337.54,1381.396,973.34,70354.5774,45180.7185,1226.183,13107.0788,64957.5518,43679.7272,39.8859,1245.34,2219.8987,1415.8052,1897.1568,70651.4242,41354.0224,1524.0634,14849.561,1266.72,6272.697
2023-02-07,40307.79,1381.396,972.7,71847.6815,45167.7596,1225.882,13144.28,65080.4526,43648.9231,40.3869,1245.34,2224.2224,1415.7123,1896.9523,70469.3778,41313.4748,1523.7451,14849.561,1263.01,6272.697
2023-02-08,40630.13,1381.396,977.39,72424.7655,45145.637,1224.777,13204.5349,65598.0702,43665.2843,40.1364,1245.97,2253.2517,1415.7876,1897.8172,70403.7232,41338.7376,1524.5166,14849.561,1266.5,6272.697
2023-02-09,40771.0,1381.396,981.66,72971.9423,45131.3978,1226.183,13270.9334,65787.8179,43631.9511,40.4565,1245.47,2263.5388,1415.0713,1897.0518,70809.5455,41298.6068,1523.7613,14952.898,1270.01,7445.541
2023-02-10,41016.03,1381.396,991.31,73462.3207,45017.7157,1228.192,13232.0013,66299.9109,43544.2964,40.7487,1245.06,2279.2446,1413.3646,1894.605,71043.6191,41361.6238,1521.3966,14963.232,1279.41,7445.541
2023-02-13,40872.25,1395.37,987.66,73989.4394,44987.9396,1227.79,13347.574,66287.5262,43545.4517,40.8462,1245.8,2276.7798,1413.563,1895.0281,71026.6216,41343.316,1521.4298,14963.232,1280.65,7445.541
2023-02-14,40757.44,1395.37,983.59,73959.035,44938.1449,1227.59,13347.5673,66241.2918,43478.0948,40.9436,1245.7,2272.5311,1412.8341,1893.4532,70928.5747,41339.017,1520.4369,14911.563,1276.04,7445.541
2023-02-15,41138.35,1395.37,995.19,74319.6658,44889.9519,1228.996,13351.5582,66931.6388,43414.1494,40.8183,1243.41,2296.3575,1411.6501,1891.2536,71082.5235,41330.7961,1519.3221,14911.563,1296.17,7445.541
2023-02-16,41567.15,1395.37,1006.84,74820.7113,44881.4279,1228.293,13423.9445,67838.7721,43323.4197,41.6394,1243.31,2324.2556,1412.6097,1889.4366,71854.0396,41350.4005,1520.2962,14911.563,1308.45,7445.541
2023-02-17,40836.17,1395.37,983.48,74468.6762,44894.1178,1229.398,13433.665,67115.2264,43340.4106,40.7418,1244.25,2265.4818,1414.2147,1887.5978,71147.6346,41353.9533,1520.5167,14911.563,1279.53,7445.541
2023-02-20,40771.89,1393.946,983.57,74674.5326,44994.6617,1231.005,13442.7856,66780.3538,43453.3399,40.7418,1245.34,2258.3499,1416.2831,1891.1741,70576.895,41385.743,1523.9164,14911.563,1280.04,7445.541
2023-02-21,40369.26,1393.946,969.71,74459.518,44895.2021,1233.014,13400.2548,66077.7387,43402.7703,39.3153,1244.58,2225.4442,1414.8867,1887.4156,69887.8258,41369.0047,1522.2758,15182.875,1261.88,7445.541
2023-02-22,40338.96,1393.946,969.68,74145.1198,44922.9066,1233.516,13417.5769,66113.3364,43414.5255,39.6911,1244.36,2214.0278,1415.0613,1885.4217,69666.0325,41351.1658,1523.2578,15182.875,1260.81,7445.541
2023-02-23,40771.26,1393.946,981.81,74653.9372,44976.4145,1233.315,13439.1309,66735.3413,43452.5278,39.8302,1245.13,2243.9286,1415.414,1885.4593,70185.2017,41383.5742,1524.7109,15182.875,1275.47,7445.541
2023-02-24,40834.97,1393.946,984.39,74653.9372,45040.2229,1233.516,13582.234,66807.3508,43547.9966,39.0509,1246.57,2249.1203,1417.3182,1888.6217,70446.5287,41488.5862,1526.9875,14988.033,1278.01,7445.541
2023-02-27,40928.67,1393.946,988.21,74254.071,45117.4,1236.429,13492.0448,66604.0052,43641.785,38.87,1248.62,2255.3918,1420.0928,1892.1369,70910.288,41550.1702,1529.8697,14985.966,1285.5,7445.541
2023-02-28,41395.1,1408.787,995.43,74616.7449,45136.1263,1238.137,13538.5386,67157.4295,43674.3563,39.1205,1249.29,2285.6039,1420.9579,1893.1277,71320.9263,41593.4306,1530.8785,14985.966,1296.98,7445.541
2023-03-01,41425.87,1408.787,995.43,74974.1457,45042.8109,1238.538,13583.5331,67397.1204,43622.1265,40.1503,1248.58,2289.8029,1419.0876,1891.0509,71286.354,41627.0461,1529.6159,14985.966,1290.62,7445.541
2023-03-02,41774.42,1408.787,1000.12,75331.3873,44962.835,1237.233,13617.0491,67994.378,43554.7233,37.9375,1247.82,2299.7558,1417.3465,1889.3863,71183.8657,41616.3875,1527.8768,14978.733,1293.93,7445.541
2023-03-03,42239.4,1408.787,1005.94,75434.5727,44872.5962,1236.931,13582.5222,68254.1375,43527.0993,40.7905,1248.52,2341.6257,1417.6174,1899.895,72364.4492,41718.7869,1527.4301,14983.9,1296.69,7445.541
2023-03-06,42194.2,1408.787,1002.88,75495.5341,44877.7184,1238.538,13570.5175,68299.0555,43547.465,40.8183,1249.57,2335.4263,1418.3224,1901.248,71761.7953,41719.8404,1528.2184,14983.9,1294.91,7445.541
2023-03-07,42036.04,1408.787,998.65,75555.5997,44917.8614,1235.927,13515.4907,68040.9446,43603.8422,40.0111,1250.85,2330.9309,1419.6891,1903.7129,71099.8753,41695.3444,1529.5993,14932.231,1289.8,7788.807
2023-03-08,42157.67,1408.787,1003.13,75568.0246,44922.8929,1237.936,13589.1057,68137.8614,43591.0133,40.4147,1249.23,2341.3522,1418.0475,1901.6684,71421.092,41667.0409,1528.1988,14981.833,1295.17,7788.807
2023-03-09,42217.02,1408.787,1003.24,76132.1222,44843.5988,1235.625,13568.776,68588.7605,43495.9605,40.2895,1248.77,2352.5968,1416.2896,1900.1117,71858.6453,41640.2778,1526.536,14823.644,1300.38,7788.807
2023-03-10,42070.09,1408.787,996.56,76106.6375,45011.0492,1235.123,13552.2589,68363.8578,43552.516,40.1364,1250.22,2345.9114,1418.9132,1905.1594,71218.9931,41673.1055,1530.1884,14932.231,1290.88,7788.807
2023-03-13,41878.03,1408.787,986.84,75720.1254,45454.3777,1246.072,13552.995,67842.7164,43989.4872,39.2318,1255.19,2321.9942,1427.6306,1917.8322,70344.7617,41768.7073,1541.247,14825.794,1279.02,7788.807
2023-03-14,41770.64,1408.787,980.81,75743.4725,45378.9326,1239.242,13512.048,67688.9704,44032.8544,39.705,1255.19,2318.4959,1427.1615,1917.5909,70166.3882,41748.5759,1538.7848,14932.231,1276.63,7788.807
2023-03-15,41006.1,1408.787,963.9,75357.3316,45536.5088,1237.835,13563.3047,66482.9905,43973.2791,37.6174,1256.63,2273.1226,1428.3154,1919.8139,69219.8993,41765.0864,1542.7808,15009.734,1257.82,7788.807
2023-03-16,40857.23,1408.787,964.54,75047.0005,45533.9354,1237.333,13509.3836,66324.9188,44014.316,37.8123,1257.31,2257.7849,1428.4885,1919.6801,69036.325,41795.603,1542.9606,14863.512,1256.75,7788.807
2023-03-17,40310.81,1408.787,951.37,74305.4672,45625.2447,1237.735,13474.9839,65123.5382,44037.2451,37.1721,1258.68,2221.9143,1430.3373,1922.4815,68381.899,41811.9605,1545.1367,14863.512,1239.55,7788.807
2023-03-20,40618.6,1408.787,960.55,73909.1405,45698.3013,1239.242,13349.7613,65220.6418,44110.1394,37.3113,1259.63,2245.8836,1432.2333,1925.5372,68521.8024,41860.3391,1546.575,14863.512,1244.76,7788.807
2023-03-21,41467.74,1408.787,986.71,74456.4028,45709.6086,1240.146,13365.6946,66758.8455,44130.156,38.4803,1259.51,2303.0849,1432.4136,1925.9806,69743.9742,41902.0198,1546.4663,14863.512,1271.75,7788.807
2023-03-22,41377.31,1408.787,980.21,74280.1624,45634.5952,1239.242,13429.968,66806.0436,44119.5513,38.6473,1259.18,2299.7857,1430.5956,1923.429,70113.8832,41829.4695,1544.4129,14983.9,1263.73,7788.807
2023-03-23,41486.58,1408.787,982.92,74485.3346,45720.6459,1239.744,13445.7703,66898.204,44155.1739,39.0509,1260.36,2301.8437,1433.8894,1927.0533,70319.1028,41924.0639,1547.4787,14983.9,1268.71,7788.807
2023-03-24,41408.87,1408.787,979.03,74162.249,45801.6781,1241.251,13509.4864,66495.0074,44218.1364,38.689,1261.13,2290.8098,1436.153,1929.609,69527.5595,41962.1338,1549.721,14983.9,1260.79,7788.807
2023-03-27,41549.24,1408.787,980.03,73726.0701,45683.5587,1242.657,13467.3434,66276.0356,44161.8989,38.9952,1260.7,2290.4524,1433.5102,1927.3689,69874.0552,41953.2666,1547.5802,14983.9,1265.4,7788.807
2023-03-28,41311.08,1408.787,976.7,73024.9427,45745.0492,1241.05,13485.8434,65935.0431,44232.6754,39.5797,1261.92,2279.9357,1435.87,1930.2069,69952.8559,42004.7766,1549.594,14983.9,1262.14,7788.807
2023-03-29,41582.43,1408.787,988.57,72683.8651,45756.7731,1243.059,13512.8597,66208.4209,44244.6188,39.9694,1261.55,2294.2876,1436.467,1931.3126,70357.0782,42051.5195,1550.5826,14993.417,1282.22,7788.807
2023-03-30,41619.16,1408.787,990.02,72448.7663,45859.5817,1242.054,13516.9217,66384.077,44380.4473,40.0807,1263.69,2298.496,1441.2991,1937.0289,70560.3544,42148.7219,1553.959,14993.417,1282.57,7788.807
2023-03-31,41884.3,1408.787,994.76,72836.3876,45896.7641,1245.67,13445.3778,66882.3553,44404.8292,40.0529,1263.37,2314.0802,1441.8707,1937.7946,70651.3415,42162.5888,1555.0947,14942.162,1286.54,7788.807
2023-04-03,41824.69,1408.787,988.95,72443.9857,45990.4004,1245.068,13374.5491,66615.5173,44464.932,39.1761,1264.94,2293.4185,1444.7233,1941.8882,70587.8846,42262.4567,1558.1979,14942.162,1281.18,7788.807
2023-04-04,41339.75,1408.787,971.09,71939.9633,45934.2656,1249.287,13300.7296,65641.5436,44422.4039,38.5499,1263.83,2252.364,1443.0187,1939.982,69600.1969,42220.4684,1557.1959,14933.13,1258.0,7788.807
2023-04-05,41327.97,1408.787,973.83,71991.0395,45874.0391,1248.885,13366.2175,65820.2461,44373.1179,38.355,1262.8,2253.131,1440.9616,1937.9374,69208.6148,42187.4287,1556.4076,14933.13,1261.68,7788.807
2023-04-06,41566.73,1408.787,980.33,71899.6682,46010.5817,1247.278,13380.7181,66197.9771,44551.1456,38.2715,1265.59,2267.0642,1446.6309,1945.0308,69629.1076,42281.6814,1560.3823,15086.203,1271.43,7788.807
2023-04-07,41564.66,1408.787,980.23,71898.1069,46015.346,1247.278,13380.3628,66192.9842,44556.4138,38.2715,1265.74,2266.7481,1446.7145,1945.2075,69625.7623,42292.6877,1560.3971,15086.203,1271.37,7788.807
2023-04-10,41498.37,1408.787,983.99,71995.7526,45931.2496,1253.003,13388.448,66148.6806,44477.849,38.3689,1264.76,2265.3141,1444.8299,1942.0653,69858.533,42275.0272,1558.2801,15159.573,1274.39,7788.807
2023-04-11,41676.2,1408.787,989.47,72125.6799,45871.1312,1251.798,13378.3906,66257.2306,44414.4998,39.0648,1263.92,2276.2051,1442.5331,1939.2542,70143.1887,42273.9113,1556.0975,15159.573,1280.93,7788.807
2023-04-12,41767.29,1418.561,998.17,72372.3908,45812.9033,1250.191,13372.9393,66693.35,44327.8058,39.5797,1263.45,2293.7523,1441.0846,1936.9589,70801.8453,42283.6478,1554.4785,15159.573,1292.33,7788.807
2023-04-13,41914.57,1418.561,998.89,72455.4153,45774.7473,1248.282,13383.5134,66879.3724,44235.0932,40.0251,1261.74,2314.769,1438.4922,1933.0376,70969.0084,42283.129,1552.9791,15088.229,1296.88,7788.807
2023-04-14,42170.84,1418.561,1007.47,72480.5818,45795.0514,1247.077,13380.5943,67200.2475,44267.4309,40.707,1261.62,2334.6663,1438.8886,1934.1494,71470.1641,42325.2358,1553.5773,15223.208,1309.29,7788.807
2023-04-17,42232.83,1418.561,1017.01,72494.8834,45775.9939,1248.182,13457.0646,67141.74,44267.8571,40.9992,1262.02,2348.9101,1437.1381,1934.2035,72210.9604,42320.4047,1553.4316,15087.237,1318.3,7788.807
2023-04-18,42432.94,1418.561,1020.51,72441.9014,45736.7311,1246.072,13532.0232,67110.8345,44239.3645,41.2497,1262.01,2351.1207,1436.4154,1933.6399,72223.768,42332.0116,1552.306,15087.237,1318.97,7788.807
2023-04-19,42380.36,1418.561,1012.2,72285.535,45649.863,1245.771,13543.9778,66878.6752,44166.0917,40.6235,1260.58,2335.0246,1433.9709,1930.8539,71706.4439,42279.3511,1549.7945,15087.237,1307.9,7788.807
2023-04-20,42318.4,1417.364,1007.24,71730.2116,45655.5842,1245.469,13466.5714,66822.0558,44203.3885,40.6235,1260.67,2323.9672,1431.9266,1930.6638,71131.7811,42255.9895,1550.8161,15087.237,1310.44,7788.807
2023-04-21,41303.51,1417.364,968.35,71186.4702,45628.2745,1244.867,13352.9216,65520.5748,44191.8334,38.355,1259.98,2231.0822,1431.3525,1930.8517,69033.8178,42242.6497,1550.8468,15087.237,1259.81,7788.807
2023-04-24,41803.8,1393.471,981.31,71207.4332,45587.7881,1244.465,13372.0158,65753.3461,44144.3884,38.4803,1260.18,2259.149,1430.5019,1930.2676,69779.8311,42278.0684,1549.9758,15087.237,1277.82,7788.807
2023-04-25,41887.02,1416.91,974.72,71215.3937,45641.009,1242.556,13379.2151,65732.3398,44191.9915,38.4664,1260.93,2259.2744,1432.25,1932.5261,69920.0555,42269.8155,1550.557,15087.237,1278.76,7788.807
2023-04-26,41991.23,1416.91,975.84,71425.9762,45639.5619,1247.88,13346.8907,66112.9132,44195.9343,39.1205,1260.87,2262.8839,1431.0967,1932.7239,70181.4334,42311.3504,1550.9468,15087.237,1283.5,7788.807
2023-04-27,42488.63,1416.91,993.11,71316.3822,45647.7264,1243.862,13357.9255,66872.0058,44207.9647,39.6493,1260.93,2309.9051,1430.8054,1933.0035,70697.6489,42342.5816,1550.6396,15250.179,1305.42,7788.807
2023-04-28,42435.81,1416.91,994.8,71368.9591,45683.1601,1243.159,13441.6744,66735.3043,44243.8169,39.538,1261.57,2315.0558,1431.5672,1934.4789,71048.8165,42394.2605,1552.1586,15250.179,1310.87,7788.807
2023-05-01,42429.52,1416.91,994.63,71364.259,45734.1495,1243.159,13440.6212,66753.8892,44309.0877,39.1761,1262.99,2314.072,1433.3609,1936.9208,71038.8367,42432.8874,1553.2664,15250.179,1310.66,7788.807
2023-05-02,42203.42,1416.91,986.86,71689.3705,45708.5017,1245.57,13372.7738,66438.4811,44292.5864,38.522,1262.52,2296.2905,1432.8298,1936.2855,70248.0412,42430.6235,1554.3563,15250.51,1301.18,7788.807
2023-05-03,42411.83,1416.91,986.9,71718.9278,45717.6621,1244.465,13395.2062,66547.6339,44308.6024,39.1622,1263.01,2299.6787,1433.9441,1936.5685,70382.4271,42443.4889,1555.067,15249.476,1305.75,7788.807
2023-05-04,42382.79,1416.91,984.94,71639.9502,45713.3672,1246.775,13416.4141,66629.9265,44289.8154,39.6632,1263.09,2293.4345,1434.4103,1937.0858,70417.7534,42462.7534,1555.0557,15249.476,1308.64,7788.807
2023-05-05,42862.28,1416.91,1004.32,71954.6272,45675.4802,1246.675,13466.7943,67561.8326,44233.4137,40.5957,1262.61,2358.0887,1433.2153,1935.8779,71676.7329,42505.9454,1553.9905,15249.476,1328.72,7788.807
2023-05-08,43677.39,1416.91,1029.4,72585.4078,45691.1813,1246.374,13569.0398,69154.7518,44247.5596,41.542,1262.84,2417.2106,1433.1053,1937.4078,73449.9363,42578.2748,1554.202,15249.476,1349.03,7788.807
2023-05-09,43196.34,1416.91,1020.71,72384.9365,45637.2769,1246.775,13508.1933,68389.5248,44218.8666,41.5003,1262.51,2398.0698,1431.6971,1936.4168,72842.0279,42548.2158,1552.5042,15035.568,1338.28,7788.807
2023-05-10,43335.11,1416.91,1016.7,72387.0431,45662.3217,1247.278,13541.0486,68641.761,44240.7808,41.6116,1263.16,2404.9952,1433.0572,1937.1922,72774.8818,42581.1258,1553.1759,14848.858,1342.19,7788.807
2023-05-11,43441.29,1416.91,1023.44,72502.652,45652.0286,1247.077,13581.5406,68886.0198,44225.231,41.9456,1262.1,2422.3565,1432.2973,1936.4878,73211.8784,42592.4904,1552.6208,15072.47,1348.5,7788.807
2023-05-12,43416.7,1416.776,1021.49,72470.3604,45645.0008,1248.282,13608.7345,68888.5267,44205.0358,42.2239,1258.35,2409.0546,1431.4739,1936.0493,73289.0268,42549.3979,1548.1137,14748.528,1352.85,7788.807
2023-05-15,43464.58,1416.776,1025.0,72750.4177,45547.2729,1246.072,13611.2232,69037.4937,44126.2045,42.21,1256.97,2428.4041,1428.5449,1933.2753,73782.8975,42571.9868,1546.9584,14648.126,1344.82,7788.807
2023-05-16,43580.96,1416.776,1031.18,73415.8996,45546.5762,1246.474,13595.2407,69356.7397,44110.9387,41.4168,1257.37,2458.9505,1428.3118,1933.043,74044.7832,42604.1228,1547.4267,14663.637,1355.45,7788.807
2023-05-17,43533.34,1416.776,1028.8,73589.8851,45582.807,1245.469,13592.0646,69639.1723,44169.9268,41.5977,1258.53,2455.7954,1429.9371,1934.9987,73863.2831,42648.9508,1548.2098,14831.405,1350.21,7788.807
2023-05-18,43663.06,1416.776,1032.62,73221.6796,45547.6061,1245.469,13686.4693,70126.5362,44109.0737,41.8203,1256.0,2467.6092,1428.7121,1932.9684,74143.0875,42665.0064,1544.7289,14622.219,1364.78,7788.807
2023-05-19,43958.99,1416.776,1034.38,73209.6175,45504.9181,1245.369,13695.2768,70952.9548,44069.8038,41.6394,1255.0,2480.5337,1427.5063,1931.382,74781.0788,42677.1373,1546.8093,14622.219,1362.7,7788.807
2023-05-22,44083.94,1416.776,1040.24,73429.886,45466.0241,1245.369,13838.3521,71686.4256,44057.2192,41.5977,1255.64,2498.7605,1426.943,1931.8956,75129.337,42726.2973,1546.5729,14622.219,1364.21,7788.807
2023-05-23,44141.98,1416.776,1040.31,73808.7833,45405.3623,1243.36,13923.3058,71712.003,43935.1544,41.6394,1254.25,2505.6957,1424.7089,1929.0228,75581.1108,42699.9461,1544.1992,14622.219,1362.53,7788.807
2023-05-24,43933.28,1416.776,1026.76,73690.9,45422.585,1242.456,13932.3816,71280.6308,43955.7575,40.8879,1255.3,2490.3726,1427.0419,1931.6938,74340.2011,42697.3929,1545.2299,14622.219,1347.78,7788.807
2023-05-25,43845.67,1416.776,1017.52,73948.4942,45339.7198,1242.054,14032.8238,70971.3391,43894.9559,40.5122,1254.79,2475.1246,1424.8035,1928.9492,74271.9949,42674.8983,1543.4482,15045.881,1340.29,7788.807
2023-05-26,43926.62,1425.001,1017.25,74128.8286,45277.8543,1240.146,14102.586,71010.0692,43824.5641,40.9018,1253.25,2480.7811,1422.2031,1925.9441,74085.2815,42638.0658,1541.3911,15045.881,1335.35,7788.807
2023-05-29,43929.95,1425.001,1017.7,75258.3177,45346.3519,1240.045,14049.6624,71071.505,43882.8359,40.9018,1254.72,2493.1213,1424.9885,1928.7075,74114.725,42699.3982,1543.8746,15045.881,1337.05,7788.807
2023-05-30,43798.6,1425.001,1022.05,74155.6283,45352.5906,1241.753,14120.2762,71177.0807,43867.4755,40.6096,1254.36,2498.3394,1424.2749,1928.1155,74136.2139,42525.3333,1543.1267,15045.881,1340.76,7788.807
2023-05-31,43317.86,1406.145,999.2,74063.4385,45421.0785,1241.351,14103.1059,70370.6428,43941.5393,39.3292,1257.0,2458.4911,1426.9121,1930.7994,72794.2327,42538.5942,1544.9769,15045.881,1310.42,7788.807
2023-06-01,43409.75,1406.145,1007.95,73990.737,45493.2066,1242.757,14168.3335,70765.2699,43976.9658,40.2756,1257.22,2472.214,1428.4299,1932.0495,73030.6852,42585.963,1508.3545,15045.881,1322.12,7788.807
2023-06-02,43958.43,1406.145,1030.29,74167.2158,45526.8438,1244.063,14170.5346,71969.0381,43995.4679,41.2776,1257.38,2510.056,1428.856,1932.5083,74094.2157,42594.4993,1546.9428,15045.881,1354.2,7788.807
2023-06-05,44051.25,1406.145,1032.05,74146.8161,45613.4606,1245.168,14185.4528,71801.1635,44061.7207,41.208,1259.29,2514.9961,1431.6452,1935.8494,74575.519,42635.0332,1549.9217,14880.562,1358.47,7788.807
2023-06-06,44397.91,1412.647,1043.11,74194.7184,45600.4623,1247.177,14140.8243,72689.3856,44075.5,41.9317,1259.54,2537.4964,1432.0758,1936.6487,75272.8456,42652.9292,1550.8406,14880.562,1372.83,7788.807
2023-06-07,44275.2,1412.647,1041.34,74688.0846,44895.0839,1249.186,14208.8589,72234.177,44123.4319,42.4022,1260.95,2533.8803,1433.7486,1938.7803,75466.8806,42664.507,1551.9206,14880.562,1372.44,7788.807
2023-06-08,44307.87,1412.647,1040.93,74967.4673,45606.2001,1249.99,14206.7833,72476.3495,44047.3058,42.4456,1259.72,2538.3586,1432.2814,1936.5351,75283.553,42619.2602,1549.4676,14932.231,1374.32,7788.807
2023-06-09,48057.81,1412.647,1045.12,74983.9551,45656.7026,1248.985,14277.9597,72769.9674,44064.484,42.4022,1260.03,2548.1403,1433.8785,1937.4407,75452.1568,42597.1485,1550.7213,14942.565,1378.67,7788.807
2023-06-12,44080.95,1412.647,1046.81,74776.3158,45675.41,1247.679,14266.2086,72699.4652,44087.8181,41.3747,1260.61,2552.5077,1433.8012,1938.0049,75650.0178,42644.6846,1551.7802,14994.233,1376.67,7788.807
2023-06-13,44210.73,1412.647,1050.99,74939.991,45709.8149,1246.675,14278.2744,72670.0847,44151.2671,41.476,1261.56,2554.6127,1435.1243,1939.8737,75715.3803,42685.6002,1552.8775,15058.013,1381.39,7788.807
2023-06-14,44185.67,1443.855,1052.5,75348.9765,45762.5739,1248.684,14350.4982,73122.8606,44179.1792,41.8378,1262.65,2558.642,1436.0495,1941.9242,75803.0034,42714.0239,1554.3056,15058.013,1385.22,7788.807
2023-06-15,44304.15,1443.855,1056.34,75359.2981,45830.609,1248.483,14383.1203,73355.9135,44266.0812,42.2719,1264.41,2569.838,1439.2777,1944.5823,76108.5036,42801.0277,1555.9751,15058.013,1392.55,7788.807
2023-06-16,44297.51,1443.855,1054.12,75328.3932,45906.7942,1250.592,14386.2787,73475.1964,44338.4391,42.4601,1266.08,2574.4599,1441.5421,1947.1315,76240.6355,42876.8326,1557.9679,15058.013,1393.71,7788.807
2023-06-19,44406.2,1443.855,1055.51,75559.8381,45940.6044,1252.4,14412.3399,73734.939,44402.374,42.4601,1267.64,2578.719,1443.4882,1949.3163,76173.3004,42935.1491,1560.202,15004.567,1400.14,7788.807
2023-06-20,44526.97,1428.443,1059.23,75520.357,46129.8111,1255.514,13541.9253,74361.5199,44527.3193,41.9825,1269.79,2591.0595,1447.4062,1952.8798,76263.4074,43060.5671,1563.4911,15004.567,1406.41,7788.807
2023-06-21,44525.1,1428.443,1059.08,75519.1342,46136.3398,1255.514,13541.7026,74354.3118,44537.5695,42.1562,1270.02,2590.7536,1447.6065,1953.1857,76259.8859,43066.5049,1563.5251,15004.567,1406.33,7788.807
2023-06-22,44581.51,1427.673,1057.99,75323.646,46143.2294,1256.72,14622.0637,74601.4322,44544.0389,41.9825,1270.22,2602.4026,1447.892,1954.0182,70420.5997,43106.4746,1563.9201,15004.567,1403.69,7788.807
2023-06-23,44272.17,1427.673,1044.71,75361.4613,46140.1715,1256.619,14580.9592,73939.9782,44514.1802,41.3602,1270.01,2572.3313,1447.0741,1952.3422,75751.6214,43025.0143,1561.2175,15004.567,1386.08,7788.807
2023-06-26,44266.57,1427.673,1044.4,75357.6943,46159.7637,1256.619,14580.229,73925.5264,44545.0032,41.5049,1270.66,2571.4723,1447.6462,1953.3296,75740.5386,43055.8924,1561.6114,15004.567,1385.87,7788.807
2023-06-27,44103.39,1427.673,1043.35,75226.0517,46198.1829,1256.619,14548.9721,73626.8775,44587.684,41.751,1271.96,2568.6484,1449.0006,1954.6514,75256.8169,43060.0445,1562.99,15004.567,1378.24,7788.807
2023-06-28,43999.66,1427.673,1042.82,74836.5029,46177.1889,1257.825,14555.0609,73573.362,44562.1099,41.4326,1271.72,2563.4614,1448.0133,1952.8674,75114.1557,43028.271,1562.2094,15004.567,1372.75,7788.807
2023-06-29,44489.41,1427.673,1055.61,74967.1769,46127.3397,1257.222,14496.3098,74493.1925,44520.8386,41.7799,1267.85,2590.5177,1447.9604,1952.3876,75685.108,43036.0234,1560.0207,15235.567,1387.27,7788.807
2023-06-30,44741.08,1427.673,1065.73,75325.08,46117.6778,1259.03,14556.2189,74993.6387,44511.2925,42.2285,1268.42,2606.4271,1448.1412,1954.3345,76315.841,43084.4027,1560.5987,15293.911,1401.59,7788.807
2023-07-03,45113.99,1427.673,1077.09,75605.5888,46208.6055,1259.633,14513.0354,75673.1813,44592.0476,42.9087,1269.69,2639.8692,1450.531,1956.6462,76973.1003,43185.1218,1562.5314,15293.911,1421.68,7788.807
2023-07-04,45307.92,1427.673,1088.08,76029.1709,46196.7961,1261.14,14524.7064,76293.9866,44580.7295,42.9087,1269.49,2656.0936,1449.8834,1956.867,77593.5412,43226.3553,1561.868,15293.911,1430.91,7788.807
2023-07-05,45023.89,1427.673,1077.89,76261.3317,46139.4707,1260.838,14532.4045,75886.7545,44527.7402,43.2271,1268.77,2636.2693,1448.0863,1953.8856,77368.4184,43194.5928,1560.2195,15293.911,1420.28,7788.807
2023-07-06,44664.94,1427.673,1068.97,75617.359,46100.3585,1260.939,14510.5991,75394.5272,44499.6822,42.5614,1268.44,2619.5295,1446.8889,1953.3734,76543.0748,43195.9913,1559.2444,15322.071,1406.94,7788.807
2023-07-07,45289.04,1427.673,1094.56,76497.8767,45995.3539,1260.135,14535.9905,76787.7269,44351.1756,43.3863,1265.88,2675.9234,1443.1855,1947.6721,78167.7183,43148.347,1556.3991,15322.071,1448.0,7788.807
2023-07-10,45469.71,1428.306,1098.43,76647.4536,45986.7197,1258.327,14619.744,77349.6641,44338.6993,43.3863,1265.95,2689.6671,1442.5177,1947.0642,78402.4043,43184.5641,1556.1175,15322.071,1454.48,7788.807
2023-07-11,45703.57,1428.306,1106.42,77207.6589,45861.0149,1256.519,14641.9537,78040.4107,44214.6786,43.4731,1264.51,2703.4907,1440.6853,1942.3993,78662.3143,43142.6932,1553.618,15322.071,1464.55,7788.807
2023-07-12,46061.71,1417.357,1121.12,77764.0854,45833.2009,1255.816,14815.4328,78707.9654,44187.8194,44.269,1263.03,2731.135,1438.9187,1939.5435,79640.7515,43149.1407,1552.3239,15322.071,1485.01,7788.807
2023-07-13,46033.14,1417.357,1115.34,77677.4168,45941.7063,1255.012,14895.4983,78553.4849,44323.0249,44.298,1265.34,2719.7355,1442.8918,1943.6301,79742.4521,43224.4338,1555.0751,15500.586,1482.45,7788.807
2023-07-14,46411.2,1417.357,1128.87,78576.4744,45929.3842,1257.925,14885.9801,79405.402,44332.8603,44.4716,1265.66,2750.2722,1442.5824,1943.6486,80074.5366,43224.8634,1555.6893,15500.586,1504.56,7788.807
2023-07-17,46899.29,1425.142,1139.4,79294.8631,46036.0842,1257.423,14975.657,80635.905,44480.4878,44.5874,1269.36,2789.4572,1446.6797,1950.873,80758.0006,43387.189,1559.5293,15500.586,1519.24,7788.807
2023-07-18,47297.89,1425.142,1154.72,79756.5962,46044.2209,1260.637,15104.6634,81462.4351,44442.6338,45.2965,1268.57,2827.8211,1446.8136,1949.1881,81736.2208,43398.1391,1559.3113,15500.586,1535.56,7788.807
2023-07-19,47690.76,1425.142,1164.57,80152.5753,46026.0426,1258.026,15174.631,82061.6145,44408.0537,46.2661,1268.89,2850.6457,1445.6193,1949.3778,82816.3658,43446.3687,1558.6437,15500.586,1540.88,7788.807
2023-07-20,48066.85,1425.142,1165.78,80014.8157,45990.0756,1257.925,15280.0792,82313.8272,44288.2876,45.8754,1269.08,2865.0996,1445.1294,1948.0996,83084.6656,43448.5336,1558.5275,15500.586,1539.95,7788.807
2023-07-21,47759.67,1425.142,1161.36,79531.6594,45927.8216,1258.327,15207.9049,81792.2537,44303.4426,44.9347,1268.1,2834.8719,1444.1552,1946.8121,83208.6673,43472.6562,1556.8025,15593.538,1533.59,7788.807
2023-07-24,48181.49,1425.142,1168.24,79758.6533,45691.877,1258.528,15141.5545,82216.7743,44279.0042,45.1229,1268.54,2849.7258,1443.3632,1946.4483,83506.2092,43509.9369,1556.9184,15593.538,1546.49,7788.807
2023-07-25,48429.2,1425.142,1179.77,79549.028,45714.4627,1258.227,15205.0383,82767.51,44327.2475,45.6583,1269.19,2870.3393,1444.6177,1948.1929,84564.6975,43597.9438,1558.2339,15694.322,1562.45,7788.807
2023-07-26,48235.78,1425.142,1173.44,79082.8097,45719.6299,1258.427,15204.5527,82035.2032,44317.7499,45.6583,1269.33,2858.4117,1443.9984,1947.4543,84450.9227,43582.9299,1557.9433,15710.577,1551.92,7788.807
2023-07-27,47888.18,1425.142,1164.67,79487.6744,45723.5481,1259.432,15203.4738,81567.0264,44311.9927,44.8334,1269.91,2833.6368,1445.0529,1946.6959,84127.9114,43555.7223,1558.9326,15773.594,1539.59,7788.807
2023-07-28,47906.35,1425.142,1168.68,79707.0918,45790.3698,1259.532,15216.3209,81796.6013,44348.4273,44.9492,1271.14,2853.3175,1447.1701,1950.0673,83897.5615,43590.5239,1560.2513,15754.266,1539.73,7788.807
2023-07-31,48059.71,1425.142,1178.43,80590.3467,46025.1445,1263.751,15382.425,82662.1932,44528.3109,44.8045,1274.78,2873.4314,1453.5237,1955.6834,84727.9928,43695.7116,1565.4912,15827.872,1548.22,7788.807
2023-08-01,48080.52,1431.154,1182.87,81134.7358,45990.2838,1265.057,15370.9488,83294.9013,44518.4142,44.7466,1274.92,2886.6871,1453.3593,1957.2829,84885.6679,43677.5833,1565.0588,15861.242,1551.57,7788.807
2023-08-02,47617.78,1431.154,1165.58,80607.5945,45919.7027,1265.559,15346.7359,82305.4767,44443.5075,43.5744,1274.36,2848.9358,1451.1489,1955.1969,84005.311,43599.2854,1563.3782,15862.417,1524.27,7788.807
2023-08-03,47249.28,1431.154,1157.48,80586.806,45879.5082,1266.062,15343.6713,81717.8585,44397.4556,43.1402,1274.24,2826.3037,1450.107,1954.3714,83349.1135,43529.7914,1562.0751,15923.291,1508.4,7788.807
2023-08-04,47278.96,1431.154,1160.66,81033.7963,45898.3407,1266.363,15375.9365,82372.3248,44406.3049,43.0968,1274.21,2836.7935,1449.4906,1954.4428,83577.6481,43623.1043,1562.7345,15888.496,1514.53,7788.807
2023-08-07,47437.25,1431.376,1168.95,81617.4872,45851.1465,1266.865,15432.1541,82488.6138,44381.8723,43.0389,1273.83,2841.8999,1448.4293,1953.9691,83517.9999,43590.8374,1562.603,15841.946,1526.98,7788.807
2023-08-08,47185.12,1431.376,1158.3,81273.3124,45913.8939,1265.961,15308.6503,81793.3415,44372.7458,42.3588,1274.23,2819.2221,1449.1088,1954.3075,82860.7512,43586.6443,1562.8939,15841.946,1508.31,7788.807
2023-08-09,47733.51,1431.376,1174.35,81361.8671,45906.0742,1267.066,15320.3022,82897.8866,44372.6938,42.9087,1274.6,2849.5949,1449.0771,1954.9092,83482.1002,43643.3018,1563.5184,15841.946,1527.68,7788.807
2023-08-10,47676.84,1431.376,1167.48,82069.3183,45893.6913,1269.075,15359.6944,82890.4085,44358.7749,43.3139,1274.24,2832.3705,1448.8733,1954.4083,83434.0701,43658.2646,1562.3015,15841.946,1521.81,7788.807
2023-08-11,47435.08,1431.376,1162.85,81838.4375,45796.1458,1268.372,15349.9171,82493.9762,44226.6776,42.6699,1273.04,2827.0345,1446.9268,1952.6916,83275.1887,43621.8072,1560.4569,15837.265,1512.1,7788.807
2023-08-14,47356.24,1431.376,1155.05,81729.7262,45795.4544,1268.774,15423.9523,82089.8871,44237.3396,42.2575,1273.19,2810.5477,1447.12,1952.637,82715.9804,43620.7339,1561.095,15837.265,1498.01,7788.807
2023-08-15,47354.35,1431.376,1154.89,81728.1859,45804.4882,1268.774,15423.49,82084.1782,44250.3692,41.9101,1273.51,2810.1336,1447.4228,1953.0966,82711.8116,43623.557,1561.2854,15837.265,1497.93,7788.807
2023-08-16,47279.38,1431.376,1153.94,80936.6328,45788.7075,1267.87,15318.3038,81571.6994,44238.7498,41.4615,1273.3,2800.9576,1447.1482,1953.0647,82342.643,43607.2318,1561.7259,15891.523,1496.87,7788.807
2023-08-17,46939.61,1428.306,1140.37,80468.4994,45664.2869,1269.577,15214.0319,80435.4183,44113.7595,41.0853,1271.38,2763.515,1443.3346,1949.1021,81675.9631,43497.3087,1558.3464,15915.229,1476.58,7788.807
2023-08-18,46807.38,1428.306,1137.64,79611.8433,45634.8672,1267.367,15217.6761,80056.1715,44090.111,40.9261,1271.96,2757.4426,1443.2365,1949.8596,81067.7847,43452.857,1558.7641,15915.229,1477.09,7788.807
2023-08-21,46917.21,1424.614,1137.56,79459.8046,45598.3198,1269.075,15205.82,79915.6985,44064.605,40.9695,1271.86,2753.8855,1442.7837,1949.467,81438.5573,43456.2424,1558.5544,15871.114,1473.92,7788.807
2023-08-22,46920.71,1424.614,1143.0,79457.6085,45485.0298,1270.481,15170.4862,80279.8659,43984.2422,41.2589,1270.74,2765.5993,1441.0181,1947.692,81739.3349,43441.413,1557.0118,16019.303,1481.97,7788.807
2023-08-23,47185.14,1424.614,1150.75,79623.7591,45583.9861,1269.678,15179.5176,80520.4675,44075.642,42.1417,1272.21,2789.8128,1443.5336,1950.3139,82472.9366,43546.0985,1559.2502,15948.724,1486.2,7788.807
2023-08-24,46732.37,1424.614,1129.85,79024.1784,45610.7012,1271.385,15164.9877,79411.7532,44131.2224,41.7365,1272.9,2733.0096,1445.0657,1951.0572,81519.8877,43518.0486,1558.8549,15974.969,1463.29,7788.807
2023-08-25,46465.42,1424.614,1123.78,78862.9955,45658.9654,1272.49,15163.5096,78812.8099,44168.0295,41.5773,1274.43,2714.7703,1446.7102,1953.6949,80896.6655,43642.311,1561.4182,15974.969,1459.98,7788.807
2023-08-28,46291.38,1428.718,1119.38,78872.3004,45729.7056,1273.696,15172.2584,78692.494,44254.9733,41.0997,1276.4,2703.6747,1449.6403,1957.197,80770.583,43755.5368,1563.6511,15974.969,1460.51,7788.807
2023-08-29,46278.36,1428.718,1123.56,78720.7053,45782.4285,1275.303,15135.6116,78767.6798,44317.4718,40.9405,1277.29,2706.0932,1451.8996,1959.3486,80672.8635,43771.8601,1565.286,15902.903,1470.06,7788.807
2023-08-30,46229.56,1428.718,1117.02,78937.0141,45806.4508,1276.006,15118.684,78600.8183,44368.8033,41.0129,1278.15,2689.102,1453.0123,1960.6226,80770.3744,43794.6356,1565.8748,15904.681,1464.62,7788.807
2023-08-31,46337.59,1428.718,1115.86,78638.7142,45818.617,1277.312,15139.7119,78579.8743,44394.4706,40.7958,1278.69,2689.1869,1453.4811,1961.5878,80460.8582,43799.0206,1566.7475,15918.485,1457.65,7788.807
2023-09-01,46318.61,1428.718,1113.12,78495.5538,45827.6051,1277.211,15111.7507,78509.7723,44406.453,41.1866,1279.07,2685.5296,1453.9606,1962.1515,80448.0731,43789.0932,1566.8251,15917.746,1454.03,7788.807
2023-09-04,46402.27,1428.718,1110.55,78061.4568,45839.4042,1278.216,15148.1051,78413.8497,44430.8273,41.1866,1280.84,2678.0847,1454.63,1963.0773,80321.3577,43814.1573,1568.3676,15917.746,1457.27,7788.807
2023-09-05,46032.46,1428.718,1099.88,77784.5398,45892.4582,1278.517,15018.699,77641.78,44474.3972,39.4355,1281.86,2652.8605,1456.3757,1964.8612,79843.3014,43749.2348,1569.998,15917.746,1441.91,7788.807
2023-09-06,45770.44,1428.718,1094.33,77595.9679,45864.8283,1279.723,14997.3989,77316.9104,44449.6093,39.6236,1281.69,2635.2014,1456.0834,1964.9195,79438.6108,43711.5767,1569.4352,15917.746,1437.13,7788.807
2023-09-07,45666.07,1428.718,1090.0,76978.661,45869.9544,1280.124,14967.0857,76969.0241,44426.3769,38.8421,1282.39,2628.633,1457.0908,1966.3682,79094.6726,43694.8653,1570.1495,15917.746,1434.09,7788.807
2023-09-08,45622.44,1428.718,1086.72,76824.4278,45809.0216,1280.024,14944.6801,76842.7863,44361.4045,38.2633,1280.27,2628.5986,1452.9226,1961.9605,79242.3958,43611.8965,1568.6525,15917.746,1426.54,7788.807
2023-09-11,45724.88,1428.718,1087.98,76839.6346,45790.122,1277.111,15038.3319,77201.7704,44352.3518,38.4659,1280.27,2629.6039,1452.3348,1961.6782,79162.7987,43611.6823,1568.711,15917.746,1429.41,7788.807
2023-09-12,45754.96,1428.718,1090.2,76831.1678,45712.2887,1276.307,14911.1034,77398.4777,44266.984,38.4369,1278.8,2629.6948,1449.7755,1959.0059,79320.4542,43550.2688,1566.6446,15917.746,1434.23,7788.807
2023-09-13,45826.32,1428.718,1093.97,76414.0661,45667.401,1275.604,14845.6195,77279.6655,44220.6509,39.146,1277.91,2635.5987,1448.3089,1957.2512,79573.0403,43546.7412,1565.4136,15917.746,1441.06,7788.807
2023-09-14,46211.35,1428.718,1109.29,76171.8358,45642.1538,1276.307,14990.9697,77727.3656,44202.923,39.2908,1277.51,2664.7099,1447.4149,1956.3734,80055.5115,43532.1233,1564.8791,15917.746,1462.49,7788.807
2023-09-15,46316.23,1428.718,1109.93,75914.1646,45625.1232,1276.207,15015.9329,77606.0339,44186.8914,39.421,1277.17,2671.3783,1446.866,1955.6554,80388.5455,43516.3309,1564.4457,15917.746,1460.72,7788.807
2023-09-18,46310.47,1428.718,1109.15,75908.8597,45643.4529,1276.207,15014.5759,77588.5191,44216.2476,38.9869,1277.89,2670.2918,1447.414,1956.5826,80376.5638,43544.8566,1564.9727,15917.746,1460.49,7788.807
2023-09-19,46308.55,1428.718,1109.09,75907.0919,45649.5543,1276.207,15014.1239,77581.9195,44226.0358,39.146,1278.14,2669.9308,1447.5966,1956.8917,80372.5702,43532.7731,1565.1328,15917.746,1460.42,7788.807
2023-09-20,45800.53,1428.718,1092.61,75696.4126,45643.7228,1275.102,14924.2339,77048.1305,44148.2735,39.1895,1277.71,2631.7992,1447.0841,1956.0294,80072.53,43436.3479,1564.5191,16072.0,1441.81,7788.807
2023-09-21,45223.38,1428.718,1076.13,74791.6659,45567.7756,1275.303,14798.6757,76188.9913,44089.2597,38.2343,1277.11,2600.9022,1445.7124,1955.1846,79486.7306,43329.9887,1563.5803,15994.982,1423.93,7788.807
2023-09-22,45215.74,1428.718,1074.5,74416.923,45520.7311,1274.6,14727.7769,75879.9699,44057.9557,37.8291,1276.69,2587.4045,1444.497,1953.9655,79183.9294,43344.0121,1562.9657,15994.982,1422.42,7788.807
2023-09-25,45007.18,1428.718,1067.62,73749.4006,45494.6334,1275.102,14719.8414,75160.9577,44019.1637,37.4239,1276.73,2560.3513,1444.3728,1953.8417,78414.5346,43243.5899,1562.4554,15994.982,1415.69,7788.807
2023-09-26,44651.25,1428.718,1063.48,73712.869,45333.0982,1274.198,14640.6504,74876.02,43868.0283,37.2068,1274.43,2553.6616,1439.842,1949.4118,78115.4268,43129.1437,1558.0195,15994.337,1401.92,7788.807
2023-09-27,44422.98,1423.032,1056.4,73260.6758,45223.4191,1272.49,14574.8622,74291.2341,43746.8863,36.6569,1272.27,2549.5346,1437.1919,1945.7317,78008.2839,43018.3931,1555.4548,15994.337,1401.66,7788.807
2023-09-28,44843.3,1423.032,1066.31,73388.2823,45086.2488,1270.984,14573.2533,74720.24,43614.2956,37.379,1270.41,2573.6306,1433.6128,1942.1797,78254.1293,42890.5524,1551.723,15994.337,1410.4,7788.807
2023-09-29,44891.48,1423.032,1069.86,73504.5049,45030.6382,1273.796,14646.144,75229.5433,43545.7611,37.9015,1269.13,2577.5686,1431.8521,1939.8296,78711.7848,42920.9792,1550.6391,15994.337,1412.27,7788.807
2023-10-02,44440.99,1423.032,1056.14,72972.5063,44942.9343,1269.778,14604.1485,74390.147,43451.7344,36.6135,1267.26,2538.4956,1429.2039,1936.9324,78050.6372,42817.4932,1548.7514,15994.337,1391.05,7788.807
2023-10-03,44193.95,1423.032,1043.38,72747.9688,44884.4019,1268.171,14599.803,73882.3293,43392.5543,36.0636,1266.48,2511.0047,1427.0278,1934.8626,77446.247,42661.368,1546.5744,15994.337,1375.85,7788.807
2023-10-04,44161.4,1423.032,1043.4,72413.3148,44801.0555,1268.774,14517.553,73736.5673,43306.7951,36.0346,1265.23,2512.9483,1424.811,1932.7243,77215.6002,42669.4263,1545.5377,15994.337,1379.19,7788.807
2023-10-05,43686.99,1423.032,1028.01,72215.8469,44827.3595,1266.664,14490.1026,73013.5575,43348.2026,35.4992,1265.95,2487.6234,1425.7348,1934.1114,76541.5959,42659.5616,1546.6674,15971.141,1358.16,7788.807
2023-10-06,43769.66,1423.032,1038.69,72316.5582,44861.521,1269.577,14465.1689,73188.8921,43383.4016,35.7162,1267.04,2507.0001,1426.9507,1935.4811,76284.0896,42633.7424,1548.2375,15910.33,1377.43,7788.807
2023-10-09,43764.32,1423.032,1038.67,72311.0357,44881.1851,1269.577,14463.953,73175.2659,43412.6766,35.3979,1267.82,2506.0645,1427.5489,1936.4447,76272.8666,42693.8653,1548.5984,15910.33,1377.22,7788.807
2023-10-10,44521.33,1423.032,1058.52,72521.3649,44981.469,1270.783,14480.1954,74016.9844,43524.3848,36.4543,1269.7,2552.0721,1431.5828,1941.378,77661.682,42815.4212,1553.2439,15910.33,1403.04,7788.807
2023-10-11,44691.36,1423.032,1058.32,72687.2742,45075.1322,1275.303,14424.2946,74053.6362,43617.7049,36.6569,1271.71,2553.7086,1434.9177,1945.1067,78206.2887,42904.6817,1556.9891,15960.01,1407.42,7788.807
2023-10-12,44854.81,1423.032,1063.84,72308.349,45053.9875,1275.906,14483.9587,74194.1067,43597.9525,36.1649,1271.25,2553.8888,1434.1567,1943.776,78500.2437,42809.6099,1555.9537,15960.01,1405.27,7788.807
2023-10-13,44819.81,1423.032,1061.39,72578.8263,45184.1625,1274.901,14535.9847,74105.5116,43730.3181,36.078,1273.45,2541.335,1438.5634,1947.9125,78555.3569,42868.0939,1560.1533,16019.303,1400.66,7788.807
2023-10-16,45130.83,1423.032,1070.73,72545.1487,45204.2795,1278.819,14445.9036,74332.7951,43788.5662,36.2083,1274.57,2561.9773,1439.245,1949.4941,78858.9446,42885.3898,1560.8076,16019.303,1409.31,7788.807
2023-10-17,45402.11,1423.032,1078.86,72295.9976,45102.8173,1278.718,14468.6271,74664.4046,43710.0413,36.874,1272.9,2582.8264,1435.5492,1946.3681,79365.0527,42780.2359,1556.2538,16019.303,1417.05,7788.807
2023-10-18,45074.05,1423.032,1060.73,72181.9813,44917.8067,1277.714,14450.3693,74033.422,43520.6572,36.0057,1269.26,2547.3366,1429.6788,1940.5718,78585.0055,42638.6112,1549.7534,16101.521,1397.63,7788.807
2023-10-19,44496.66,1423.032,1044.99,71827.1895,44800.7815,1276.709,14407.7782,73332.1457,43412.1361,35.2531,1267.59,2505.0947,1426.0498,1937.2129,77440.8431,42508.9265,1547.0131,16101.48,1381.37,7788.807
2023-10-20,44196.05,1423.032,1029.89,71455.952,44711.2482,1271.988,14362.2391,73124.1358,43333.1697,34.7032,1265.25,2460.8324,1422.8352,1933.8365,76375.7722,42474.9828,1544.483,16101.48,1368.25,7788.807
2023-10-23,43565.69,1423.032,1008.68,70928.0176,44638.5321,1272.39,14322.0024,71604.6116,43253.9661,34.4283,1263.41,2409.6834,1420.9685,1931.2686,75631.0017,42425.2927,1542.2333,16205.501,1341.8,7788.807
2023-10-24,43692.83,1423.032,1022.75,70908.8551,44571.834,1270.481,14283.6884,71832.8922,43217.6534,34.9492,1262.07,2434.0179,1418.9092,1929.2486,75447.3268,42355.8512,1540.0234,16090.087,1355.16,7788.807
2023-10-25,43372.34,1404.635,1015.4,70397.5699,44565.0886,1268.673,14248.6136,71165.9457,43230.111,34.7177,1262.18,2412.9445,1418.5477,1929.2391,74965.2816,42322.7534,1540.363,16090.087,1342.1,7788.807
2023-10-26,43618.94,1404.635,1022.29,70197.2213,44563.7278,1268.975,14230.5379,71603.662,43223.5807,34.7756,1262.59,2428.6449,1418.3511,1929.2275,75193.4577,42368.6172,1541.4654,16105.309,1353.87,7788.807
2023-10-27,43617.16,1404.635,1022.23,70195.56,44577.5743,1268.975,14230.1832,71597.5788,43241.6351,35.1518,1263.07,2428.3401,1418.8048,1929.8679,75189.7687,42381.9119,1541.2386,16105.309,1353.8,7788.807
2023-10-30,43050.01,1381.881,1000.81,69877.9157,44584.8466,1268.874,14212.1008,70446.5029,43255.9391,34.8624,1263.05,2371.2227,1417.8598,1930.622,73712.0363,42333.2698,1540.7797,16135.136,1323.38,7788.807
2023-10-31,43082.41,1400.489,996.05,69340.3816,44546.0382,1269.678,14165.489,70202.9339,43228.3777,35.0505,1263.17,2359.9022,1417.2148,1929.5577,72819.9551,42303.497,1540.1185,16122.793,1316.39,7788.807
2023-11-01,43080.59,1400.489,995.93,69338.3084,44559.7257,1269.678,14165.0717,70196.9058,43246.476,35.3689,1263.61,2359.5669,1420.2722,1930.1977,72816.392,42356.536,1540.228,16122.793,1316.32,7788.807
2023-11-02,43422.45,1400.489,1003.2,69648.2655,44752.0021,1269.175,14106.0691,70746.7273,43471.8597,35.6728,1269.55,2366.7787,1426.8449,1938.2841,72976.0112,42600.4245,1547.9335,16014.781,1326.55,7788.807
2023-11-03,43982.78,1400.489,1028.46,70617.856,45019.5933,1273.394,14136.3685,72363.9733,43724.152,37.2937,1275.72,2438.7596,1434.5197,1946.3523,74815.9405,42895.0832,1555.66,16133.262,1362.78,7788.807
2023-11-06,43911.63,1400.489,1019.25,70392.3729,45056.5226,1276.307,14169.9472,72120.7021,43801.1341,36.7003,1277.17,2419.5629,1433.6504,1948.5954,75109.9792,42920.4425,1556.557,16175.517,1348.06,7788.807
2023-11-07,44003.54,1400.489,1033.22,70409.1311,45092.2357,1275.102,14086.5215,72204.0162,43865.1169,36.9608,1278.47,2457.5442,1435.3141,1950.444,75784.5705,42998.3475,1558.3341,16175.517,1364.62,7788.807
2023-11-08,44016.2,1400.489,1035.91,71058.5153,45134.255,1274.399,14102.1354,72581.2111,43940.6553,36.2083,1281.31,2455.2906,1437.1556,1952.551,76179.5542,43091.911,1562.4701,16215.059,1364.36,7788.807
2023-11-09,43907.59,1416.228,1036.21,71084.7876,45158.0908,1276.307,14139.0915,72540.7841,43967.7428,35.4558,1282.21,2445.2432,1437.5495,1951.4473,76163.5785,43102.8041,1563.4253,16238.04,1368.42,7788.807
2023-11-10,43919.84,1400.489,1036.32,70969.6282,45193.0197,1274.801,14101.8735,72545.3773,44010.4687,35.7162,1282.71,2443.0979,1439.1429,1954.2227,76002.5167,43128.6366,1564.1153,16215.059,1366.17,7788.807
2023-11-13,44829.99,1400.489,1056.23,70946.1372,45230.2998,1276.508,14174.0433,73538.846,44050.0232,35.7452,1283.29,2499.2152,1439.7213,1955.5678,76686.8429,43194.3177,1564.6451,16266.296,1388.4,7788.807
2023-11-14,44722.92,1400.489,1054.25,71064.4744,45310.2441,1277.613,14287.0854,73502.6166,44134.6514,37.3226,1286.81,2497.8614,1443.333,1959.8346,77284.1741,43539.2712,1568.2181,16266.296,1384.04,7788.807
2023-11-15,44929.8,1400.489,1066.19,71318.3435,45392.0937,1278.919,14295.662,73901.5613,44235.5187,37.7857,1289.21,2522.9956,1445.9099,1962.913,77697.2333,43577.4339,1570.6876,16281.456,1391.51,7788.807
2023-11-16,44749.39,1400.489,1057.85,71475.4152,45513.0656,1279.622,14135.2009,73503.2331,44261.8061,37.4094,1294.89,2497.2155,1452.1982,1969.476,77047.5461,43728.0211,1575.7486,16281.456,1376.3,7788.807
2023-11-17,44956.29,1400.489,1066.23,71509.118,45565.9346,1281.129,14185.0021,74054.7707,44335.7245,37.6844,1296.71,2522.4453,1454.2712,1971.8203,77486.2688,43763.6376,1577.6482,16289.193,1390.97,7788.807
2023-11-20,45193.12,1431.682,1079.47,71453.3104,45540.2438,1283.339,14251.9678,74548.9387,44308.1612,38.4948,1295.02,2555.8824,1452.3527,1970.339,78315.9746,43781.1259,1573.2211,16289.193,1404.61,7788.807
2023-11-21,45061.43,1431.682,1068.63,70802.9649,45632.0062,1281.33,14255.3007,74075.8792,44388.4415,38.7698,1297.56,2538.6999,1455.4836,1973.5754,78093.813,44011.5199,1577.0343,16228.984,1392.88,7788.807
2023-11-22,45132.58,1431.682,1067.23,70563.0325,45729.1913,1282.636,14273.0496,74227.7898,44449.3471,38.5238,1300.35,2546.8324,1459.3495,1977.5726,78357.5208,43967.363,1580.3221,16383.679,1398.3,7788.807
2023-11-23,45119.52,1431.682,1069.84,70558.5908,45815.3947,1282.636,14277.4193,74239.984,44520.7247,38.5238,1303.85,2545.2968,1461.6733,1980.3438,78485.0089,44014.8609,1583.5356,16374.057,1401.34,7788.807
2023-11-24,44995.84,1442.03,1065.82,70396.0755,45867.7999,1282.937,14294.092,73957.9772,44558.0056,38.4659,1304.81,2533.2978,1463.2434,1981.7974,78464.9154,44044.7245,1583.9727,16239.945,1390.82,7788.807
2023-11-27,44852.61,1431.682,1061.83,70092.6569,45936.8896,1284.946,14267.4163,73677.5286,44634.7057,38.2343,1306.38,2515.9913,1464.7651,1984.0446,77870.5116,44117.1055,1585.3073,16403.968,1384.51,7788.807
2023-11-28,45002.91,1431.682,1064.23,70135.2725,46024.2592,1285.046,14340.1112,73730.5184,44713.9334,38.5816,1308.35,2522.041,1467.734,1987.5992,77866.759,44178.2954,1587.435,16403.968,1392.58,7788.807
2023-11-29,45159.94,1431.682,1068.18,70521.1919,46148.6277,1285.75,14394.632,74283.7958,44816.7375,38.5672,1312.58,2532.7346,1471.9021,1992.5528,78080.5732,44300.4478,1590.7689,16455.059,1397.95,7788.807
2023-11-30,45078.15,1431.682,1072.41,70349.9246,46171.5286,1285.95,14480.3876,73911.0164,44865.7613,38.8856,1312.42,2553.7937,1472.1138,1993.2859,78380.7644,44324.503,1590.4631,16384.527,1401.45,7788.807
2023-12-01,45724.3,1446.471,1085.22,70342.853,46160.5571,1287.558,14518.2367,74925.7339,44867.5927,40.0867,1312.28,2600.2276,1472.4032,1993.5653,78827.3648,44362.4975,1590.1093,16384.527,1419.13,7788.807
2023-12-04,45389.64,1446.471,1075.14,69962.2427,46228.5307,1287.256,14572.1145,74176.677,44945.756,38.8566,1313.73,2572.0578,1474.6128,1996.4386,78829.1448,44433.7329,1592.3624,16468.596,1408.92,7788.807
2023-12-05,45674.48,1449.341,1091.85,70579.37,46278.8713,1288.462,14602.3542,74950.5592,45001.7361,38.8711,1314.77,2613.8082,1476.7628,1998.4276,79082.5398,44516.2386,1594.4241,16455.059,1427.33,7788.807
2023-12-06,45920.89,1449.341,1094.06,70964.5893,46345.9417,1289.868,14697.3805,75269.3922,45063.6586,39.0303,1317.06,2618.6241,1479.2145,2000.6815,79797.9167,44597.1076,1596.1448,16455.059,1429.0,7788.807
2023-12-07,46107.66,1449.341,1102.4,71211.965,46518.3579,1292.982,14780.5128,75787.0877,45208.344,39.5947,1327.62,2643.2304,1484.1102,2004.8846,79990.5731,44627.9394,1600.0523,16514.661,1445.68,7788.807
2023-12-08,46105.8,1449.341,1102.38,71210.0763,46528.3277,1292.982,14780.1083,75780.8893,45223.2289,39.5802,1327.93,2642.8924,1484.4225,2005.3495,79986.5855,44647.7471,1600.2058,16514.661,1445.61,7788.807
2023-12-11,45763.03,1449.341,1087.78,70566.6481,46596.529,1297.1,14776.0459,74886.8808,45312.6938,38.654,1329.19,2599.0999,1486.6952,2006.5034,79133.6561,44676.0185,1602.5045,16538.269,1423.31,7788.807
2023-12-12,45854.51,1449.341,1094.02,70711.3958,46679.1934,1298.607,14514.6158,75158.6245,45406.649,39.0303,1330.54,2606.9088,1490.0663,2008.1204,79168.7772,44744.8277,1603.6288,16538.269,1433.61,7788.807
2023-12-13,46630.15,1449.341,1114.16,70692.4926,46636.4236,1300.616,14770.7836,76125.7919,45241.4901,40.6077,1330.93,2653.798,1490.2529,2008.2449,80254.3885,44773.4779,1604.0983,16570.661,1452.42,7788.807
2023-12-14,47283.85,1449.341,1138.35,71578.342,46835.4804,1301.821,14939.2808,77633.6389,45403.1445,41.3457,1335.26,2718.2423,1499.4534,2015.2451,81985.4376,44905.4768,1610.3756,16595.641,1487.81,7788.807
2023-12-15,47145.93,1449.341,1139.62,71668.407,46822.4107,1304.333,15070.5473,77354.5227,45354.6599,41.3602,1335.89,2718.4048,1499.4494,2015.9493,82238.3308,44965.5382,1611.0083,16565.856,1479.86,7788.807
2023-12-18,46702.4,1449.341,1125.92,71256.2193,46798.2466,1304.734,15011.0748,76440.4569,45300.7392,40.3038,1336.8,2669.0324,1498.7381,2016.1078,81689.3643,44992.365,1610.6812,16582.91,1456.29,7788.807
2023-12-19,46770.02,1470.132,1126.54,71537.7757,46784.0375,1307.447,15052.1336,76637.0233,45277.4721,40.8248,1337.26,2683.3299,1498.6071,2015.9355,81194.1502,44945.5369,1610.7314,16565.856,1456.23,7788.807
2023-12-20,46917.09,1477.907,1128.63,71729.1492,46926.3689,1310.862,15071.0889,76504.7074,45317.9869,39.8785,1340.75,2684.5014,1503.9439,2022.5569,81323.6196,45292.929,1617.2074,16584.753,1460.09,7788.807
2023-12-21,47040.84,1449.341,1136.24,71657.676,46906.8621,1309.355,15121.0003,76972.9548,45307.6898,40.3009,1340.42,2693.7724,1503.1932,2021.2219,81365.5883,45153.8318,1616.9657,16743.646,1466.03,7788.807
2023-12-22,47311.85,1449.341,1145.66,71714.095,46884.6688,1310.36,15251.6685,77366.3084,45293.0013,40.097,1339.53,2713.1758,1502.4187,2020.5153,82035.2655,45203.9322,1616.8784,16743.646,1480.04,8145.753
2023-12-25,47311.42,1449.341,1145.55,71708.2767,46926.3667,1310.36,15250.4402,77358.4284,45345.6006,40.097,1340.79,2712.8548,1503.7242,2022.3011,82023.1399,45232.1477,1617.8291,16743.646,1479.8,8145.753
2023-12-26,47580.78,1479.521,1157.19,72145.5682,46937.5333,1312.067,15314.9893,78430.9319,45329.0767,40.5485,1340.76,2740.5336,1503.9126,2021.9512,82811.9235,45283.4082,1617.805,16746.672,1489.49,8145.753
2023-12-27,47626.05,1479.521,1154.1,72670.6026,46990.565,1312.469,15315.0053,78453.3856,45388.3666,40.5485,1341.67,2733.1484,1505.1943,2023.1315,82701.3939,45262.9603,1617.6634,16758.785,1488.17,8145.753
2023-12-28,47825.31,1479.521,1164.1,72801.4731,47000.2787,1311.264,15367.8727,78975.902,45345.8491,40.8981,1340.53,2748.2171,1504.5086,2021.262,83271.2986,45231.8958,1616.9525,16855.019,1495.72,8145.753
2023-12-29,47588.81,1479.521,1154.89,72864.8031,47061.8972,1310.561,15417.9915,78929.2706,45433.3196,41.0874,1341.67,2727.0298,1506.553,2023.1807,82669.8654,45115.1512,1620.4284,16796.799,1484.64,8145.753
2024-01-01,47582.73,1479.521,1154.36,72858.3612,47103.408,1310.561,15416.7387,78910.0349,45485.7461,41.0874,1342.96,2726.133,1507.842,2025.4418,82657.749,45143.7514,1620.3739,16796.799,1484.41,8145.753
2024-01-02,47571.77,1479.521,1155.61,73141.0136,47037.9553,1313.072,15434.8947,79211.3314,45433.1235,40.6505,1342.48,2736.9793,1505.0349,2023.9598,82678.7209,45191.1458,1618.6989,16797.166,1485.66,8145.753
2024-01-03,47301.11,1478.698,1146.2,73362.9103,46955.5081,1311.465,15395.13,78783.3917,45368.7374,40.2572,1341.1,2707.0626,1500.9931,2021.6617,82421.3214,45204.2393,1615.798,16783.21,1468.51,8145.753
2024-01-04,46907.14,1478.698,1132.78,73019.7091,46882.3578,1312.067,15309.0555,78353.0361,45297.0874,39.4125,1339.41,2674.8391,1498.5289,2018.9196,82022.8183,45136.9687,1614.0912,16783.21,1454.07,8145.753
2024-01-05,46750.28,1478.698,1127.33,72896.0405,46834.8226,1311.565,15310.9627,78094.1006,45260.4101,39.3833,1338.57,2661.9779,1496.3809,2017.5932,81507.9075,45139.0836,1612.8078,16705.035,1445.14,8145.753
2024-01-08,46637.52,1478.698,1132.27,73046.1536,46677.1354,1310.962,15348.4885,78096.3338,45109.5647,38.8881,1335.41,2671.7825,1491.204,2011.797,81366.3973,45055.0139,1609.184,16681.574,1442.64,8145.753
2024-01-09,46881.26,1478.698,1138.84,73368.7341,46726.799,1307.145,15387.4216,78334.8628,45129.1929,38.5531,1335.33,2701.5922,1490.8256,2012.0453,81688.0495,45091.2997,1609.364,16708.124,1452.75,8145.753
2024-01-10,46591.07,1478.698,1130.0,73749.2411,46759.2941,1306.844,15394.2025,78109.859,45165.6825,38.2181,1335.82,2677.2634,1492.2007,2013.2797,81737.695,45134.6362,1610.7342,16775.379,1445.38,8145.753
2024-01-11,46350.55,1478.698,1129.29,74083.4105,46767.6361,1307.648,15378.6692,78075.0735,45174.2983,38.1599,1336.06,2668.7532,1492.5256,2012.9372,81260.1437,45123.4622,1611.0865,16795.721,1434.16,8145.753
2024-01-12,46118.84,1469.51,1114.44,73947.3524,46819.1002,1308.049,15406.3126,77572.2156,45230.3641,37.9705,1337.21,2628.2248,1494.1387,2014.8639,80678.3584,45129.2514,1612.6529,16740.757,1427.72,8145.753
2024-01-15,46372.38,1470.354,1117.24,73757.023,46890.9077,1307.346,15370.2447,77637.3078,45303.4049,37.9705,1339.15,2641.2587,1496.7067,2018.0352,80330.4396,45184.7971,1614.9429,16764.365,1431.84,8145.753
2024-01-16,46340.61,1475.111,1111.03,73799.5775,46887.8302,1308.652,15393.2374,77428.7743,45314.9623,37.4025,1339.42,2627.6405,1496.7185,2018.3835,80519.8616,45213.0304,1615.488,16795.773,1430.54,8145.753
2024-01-17,45752.66,1473.371,1098.43,73639.9535,46851.1813,1310.259,15385.1984,76568.141,45292.2069,36.9073,1338.43,2602.0549,1495.1325,2017.0047,79835.0561,45169.0245,1614.2148,16791.711,1415.62,8145.753
2024-01-18,45748.81,1472.622,1093.9,73695.0548,46805.873,1310.36,15323.1599,76286.5529,45226.7818,36.8782,1337.4,2596.0325,1493.5862,2015.4822,79302.7896,45114.7279,1612.3884,16791.711,1409.42,8145.753
2024-01-19,45522.08,1471.662,1091.08,73706.0961,46774.8181,1309.355,15321.2791,76022.1634,45196.9101,37.3588,1337.69,2596.4275,1492.6689,2014.3264,78896.5025,45102.3787,1611.6814,16861.039,1405.78,8145.753
2024-01-22,45959.07,1468.307,1103.23,73605.7171,46791.9637,1309.456,15274.8984,76360.9332,45220.3353,37.7229,1338.16,2633.107,1493.5422,2015.2074,79172.1739,45120.6859,1612.3008,16908.141,1416.78,8145.753
2024-01-23,46322.91,1474.774,1114.99,74005.1615,46865.4926,1309.958,15286.9928,76922.4833,45328.027,37.7666,1339.15,2660.4964,1496.056,2017.5935,79742.7333,45167.6139,1614.7758,16887.296,1426.38,8145.753
2024-01-24,46784.22,1478.054,1135.83,74784.5322,46963.6101,1312.268,15273.8234,77903.9812,45338.1826,38.0434,1341.22,2700.6501,1500.1527,2021.3466,80690.6885,45241.6035,1618.3078,16903.471,1441.87,8145.753
2024-01-25,46428.84,1478.983,1122.85,74296.5143,46997.652,1313.373,15330.1859,77265.7703,45371.7806,38.0142,1342.1,2668.2675,1501.0728,2022.5019,79898.1792,45278.9148,1619.0032,16961.21,1425.42,8145.753
2024-01-26,46716.44,1479.12,1137.18,74567.2068,47001.9328,1315.382,15332.9881,77920.0838,45379.8285,37.7666,1342.08,2704.4577,1501.4639,2022.6971,80246.8002,45292.3932,1619.5108,16960.335,1438.4,8145.753
2024-01-29,46762.41,1479.12,1136.36,74653.4782,47063.7486,1315.784,15344.1969,77677.8705,45469.0548,37.6355,1343.04,2699.8868,1503.6124,2025.3016,80098.7438,45410.6704,1621.9436,17023.205,1442.03,8145.753
2024-01-30,46195.41,1479.12,1119.85,74696.0473,47083.2984,1316.688,15359.0333,77111.9328,45469.477,37.2132,1344.0,2657.6107,1504.3106,2026.056,79546.1395,45340.7666,1621.253,17067.301,1428.67,8145.753
2024-01-31,46361.55,1481.557,1124.11,74865.5431,47214.3545,1317.793,15333.8426,76916.759,45579.7259,37.0384,1347.58,2660.1422,1508.8706,2030.8706,79350.6949,45402.8592,1625.3638,17023.752,1429.64,8145.753
2024-02-01,46755.17,1490.164,1135.17,75316.3913,47405.9685,1321.309,15274.3115,77745.9306,45782.7031,37.3151,1351.71,2681.9564,1516.1025,2038.2058,79864.4813,45526.3129,1631.728,17329.397,1443.17,8145.753
2024-02-02,46366.07,1490.217,1121.69,74812.4089,47440.8124,1323.82,15205.7644,76982.401,45824.4476,36.5577,1352.45,2641.2224,1516.8193,2040.0939,79756.8886,45561.3629,1633.2869,17276.367,1430.22,8145.753
2024-02-05,46325.9,1491.198,1122.75,75140.7975,47372.435,1323.217,15208.0737,77093.7433,45771.7214,36.2228,1351.2,2644.6581,1514.2238,2037.6961,79550.7235,45515.5755,1632.0745,17276.367,1430.11,8145.753
2024-02-06,46301.55,1491.198,1125.32,75542.6343,47368.8219,1325.025,15212.0989,77005.4531,45775.8566,36.514,1350.67,2649.4261,1514.3399,2037.5603,79743.526,45522.0699,1631.5322,17420.498,1435.12,8145.753
2024-02-07,46291.91,1491.198,1129.0,75529.4778,47449.3947,1323.92,15238.3705,77176.2485,45842.942,36.3101,1352.64,2660.8918,1517.3695,2040.3891,79912.2144,45512.1254,1633.862,17420.498,1436.27,8145.753
2024-02-08,46325.68,1491.198,1128.39,75491.6427,47510.0947,1325.929,15217.3229,77066.8879,45911.9126,35.9606,1354.47,2650.7014,1519.9081,2043.3696,79972.9033,45623.5554,1635.9364,17178.397,1434.65,8145.753
2024-02-09,46575.55,1491.198,1135.41,76068.0314,47540.4582,1328.842,15236.2671,77512.8312,45941.0514,35.9897,1355.55,2666.2041,1520.6031,2044.8023,80469.1426,45633.1578,1637.0048,17178.397,1445.61,8145.753
2024-02-12,47062.83,1491.198,1146.64,76059.0001,47585.1838,1330.148,15273.6137,78096.1561,45984.9892,36.281,1356.79,2699.4743,1521.9328,2046.4635,80915.3303,45688.487,1637.7223,17178.397,1459.08,8145.753
2024-02-13,46735.55,1491.198,1137.64,76215.4578,47560.9199,1332.057,15288.5794,77944.2541,45974.7216,35.6693,1356.39,2666.7674,1521.0845,2045.1504,80505.8137,45716.5958,1636.2587,17232.512,1442.97,8145.753
2024-02-14,47210.33,1491.198,1144.93,75989.7243,47533.3291,1332.659,15335.9957,78452.3032,45945.479,36.5577,1354.22,2699.3914,1519.3902,2044.3514,80826.2702,45762.629,1634.9575,17232.512,1456.69,8145.753
2024-02-15,47834.53,1491.198,1161.89,76416.4389,47561.6845,1331.956,15425.5548,79616.7182,45973.6056,36.7908,1354.26,2748.1349,1520.2764,2046.136,82270.0275,45849.5343,1636.6456,17232.512,1477.22,8145.753
2024-02-16,48601.22,1491.198,1190.51,77481.1515,47500.8967,1331.052,15504.4629,81012.7439,45937.4868,37.2569,1353.35,2808.3836,1518.841,2044.8294,83945.7562,45876.3977,1635.2519,17458.232,1503.76,8145.753
2024-02-19,48837.76,1491.198,1198.81,77877.7975,47521.0624,1333.061,15623.7301,81560.6962,45965.4053,37.2569,1354.01,2830.1279,1519.5116,2046.0976,84702.9134,45793.3309,1636.0654,17348.717,1508.62,8145.753
2024-02-20,48520.33,1491.198,1188.53,77817.796,47566.9408,1333.061,15581.2119,81080.9586,46061.1224,37.8394,1354.64,2804.4433,1520.6875,2047.3524,84533.3091,45810.928,1637.2277,17382.848,1501.82,8145.753
2024-02-21,48004.06,1491.198,1172.08,77708.5043,47556.077,1332.157,15596.0614,80192.3174,46031.8979,37.2569,1354.4,2748.2928,1520.002,2046.7484,83629.6371,45760.4562,1636.5201,17381.71,1484.73,8145.753
2024-02-22,47928.02,1491.198,1171.33,77926.3327,47533.0118,1331.856,15563.3284,80097.1676,46004.7052,36.718,1353.68,2755.2735,1518.618,2045.7135,83395.6044,45770.8859,1635.7179,17357.723,1481.02,8145.753
2024-02-23,47819.58,1491.198,1166.88,78448.1052,47454.1284,1332.358,15636.776,80470.3637,45924.5833,36.6014,1351.9,2753.9283,1516.0473,2042.6692,83410.4677,45762.8966,1633.0444,17219.481,1477.56,8145.753
2024-02-26,47896.12,1491.198,1168.03,78401.6877,47449.1018,1332.057,15629.156,80533.4977,45936.144,36.2228,1351.81,2759.8098,1515.5206,2042.3732,83567.3317,45798.4128,1632.4651,17319.378,1482.51,8145.753
2024-02-27,48535.89,1491.198,1188.84,78404.5215,47396.6279,1331.956,15618.6645,81492.1152,45892.1769,37.1258,1350.31,2814.2458,1513.4437,2040.373,84624.6181,45797.5183,1631.2656,17329.038,1502.45,8145.753
2024-02-28,48716.03,1491.198,1193.79,78525.7872,47343.2367,1331.755,15711.461,81865.9936,45845.6935,37.519,1348.88,2833.0039,1512.225,2038.6767,85085.1897,45791.4608,1630.7601,17329.038,1503.92,8145.753
2024-02-29,49310.1,1491.198,1214.97,79011.8522,47345.8669,1330.851,15831.122,83096.3281,45934.837,38.3492,1349.41,2907.9136,1512.4038,2039.2916,85745.4203,45792.1408,1631.2628,17402.779,1515.05,8145.753
2024-03-01,49463.56,1491.198,1224.62,79488.3269,47447.4742,1330.048,15921.0767,83439.231,46060.4698,38.5677,1352.6,2942.2698,1515.7852,2044.3164,86085.6231,45885.9376,1634.7036,17601.879,1522.3,8145.753
2024-03-04,48657.9,1491.198,1193.39,79203.0129,47461.3154,1334.568,15897.3062,82351.6543,46084.3698,37.286,1353.38,2852.9608,1515.9278,2045.2442,84969.2535,45870.3932,1635.4509,17714.775,1489.81,8145.753
2024-03-05,48340.33,1491.198,1180.06,79058.5278,47526.7169,1334.066,15936.4227,81832.996,46157.2568,36.6014,1354.77,2826.4939,1518.3212,2048.9576,83213.2955,45882.7259,1638.002,17714.775,1473.66,8145.753
2024-03-06,48774.11,1491.198,1196.53,79494.1162,47574.9415,1335.773,16048.6552,82834.5077,46206.8703,36.9656,1356.05,2856.3878,1519.2885,2051.4789,84205.2459,45933.7259,1639.9968,17520.911,1496.14,8145.753
2024-03-07,48911.39,1498.698,1198.19,79617.7663,47642.5688,1336.577,16023.6602,82987.5115,46266.2026,37.3734,1357.13,2869.1736,1521.3712,2054.055,84436.3355,45963.9744,1642.2935,17490.035,1493.42,8145.753
2024-03-08,48774.95,1491.198,1195.07,79711.2924,47834.2793,1338.485,15990.3896,83075.476,46484.7575,37.7812,1361.74,2858.4737,1527.3985,2060.9691,84442.7559,46102.3514,1647.3186,17667.265,1492.23,8145.753
2024-03-11,49275.19,1491.198,1210.84,80301.7954,47869.7057,1342.805,15986.752,83794.1963,46532.1597,38.1016,1363.27,2908.5095,1528.7482,2062.8374,84926.5112,46126.4041,1647.9471,17539.726,1508.31,8145.753
2024-03-12,49796.94,1491.198,1226.23,80678.0815,47808.7155,1342.604,16105.0756,84682.6809,46481.3837,38.9318,1361.05,2939.3581,1527.6697,2060.2162,85812.4146,46129.3871,1647.2387,17487.054,1521.56,8145.753
2024-03-13,49906.84,1502.348,1225.83,80866.3973,47838.3205,1342.805,16031.2619,84549.4938,46543.5876,39.5144,1361.72,2945.74,1528.4125,2061.8737,86165.4682,46171.912,1648.2994,17491.268,1513.58,8145.753
2024-03-14,49959.6,1501.789,1221.81,81354.5987,47811.4388,1344.111,16100.2663,84771.0847,46517.7828,39.4998,1360.82,2933.1208,1527.3076,2060.9566,85978.0038,46315.7748,1647.145,17487.054,1506.95,8145.753
2024-03-15,49948.47,1504.68,1220.52,81257.7409,47793.7628,1342.805,16092.5027,84729.5473,46505.6594,39.6018,1360.54,2938.4788,1526.6154,2060.2251,86175.3934,46317.7706,1646.2828,17487.054,1511.24,8145.753
2024-03-18,49943.61,1504.68,1219.87,81054.9899,47776.7112,1342.905,16102.572,84632.7722,46476.7026,39.1648,1359.75,2929.8825,1527.4804,2059.4815,86373.486,46318.0005,1644.6662,17618.839,1505.07,8145.753
2024-03-19,49841.72,1524.216,1212.37,80823.6726,47759.6908,1343.106,16087.0047,84309.0687,46456.4739,38.2473,1359.45,2919.0543,1524.928,2059.1915,86062.3307,46325.4429,1644.105,17486.464,1496.81,8145.753
2024-03-20,50210.26,1524.216,1230.16,80766.3546,47743.1811,1343.608,16049.5146,85362.3203,46435.4505,38.9027,1359.92,2958.0822,1523.8265,2059.6006,86813.3809,46301.7702,1642.7319,17665.854,1512.07,8145.753
2024-03-21,50159.27,1524.216,1229.74,80715.7506,47797.2697,1344.01,15994.0352,85084.572,46478.8838,38.524,1361.75,2955.84,1525.4316,2061.4611,87489.5384,46356.0204,1645.5157,17450.531,1510.58,8145.753
2024-03-22,50234.09,1524.216,1233.52,80808.9527,47815.9579,1343.508,16015.0068,85368.8461,46490.2545,38.1744,1362.15,2972.04,1526.209,2062.6141,87034.6373,46364.6886,1645.836,17491.542,1527.6,8145.753
2024-03-25,50117.05,1524.216,1227.29,80456.0466,47691.5554,1344.512,16075.9598,85324.3119,46558.8724,38.0725,1314.35,2958.045,1528.6923,2020.2995,86345.6354,46401.9226,1647.7054,17480.154,1512.67,8145.753
2024-03-26,50299.96,1524.216,1232.49,80838.8253,47702.5496,1346.722,16029.3159,85474.952,46563.043,37.9268,1314.11,2967.207,1529.4533,2021.0322,86613.7112,46428.9001,1647.7561,17403.358,1519.19,8145.753
2024-03-27,50622.15,1524.216,1249.39,81139.2332,47750.5597,1346.521,16084.0135,86299.8721,46622.2241,38.524,1315.32,2994.8087,1530.9461,2022.9916,87164.0708,46465.4499,1649.4617,17434.382,1533.04,8145.753
2024-03-28,50903.49,1524.216,1256.83,81452.804,47754.2233,1347.626,16072.4125,86682.872,46616.7067,38.6988,1315.41,3016.9117,1531.6169,2022.9885,87761.3857,46487.2741,1650.4585,17434.382,1541.58,8145.753
2024-03-29,50901.04,1524.216,1256.53,81450.5396,47766.0374,1347.626,16071.79,86678.4013,46630.6447,38.6988,1315.77,3016.6206,1532.0083,2023.5168,87757.0367,46493.8842,1650.7869,17434.382,1541.5,8145.753
2024-04-01,50860.58,1524.216,1254.43,81897.7595,47775.6737,1348.832,16147.8728,86724.0764,46661.2819,38.4949,1315.91,3017.6677,1533.3616,2024.9528,87925.8245,46497.3805,1651.4846,17382.163,1544.83,8145.753
2024-04-02,50895.89,1524.216,1252.78,81640.1821,47762.4211,1350.037,16180.5948,86964.6467,46672.9259,38.6988,1315.89,3017.1628,1533.0865,2024.1333,87329.1675,46466.0592,1650.7115,17440.597,1544.57,8145.753
2024-04-03,50917.76,1524.216,1247.86,81452.8514,47803.6752,1350.238,16120.4861,86763.9323,46706.7108,39.6164,1316.9,3012.4277,1534.0375,2025.4581,87401.6418,46467.4143,1652.2668,17440.597,1544.37,8145.753
2024-04-04,50910.66,1524.216,1242.22,81663.667,47804.4191,1350.138,16138.1711,86706.298,46682.9746,39.9513,1316.76,2999.7065,1533.4392,2025.0346,87087.1719,46458.3753,1652.4651,17440.576,1532.46,8145.753
2024-04-05,50341.55,1524.216,1228.0,81727.2687,48018.2784,1351.443,16181.7212,86003.2618,46691.4635,39.7183,1363.78,2962.1843,1534.0435,2070.9714,86241.6472,46434.7635,1651.0798,17440.576,1520.17,8145.753
2024-04-08,50965.2,1508.319,1246.6,82091.1402,47960.8687,1352.247,16271.9665,87234.5084,46619.396,39.9805,1361.87,3000.1171,1531.4224,2067.3643,86548.8078,46390.3357,1648.2152,17440.576,1534.25,8145.753
2024-04-09,51301.82,1510.102,1257.64,82158.1227,47928.5013,1351.845,16363.0679,87825.5479,46659.1309,40.665,1342.69,3030.8005,1532.8011,2049.608,87081.4197,46433.1455,1650.6493,17358.408,1546.08,8145.753
2024-04-10,51467.53,1510.102,1263.22,82145.6409,47843.9734,1352.95,16362.8105,88072.3812,46634.4066,40.1698,1329.08,3047.1145,1532.1058,2035.7124,87807.2369,46431.8502,1649.1367,17757.471,1550.02,8145.753
2024-04-11,51737.93,1510.102,1267.53,82599.5578,47848.0462,1354.055,16439.3911,88399.3878,46596.4872,40.33,1340.91,3057.3096,1530.1257,2046.0098,88456.4506,46439.6307,1646.9002,17357.934,1560.16,8145.753
2024-04-12,50903.34,1510.102,1238.04,81740.6903,47826.6718,1352.749,16426.7965,86907.5521,46575.5121,38.9609,1340.28,2991.6459,1529.2754,2045.3606,87116.0464,46400.2793,1647.1046,17413.313,1527.32,8145.753
2024-04-15,50293.74,1510.102,1222.06,81078.0675,47769.1436,1351.443,16335.0779,85961.1937,46542.1124,38.1453,1339.07,2951.994,1527.1538,2043.3428,86126.6893,46335.2255,1645.3774,17413.313,1507.98,8145.753
2024-04-16,49913.51,1510.102,1212.78,80960.6414,47656.8088,1351.443,16299.5353,85390.7525,46429.1892,37.4462,1335.97,2924.554,1523.3518,2039.7091,85113.2954,46276.6952,1641.762,17413.313,1497.42,8145.753
2024-04-17,50056.34,1510.102,1217.51,80732.1343,47613.626,1350.74,16316.3646,85673.7228,46408.5847,37.7084,1335.37,2936.3863,1522.5047,2038.8966,85020.2845,46268.3224,1641.9164,17444.916,1494.47,8145.753
2024-04-18,49908.75,1495.618,1218.45,80939.1276,47524.041,1349.836,16296.8455,85602.0534,46306.3078,38.2618,1333.27,2938.3554,1519.1611,2035.2212,85243.3484,46248.6786,1640.0592,17444.916,1503.18,8145.753
2024-04-19,49615.78,1501.23,1203.76,80684.2969,47558.7606,1348.129,16290.3349,85039.9834,46352.5417,38.2327,1334.72,2907.7854,1521.3743,2037.963,84363.1954,46281.6213,1642.4151,17444.916,1477.82,8145.753
2024-04-22,49653.92,1499.912,1207.57,80823.144,47602.0305,1350.74,16349.3685,85210.1482,46406.0508,38.2181,1336.11,2910.3921,1523.5158,2040.4756,84347.9872,46340.5283,1644.2703,17502.866,1483.34,8145.753
2024-04-23,50133.3,1502.306,1224.54,81114.0184,47668.9455,1349.635,16422.5954,86048.3877,46491.7833,38.6988,1338.11,2963.0638,1526.059,2044.147,85203.7755,46434.2087,1647.6429,17502.866,1501.08,8145.753
2024-04-24,49716.43,1505.513,1208.51,81196.0552,47698.5537,1349.736,16429.5289,85374.9232,46534.8787,38.3638,1338.86,2919.5473,1526.8899,2045.6304,84595.2378,46417.5564,1648.0183,17535.428,1481.1,8145.753
2024-04-25,49477.56,1504.574,1201.62,81054.3077,47673.8795,1349.836,16413.4713,84892.9532,46516.4386,38.3055,1338.77,2899.9268,1526.0282,2044.6447,83902.7785,46376.1597,1646.7307,17608.199,1472.51,8145.753
2024-04-26,50223.12,1506.473,1216.57,81546.0511,47730.2237,1350.238,16414.0528,85708.2525,46572.0127,38.5823,1340.14,2937.9285,1528.1202,2047.0307,84495.4819,46414.5891,1648.6542,17593.362,1484.2,8145.753
2024-04-29,51200.84,1506.104,1244.59,81919.506,47839.758,1353.051,16513.6852,87437.3404,46691.4319,39.7474,1343.31,3004.4218,1531.2743,2051.7859,86135.9424,46559.2173,1651.7909,17633.782,1517.63,8145.753
2024-04-30,51052.26,1543.083,1240.27,81957.3789,47893.2347,1354.055,16553.7306,87043.2708,46749.2508,38.8881,1344.54,2993.3614,1533.0923,2053.756,86127.5523,46585.1191,1652.6536,17602.932,1507.51,8145.753
2024-05-01,51049.8,1543.083,1240.32,81955.2208,47902.7765,1354.055,16553.3144,87060.4347,46760.9414,38.6988,1344.8,2993.0911,1533.4121,2054.1971,86123.2776,46598.2896,1652.5239,17602.932,1507.43,8145.753
2024-05-02,51069.28,1543.083,1237.92,81902.0746,47911.1414,1355.763,16583.1455,87126.0056,46775.0999,39.3251,1344.98,2987.6669,1534.3068,2054.9008,86356.3369,46636.7673,1652.2866,17592.303,1502.15,8145.753
2024-05-03,51484.23,1543.083,1250.29,82565.5843,48076.8549,1355.26,16597.8948,87920.8666,46878.0239,40.097,1347.85,3012.6475,1538.3742,2063.1944,87382.71,46849.3403,1657.1672,17630.19,1517.93,8145.753
2024-05-06,51324.75,1543.083,1238.55,82527.0448,48157.2359,1357.37,16649.6442,87314.3194,46956.2453,40.2135,1349.72,2993.8505,1541.2881,2065.7797,87171.424,46882.5851,1659.9631,17584.481,1500.71,8145.753
2024-05-07,51807.86,1543.083,1255.3,82775.09,48222.6933,1357.37,16621.7103,88162.4189,47020.5945,40.3009,1351.92,3028.5324,1544.0187,2068.4951,87565.0786,46924.5992,1662.5844,17621.976,1520.17,8145.753
2024-05-08,51854.31,1543.083,1268.81,83190.1904,48277.4596,1359.68,16684.845,88595.6504,47115.7393,40.33,1353.22,3053.6563,1546.3198,2070.5995,87645.4712,46937.6048,1663.4428,17658.274,1530.18,8145.753
2024-05-09,51790.6,1543.083,1264.37,83163.7223,48281.7767,1361.89,16726.3036,88599.9223,47116.1018,41.0146,1353.55,3037.7005,1545.7227,2071.1544,88102.4597,46940.2267,1662.9988,17667.335,1525.36,8145.753
2024-05-10,51996.5,1521.678,1265.53,83686.3637,48282.8722,1361.89,16697.3853,88797.9881,47110.4497,40.9563,1353.16,3044.9438,1545.0955,2070.5933,87514.3744,46928.9705,1662.9774,17645.864,1530.14,8145.753
2024-05-13,52412.14,1521.678,1273.14,83864.6451,48272.409,1362.392,16739.1546,89170.1509,47110.0593,41.3641,1352.97,3049.3907,1544.4024,2070.4192,87877.3007,46964.4773,1662.6668,17646.065,1539.79,8145.753
2024-05-14,52423.91,1520.892,1279.92,83731.4536,48258.6819,1361.89,16746.0349,89226.6867,47074.8534,41.9904,1360.56,3063.8386,1543.1921,2076.2378,88023.5487,46945.3411,1662.071,17686.771,1543.05,8145.753
2024-05-15,52422.08,1519.524,1278.37,83987.2353,48395.0225,1360.182,16905.3648,89115.0575,47175.1725,42.2963,1362.77,3053.9059,1546.8485,2080.3015,88334.9462,47071.9782,1665.7199,17657.701,1538.79,8145.753
2024-05-16,52221.99,1519.524,1267.26,84054.9914,48463.0917,1360.685,16891.5461,88644.8005,47211.6146,42.2235,1364.28,3037.7326,1548.6109,2082.5173,87828.8194,47110.7691,1668.1235,17765.64,1528.43,8145.753
2024-05-17,52216.65,1519.524,1269.12,84369.2783,48464.8595,1361.086,17046.3386,89081.3054,47259.4298,42.573,1365.58,3046.5213,1548.6334,2082.6025,88070.3051,47125.2164,1668.4301,17681.334,1530.69,8145.753
2024-05-20,52416.13,1519.524,1279.29,84690.1182,48558.4826,1360.986,17160.5193,89508.0756,47342.0242,42.9808,1367.97,3071.2393,1550.866,2086.316,88157.6846,47168.7613,1671.2741,17681.334,1534.37,8145.753
2024-05-21,52414.11,1519.524,1279.27,84688.1896,48569.1235,1360.986,17160.1556,89502.3791,47354.3168,42.8061,1368.27,3070.9414,1551.2234,2086.8027,88153.1898,47195.2964,1671.4696,17681.334,1534.29,8145.753
2024-05-22,52672.52,1519.524,1281.7,84883.6222,48563.2409,1363.698,17227.6068,89622.1208,47355.7673,41.9467,1373.29,3079.7646,1550.8118,2086.5977,88455.321,47291.5984,1672.6183,17773.037,1535.41,8145.753
2024-05-23,52899.11,1519.524,1291.5,85119.8354,48547.631,1365.205,17246.7521,90235.3019,47296.452,42.2672,1372.8,3103.6077,1550.4274,2086.0082,89211.5346,47187.0367,1671.8807,17759.143,1552.63,8145.753
2024-05-24,52852.02,1519.524,1291.69,85554.6958,48588.6706,1362.593,17293.6267,90460.5444,47315.4709,42.4711,1373.53,3103.36,1550.9818,2086.8699,89348.2374,47222.8943,1672.896,17790.682,1544.32,8145.753
2024-05-27,53122.74,1519.524,1296.48,85862.8196,48661.9794,1365.305,17419.6571,90921.9155,47399.0729,42.4711,1375.37,3123.6214,1553.0217,2089.8481,89682.1159,47299.6239,1674.4198,17749.573,1547.4,8145.753
2024-05-28,52820.3,1519.524,1290.13,86329.936,48629.0964,1367.917,17472.4134,90583.3543,47371.7674,42.8643,1374.69,3123.9231,1551.6215,2088.1886,89401.6034,47237.6817,1672.4617,17747.306,1544.7,8145.753
2024-05-29,52399.78,1519.524,1279.33,86276.4012,48574.9093,1365.908,17379.1609,89746.2648,47321.1543,41.4807,1373.42,3095.0202,1549.1154,2085.2902,88005.0262,47150.1818,1670.2755,17755.508,1530.97,8145.753
2024-05-30,52115.35,1519.524,1269.16,86260.965,48555.0231,1364.803,17319.1662,89396.6651,47302.6374,40.8981,1372.69,3070.0746,1548.5528,2084.4988,87464.5121,47168.2717,1668.5889,17755.508,1518.65,8145.753
2024-05-31,52049.11,1519.524,1263.85,85601.7416,48639.5673,1365.406,17343.345,88881.3805,47376.4421,41.1165,1374.4,3067.3455,1551.0872,2087.5966,87248.5492,47227.7167,1671.4275,17755.508,1518.34,8145.753
2024-06-03,51854.33,1519.524,1262.35,85473.9134,48684.3908,1367.515,17311.2217,88401.9645,47439.7262,41.1894,1376.47,3054.1628,1553.0798,2089.7763,86886.4819,47278.3428,1673.616,17784.122,1510.44,8145.753
2024-06-04,51884.02,1519.524,1261.81,85450.3566,48816.8883,1369.826,17300.4016,88376.9131,47502.1728,41.2331,1392.13,3044.1505,1555.4206,2104.3841,86767.378,47412.2697,1676.4065,17857.247,1507.41,8145.753
2024-06-05,52139.46,1519.524,1272.31,85863.5495,48866.9888,1368.319,17331.1332,89051.3087,47556.7239,41.335,1393.42,3071.5104,1556.6828,2106.0599,87440.4063,47486.5436,1677.8937,17857.247,1524.65,8145.753
2024-06-06,52343.64,1527.84,1282.17,86419.3475,48874.152,1369.424,17290.0381,89345.7055,47597.0825,41.5826,1394.65,3092.6937,1557.1522,2107.0705,87629.9542,47508.523,1679.3832,17857.247,1530.5,8145.753
2024-06-07,52145.23,1527.84,1274.38,86364.1169,48893.1592,1369.826,17333.041,88741.67,47647.6838,40.7815,1395.87,3070.8854,1558.2349,2108.6173,87510.8229,47497.4736,1679.4521,18016.213,1519.2,8145.753
2024-06-10,52005.64,1527.84,1271.91,86393.7711,48951.8427,1369.725,17375.8457,88655.9261,47720.244,40.7961,1398.21,3071.5011,1560.0665,2111.1398,87131.3523,47523.2519,1680.9804,18122.191,1513.91,8145.753
2024-06-11,51438.98,1527.84,1257.4,84992.541,48932.0334,1371.232,17256.8083,87611.8891,47693.6371,40.2102,1397.91,3047.3552,1558.9936,2109.8256,86211.353,47530.9046,1679.8337,18228.169,1498.66,8145.753
2024-06-12,51403.59,1527.84,1261.12,87038.0659,48979.7613,1371.634,17247.6571,87741.1262,47756.6597,40.3895,1399.93,3059.687,1560.7681,2112.6629,86127.8511,47628.7747,1682.1505,18016.213,1502.87,8145.753
2024-06-13,51140.27,1527.84,1256.11,87358.1065,48944.6457,1373.643,17227.6294,87331.5983,47702.5385,40.0159,1398.89,3044.4948,1558.9411,2110.1488,85754.5889,47650.623,1680.4465,18016.213,1497.21,8145.753
2024-06-14,51342.1,1527.84,1260.42,87364.9693,48904.04,1373.542,17236.1312,87269.2249,47662.623,39.3585,1397.89,3057.2254,1557.8247,2108.9711,85400.534,47643.2885,1680.1243,18197.414,1498.02,8145.753
2024-06-17,51301.85,1527.84,1257.67,87437.0773,48881.5998,1373.14,17283.2733,87082.2643,47693.8851,39.3734,1398.89,3058.1119,1557.2682,2108.5226,85503.7149,47670.0859,1678.7744,18114.338,1499.41,8145.753
2024-06-18,51542.09,1530.415,1263.9,87279.57,48868.4021,1373.844,17279.3378,87442.2156,47689.344,39.4332,1398.57,3064.9823,1556.993,2108.0718,81722.1328,47718.095,1678.3136,18079.069,1506.52,8145.753
2024-06-19,51760.74,1529.456,1268.7,87546.4648,48819.6823,1373.244,17342.1734,87878.343,47659.2085,39.4332,1396.61,3076.2483,1555.1802,2106.1423,86533.433,47704.08,1676.2934,18079.069,1518.62,8145.753
2024-06-20,51758.65,1529.456,1268.38,87544.2793,48827.9997,1373.244,17341.8334,87872.3011,47668.8546,39.6274,1396.85,3075.9528,1555.449,2106.5342,86529.0367,47699.3192,1676.2803,18079.069,1518.54,8145.753
2024-06-21,50963.8,1529.456,1251.98,87401.3004,48829.2289,1372.938,17283.3022,86684.0432,47719.5355,38.9401,1399.94,3024.6221,1555.0659,2108.1598,85571.2702,47699.028,1676.4781,18063.024,1499.96,8145.753
2024-06-24,50882.1,1529.456,1252.71,86963.7648,48818.5867,1375.584,17253.7559,86271.1817,47718.9123,38.7757,1399.45,3024.8409,1554.8888,2107.8367,85228.4334,47710.2868,1675.672,18218.377,1498.74,8145.753
2024-06-25,50486.04,1529.456,1236.26,86350.5631,48895.8185,1375.482,17232.6698,85407.7115,47773.7886,38.5665,1400.46,2983.4961,1556.8388,2109.5382,84631.665,47694.7456,1677.1843,18228.169,1482.39,8145.753
2024-06-26,51054.33,1529.65,1254.13,86265.699,48850.735,1376.093,17157.3471,86183.9471,47736.1939,38.6562,1399.87,3018.5727,1555.3808,2107.5432,85490.3309,47616.9082,1675.0595,18228.169,1502.62,8145.753
2024-06-27,50988.68,1533.959,1251.06,85833.2305,48835.4791,1375.788,17137.2699,86090.1986,47711.864,38.4918,1399.59,3011.8092,1554.2843,2105.8436,85324.9093,47644.9512,1674.3419,18228.169,1503.08,8145.753
2024-06-28,50484.66,1533.959,1233.86,85492.9057,48867.2933,1376.296,17108.2285,85549.6638,47762.1565,38.6562,1400.12,2976.2577,1555.1416,2107.1611,84733.8429,47625.6044,1675.7191,18228.169,1484.43,8145.753
2024-07-01,50192.68,1538.677,1230.31,85444.5536,48916.0268,1375.482,17089.5821,85458.8546,47797.9584,38.2228,1402.4,2968.4343,1556.6933,2110.6649,84233.5333,47601.1444,1675.7946,18228.169,1484.87,9436.006
2024-07-02,50020.07,1538.677,1230.04,85300.3577,48982.8023,1376.296,17031.6981,85156.459,48097.3264,38.178,1402.15,2970.2017,1556.393,2110.7076,83521.1445,47577.4391,1675.4576,18268.048,1481.93,9436.006
2024-07-03,51056.63,1538.677,1257.64,85759.5685,48997.3578,1377.416,17040.9514,86112.5922,48112.4425,39.0596,1402.48,3033.0476,1556.9595,2111.0299,84737.8704,47682.6611,1676.1683,18281.158,1508.02,9436.006
2024-07-04,51005.49,1538.677,1262.73,86084.0251,48967.7242,1378.942,17063.3054,86231.3834,48100.0669,39.0596,1402.17,3047.6053,1556.0148,2110.0373,84943.8756,47672.0265,1675.96,18233.468,1513.77,9436.006
2024-07-05,50703.59,1538.677,1253.73,86408.2267,48949.0664,1379.044,17034.2601,85964.7854,48066.6171,39.0447,1401.55,3026.1234,1555.3366,2108.3259,84491.7906,47708.0994,1676.3095,18233.468,1503.63,9436.006
2024-07-08,50977.56,1538.677,1259.06,86490.0843,49106.6121,1377.721,17030.3144,86333.5202,48223.054,39.0447,1405.33,3043.7172,1560.2501,2114.1845,84596.3249,47811.2853,1680.3245,18233.468,1509.57,9436.006
2024-07-09,50822.15,1538.677,1251.6,86527.7352,49173.6309,1379.858,16949.4341,85787.998,48382.9833,39.2091,1406.53,3023.6603,1561.5523,2115.7714,84591.7951,47823.2139,1681.8803,18233.468,1496.12,9436.006
2024-07-10,50895.73,1538.677,1250.4,86577.767,49167.6618,1380.265,16984.1747,85408.133,48390.5934,40.1803,1406.1,3019.3447,1561.606,2115.7422,84367.6346,47831.6281,1680.8162,18233.468,1491.91,9436.006
2024-07-11,51323.74,1538.677,1268.52,86426.1567,49271.5323,1379.451,16937.5611,86036.1036,48466.1059,40.4343,1409.28,3049.981,1565.0376,2118.3498,84929.491,47943.7428,1685.115,18233.468,1511.0,9436.006
2024-07-12,51371.97,1538.677,1272.4,86572.5018,49321.8124,1380.875,16969.2239,86018.0938,48512.4676,40.9872,1411.86,3057.8787,1566.6498,2120.0803,85305.3889,48019.4487,1687.0257,18233.468,1514.74,9436.006
2024-07-15,51483.67,1538.677,1275.58,86653.511,49315.4586,1381.791,16953.7649,86220.442,48528.1386,40.7332,1412.25,3061.5086,1566.83,2120.3319,85761.7958,48038.5722,1687.0305,18233.468,1522.74,9436.006
2024-07-16,51481.65,1538.677,1275.49,86651.5545,49318.0575,1381.791,16953.2852,86214.9948,48532.0936,40.9424,1412.33,3061.2177,1566.9156,2120.5054,85757.3643,48061.7826,1687.217,18233.468,1522.66,9436.006
2024-07-17,51534.53,1538.677,1276.03,86345.8196,49361.7984,1381.181,16924.9214,86059.6905,48629.2666,40.0608,1414.5,3058.4527,1569.5233,2122.7588,85689.3474,48091.4482,1689.5259,18388.195,1525.9,9436.006
2024-07-18,51747.44,1547.758,1278.79,86274.3884,49422.8412,1384.335,16854.7825,86182.0737,48672.3477,39.493,1415.78,3062.8336,1571.0029,2125.0234,86066.4813,48128.2124,1691.0777,18388.195,1534.03,9436.006
2024-07-19,51602.72,1547.758,1272.28,86404.2735,49445.3117,1385.149,16849.6275,86075.8745,48698.0937,39.2091,1416.67,3044.7202,1571.2187,2125.6827,85726.9291,48149.2703,1691.6148,18386.15,1530.22,9436.006
2024-07-22,51884.73,1547.758,1282.32,86539.7141,49486.4388,1385.251,16877.5634,86409.4174,48755.4429,39.478,1417.75,3067.2547,1572.4877,2127.5978,85967.1527,48159.4893,1692.7854,18386.15,1538.24,9436.006
2024-07-23,51397.48,1547.758,1276.1,86065.7703,49506.8205,1385.353,16863.3086,85515.3549,48759.5421,39.224,1418.03,3038.63,1573.4575,2129.053,85595.9342,48147.0674,1693.8803,18472.045,1532.33,9436.006
2024-07-24,51060.19,1547.758,1269.11,85652.297,49578.8826,1386.676,16886.0204,85065.3735,48850.2202,38.8953,1419.9,3027.3957,1576.0304,2131.9686,85087.5831,48151.5682,1696.6526,18472.045,1527.65,9436.006
2024-07-25,50370.24,1547.758,1255.86,85205.8132,49644.8585,1388.304,16884.4602,84155.1309,48934.2714,38.4171,1421.65,3007.5534,1577.9869,2134.6151,84373.0801,48210.1163,1698.8713,18588.949,1519.3,9436.006
2024-07-26,50361.65,1555.611,1253.7,85101.5046,49684.7274,1390.543,16945.0488,84262.3285,48996.351,38.447,1422.47,3019.7764,1578.3776,2135.6285,84329.8678,48251.4076,1699.419,18588.949,1519.59,9436.006
2024-07-29,50681.4,1555.611,1263.36,85027.8933,49730.8961,1391.051,16920.4908,84405.8973,49061.7426,38.1332,1424.11,3035.617,1579.2461,2136.7853,84113.6517,48286.4288,1699.6681,18552.443,1527.88,9436.006
2024-07-30,50482.38,1555.611,1262.76,85294.3138,49775.7,1390.848,16873.1048,84142.6027,49099.6757,38.4171,1425.07,3028.6464,1580.723,2138.6453,84459.1148,48312.5361,1700.8659,18503.222,1523.59,9436.006
2024-07-31,50274.23,1555.611,1258.4,85103.9571,49857.9683,1391.458,16909.2424,83855.4364,49197.2984,38.8654,1427.64,3015.3887,1584.0543,2142.6809,84381.1737,48391.1717,1704.1356,18503.222,1521.35,9436.006
2024-08-01,50095.94,1555.611,1253.88,84693.469,49945.0302,1395.224,16846.5818,83341.2843,49292.596,37.7297,1429.86,3003.1785,1587.3129,2146.3426,83615.4233,48445.7955,1707.1142,18503.222,1516.44,9436.006
2024-08-02,49410.31,1555.611,1231.65,83996.6174,50106.2727,1396.546,16828.0883,82176.4973,49453.2199,37.401,1433.74,2951.3122,1592.7299,2154.6527,82705.0523,48560.5999,1712.654,18445.666,1492.88,9436.006
2024-08-05,47733.2,1568.958,1187.43,81577.7432,50174.489,1397.462,16536.2625,79379.5227,49547.8588,36.3252,1435.48,2820.085,1595.876,2159.4429,80244.3806,48497.4915,1715.3743,18449.93,1443.76,9436.006
2024-08-06,48335.45,1568.311,1204.31,81824.789,50183.9374,1408.859,16519.1557,80244.3038,49559.841,36.7884,1435.76,2858.9296,1595.5394,2158.2442,80794.7133,48507.5841,1715.7334,18416.025,1462.19,9436.006
2024-08-07,48551.39,1568.311,1208.79,81891.1676,50200.9457,1399.803,16466.6163,80674.7163,49579.8992,37.1022,1436.82,2878.3391,1595.4685,2157.9313,81636.8966,48534.5462,1715.9067,18439.271,1462.52,9436.006
2024-08-08,49038.37,1568.311,1232.0,82940.5873,50141.5299,1404.077,16522.5194,82051.9057,49571.6063,37.9838,1438.08,2942.2986,1594.8299,2157.1781,82561.3698,48578.2297,1716.5465,18441.957,1483.7,9436.006
2024-08-09,49273.85,1568.311,1237.06,82975.5955,50189.9466,1398.785,16511.9457,82379.3279,49628.295,38.2527,1439.33,2944.7272,1596.532,2159.8277,83295.3495,48657.2739,1717.7065,18435.125,1490.75,9436.006
2024-08-12,49136.01,1568.311,1238.7,83010.358,50243.1138,1400.108,16396.0009,81849.5608,49688.406,38.3723,1440.86,2935.0173,1598.1691,2163.5186,83358.443,48733.6119,1718.9158,18455.269,1493.1,9436.006
2024-08-13,49182.17,1573.493,1245.18,83308.8802,50358.5755,1401.94,16527.1768,82189.0756,49797.733,38.5516,1444.24,2951.9134,1602.3151,2169.6323,83694.8526,48818.7996,1723.8125,18455.472,1507.68,9436.006
2024-08-14,49519.58,1573.493,1250.78,83578.45,50418.9616,1403.975,16527.4335,82600.7313,49855.241,38.4171,1446.08,2967.6536,1604.3663,2172.9515,83439.9693,48891.1539,1726.4405,18472.312,1522.14,9436.006
2024-08-15,49517.19,1573.493,1250.69,83576.2884,50432.2536,1403.975,16526.9945,82595.3508,49869.179,39.2838,1446.46,2967.3916,1604.7583,2173.5249,83435.01,48904.0642,1727.2529,18472.312,1522.06,9436.006
2024-08-16,49779.59,1571.683,1259.67,83811.4482,50443.1316,1405.298,16490.9053,83199.2838,49889.0609,39.0148,1447.16,2994.4911,1605.044,2173.8189,84439.9875,48925.9977,1727.4568,18499.215,1529.83,9436.006
2024-08-19,49835.64,1573.493,1259.92,84192.7164,50515.2037,1408.554,16504.6125,83324.7355,49969.9619,39.5079,1449.29,2992.9721,1607.3413,2176.8409,84793.7267,48979.6697,1730.1519,18517.952,1528.89,9436.006
2024-08-20,49980.48,1573.493,1263.96,83852.7189,50588.2958,1407.536,16606.2332,83426.408,50076.1083,39.6723,1452.86,2998.3144,1609.3756,2181.2196,85105.0073,49282.6023,1733.4335,18535.72,1534.74,9436.006
2024-08-21,49971.93,1573.493,1267.09,83624.6557,50613.292,1407.943,16604.2613,83711.5674,50105.3204,39.9711,1454.44,3004.1298,1610.7635,2183.9473,85101.2204,49320.5362,1735.0894,18535.166,1536.78,9436.006
2024-08-22,50006.52,1573.493,1264.04,83313.9387,50628.0408,1407.638,16543.2581,83379.2471,50141.5574,39.7171,1455.82,3000.6567,1610.9121,2184.7455,84899.5167,49378.1823,1736.2506,18545.856,1530.61,9436.006
2024-08-23,49936.08,1576.261,1260.64,83200.0983,50660.5779,1407.028,16530.3039,83248.9695,50186.2758,40.4269,1460.05,2999.9976,1612.1226,2191.1829,85111.8399,49499.3315,1737.9864,18544.929,1527.49,9436.006
2024-08-26,49711.53,1576.261,1254.83,82459.1041,50694.2363,1406.621,16528.5002,82861.2268,50221.1023,40.1654,1461.16,2977.5076,1613.2279,2192.6644,84623.1034,49507.6443,1739.4049,18545.856,1519.96,9436.006
2024-08-27,49320.94,1577.618,1244.04,82129.502,50704.528,1407.231,16521.8885,82143.7913,50207.1869,39.7769,1460.91,2954.6217,1612.8165,2192.0864,83909.5341,49502.3446,1738.8669,18561.375,1504.26,9436.006
2024-08-28,49284.98,1577.618,1243.45,81579.0619,50739.8126,1407.943,16470.6526,81966.0221,50297.123,39.5527,1463.13,2946.8011,1613.2376,2192.5955,83933.8501,49546.28,1739.3387,18570.467,1498.83,9436.006
2024-08-29,49636.14,1577.618,1257.05,81884.5663,50739.7858,1407.74,16401.7551,82751.6004,50304.2003,39.8217,1463.59,2985.1698,1614.0501,2193.5583,84758.3424,49580.6959,1739.8264,18575.679,1511.77,9436.006
2024-08-30,49601.44,1583.575,1256.24,82250.0957,50788.5586,1408.758,16434.046,82825.6831,50341.9814,39.8366,1465.3,2986.8456,1615.1702,2196.564,85243.0831,49614.5426,1741.0405,18577.342,1513.65,9436.006
2024-09-02,49717.72,1583.575,1259.36,82265.0653,50777.6897,1409.877,16355.2954,82793.6055,50329.8116,39.8366,1465.14,2991.4561,1614.3949,2195.5549,85336.215,49650.5975,1742.5944,18706.96,1512.33,9436.006
2024-09-03,49209.93,1583.575,1242.8,81703.0943,50819.2309,1409.165,16291.1369,81874.7036,50385.0726,38.8056,1466.55,2952.1778,1615.0366,2198.6879,84154.3053,49664.5052,1744.4871,18622.15,1501.37,9436.006
2024-09-04,49195.85,1583.575,1242.13,81429.5225,50979.5182,1409.775,16305.858,81674.2857,50512.7093,38.2378,1469.78,2947.8335,1619.7618,2204.3469,84330.3437,49752.0319,1749.092,18652.356,1497.35,9436.006
2024-09-05,49074.79,1583.575,1234.66,80930.2291,51055.419,1412.421,16319.5952,81416.5224,50581.0524,38.178,1471.23,2932.7211,1622.3704,2207.6608,83849.1644,49704.7069,1751.6745,18675.667,1491.37,9436.006
2024-09-06,48261.66,1591.536,1214.78,80526.6064,51171.8105,1412.726,16341.2769,80711.5994,50701.5679,37.3562,1473.97,2871.9616,1626.199,2213.2413,82610.0828,49726.825,1755.8424,18696.152,1467.22,9436.006
2024-09-09,48272.09,1592.279,1210.35,80529.7444,51314.57,1412.624,16359.1838,80532.9151,50835.7691,37.3711,1477.15,2850.3202,1630.5194,2219.6081,82288.3971,49788.9816,1760.1234,18717.981,1470.96,9436.006
2024-09-10,48154.22,1592.279,1205.17,80216.0916,51442.8397,1417.916,16333.3344,80162.1798,51003.5781,37.147,1480.97,2834.8786,1634.8757,2225.0857,81798.4782,49800.1242,1764.6411,18731.954,1465.35,9436.006
2024-09-11,48759.21,1592.279,1221.45,80143.701,51493.7349,1417.611,16273.7476,81128.4137,51128.7548,37.8194,1474.43,2894.8471,1637.9823,2215.7347,82678.6692,49851.267,1768.406,18731.315,1478.84,9436.006
2024-09-12,49008.34,1592.279,1227.57,79788.2004,51507.0623,1420.867,16264.3249,81381.0262,51156.2588,38.6263,1475.09,2907.3435,1638.0622,2216.5422,83089.6699,49879.2579,1769.6256,18748.369,1489.18,9436.006
2024-09-13,48973.91,1592.279,1225.68,79281.5821,51509.5626,1421.274,16278.7797,81323.0683,51164.8812,38.7757,1475.24,2909.0762,1638.5266,2217.8376,83298.737,49919.1514,1769.8604,18755.766,1497.02,9436.006
2024-09-16,49039.74,1592.279,1225.92,79390.8765,51508.7306,1421.681,16277.3062,81312.1474,51164.5745,38.955,1475.51,2913.3688,1638.634,2218.2308,83059.0272,49953.3643,1769.8622,18799.391,1494.96,9436.006
2024-09-17,48968.86,1592.279,1224.77,79507.6588,51514.6523,1421.579,16311.2402,81222.8952,51171.8795,38.5815,1476.37,2917.1557,1638.9607,2218.512,82948.5967,49963.7753,1770.4324,18791.003,1495.72,9436.006
2024-09-18,48966.42,1592.279,1224.75,79505.5101,51522.1493,1421.579,16310.7855,81217.5311,51180.1099,38.3424,1476.6,2916.8459,1639.2043,2218.8712,82943.3644,49964.7506,1771.1766,18791.003,1495.64,9436.006
2024-09-19,48963.99,1592.279,1224.65,79503.3614,51529.6467,1421.579,16310.3319,81212.167,51188.3381,38.5516,1476.83,2916.5359,1639.4483,2219.2304,82938.1325,49990.0719,1771.7075,18791.003,1495.57,9436.006
2024-09-20,48961.56,1592.279,1224.56,79501.2128,51537.1464,1421.579,16309.8782,81206.8029,51196.5746,38.5516,1477.09,2916.2261,1639.6923,2219.5898,82932.9006,49989.946,1771.9503,18791.003,1495.49,9436.006
2024-09-23,49158.66,1606.617,1231.99,79362.1007,51613.7603,1421.885,16269.2025,81408.8265,51242.4663,38.9401,1479.24,2921.4587,1641.686,2221.9845,83021.8108,50061.3677,1773.6842,18825.792,1499.13,9436.006
2024-09-24,49503.2,1606.617,1244.8,79666.7281,51647.0979,1425.243,16279.6604,82493.5944,51280.434,39.9263,1483.18,2955.7819,1641.9883,2225.2502,84359.9719,50095.2314,1774.8621,18968.681,1509.78,9436.006
2024-09-25,49544.43,1606.617,1245.53,79727.2572,51677.0841,1423.716,16238.0244,82581.852,51337.8017,39.7022,1486.25,2955.4509,1642.5866,2228.8389,84276.5941,50097.9695,1777.0101,18833.637,1510.68,9436.006
2024-09-26,50122.24,1606.617,1264.49,80195.6037,51749.4763,1423.716,16262.9282,83413.4361,51419.2172,40.8976,1490.68,3005.1414,1644.6603,2234.7361,85003.705,50153.6995,1779.9161,18891.715,1530.79,9436.006
2024-09-27,50212.62,1606.617,1268.76,80471.865,51843.598,1423.614,16313.0951,83649.9677,51532.3401,41.1067,1493.7,3017.1793,1648.2351,2240.3643,85376.3221,50216.7248,1785.2857,18897.588,1536.65,9436.006
2024-09-30,49920.02,1606.617,1259.71,80179.365,51920.9468,1424.937,16361.3941,83533.0318,51606.8745,40.7631,1497.54,2993.5648,1649.5035,2243.6028,84905.5258,50254.2307,1787.5383,18877.667,1523.99,9436.006
2024-10-01,49733.69,1606.617,1250.86,80119.9492,52016.4082,1423.716,16341.7882,83194.9251,51695.2762,40.2849,1501.75,2974.1696,1651.4973,2248.9372,84322.5999,50320.5417,1790.093,18899.72,1519.51,9436.006
2024-10-02,49281.09,1616.204,1239.96,79448.1864,52015.2584,1423.716,16295.9587,82510.5126,51669.3089,39.747,1502.2,2953.3669,1650.3526,2246.3746,84017.6733,50324.061,1788.4906,18911.178,1509.24,9436.006
2024-10-03,49115.51,1616.204,1239.57,79119.9667,51941.2672,1425.751,16235.1301,82232.4172,51567.1755,39.2389,1499.64,2946.022,1647.1455,2241.8549,83233.2874,50271.8812,1783.9195,18924.234,1505.72,9436.006
2024-10-04,49631.11,1616.204,1254.74,79121.4794,51834.3158,1427.176,16257.2113,83037.6001,51446.1656,39.6274,1496.23,2976.6451,1643.5879,2235.9748,84237.4273,50237.862,1779.0422,18924.703,1529.59,9436.006
2024-10-07,49679.16,1616.204,1251.3,78845.6117,51791.4938,1424.225,16294.5177,83415.5572,51389.7967,39.478,1496.56,2978.3135,1641.7436,2234.9618,84523.4007,50309.3582,1776.7205,18969.214,1521.35,9436.006
2024-10-08,49751.47,1616.204,1256.46,78796.656,51736.8789,1421.986,16285.9254,83172.8547,51329.3998,39.5378,1494.45,2990.321,1640.4842,2233.9997,84682.0804,50282.0699,1774.8098,18977.239,1526.61,9436.006
2024-10-09,50094.23,1616.204,1270.4,79237.6671,51616.2072,1421.274,16291.949,83830.2607,51230.1549,39.5079,1491.61,3018.8085,1636.6717,2228.5828,85258.9862,50238.0928,1770.5751,18989.337,1539.73,9436.006
2024-10-10,50237.36,1616.204,1278.79,79419.392,51480.2249,1416.797,16300.5843,84187.6047,51102.9062,39.732,1488.3,3036.0666,1632.4287,2222.4032,85786.0674,50170.1605,1765.7723,18984.839,1547.11,9436.006
2024-10-11,50144.06,1616.204,1274.72,79216.9089,51426.34,1418.119,16110.9731,84148.837,51038.7963,39.9711,1486.16,3024.8219,1630.793,2221.8908,85890.4626,50163.2939,1764.1414,18970.066,1541.86,9436.006
2024-10-14,50256.88,1616.204,1275.53,79245.1087,51414.5541,1415.677,16115.6909,84112.9895,51026.1794,39.8815,1485.82,3018.8804,1630.1923,2221.0255,85438.1696,50189.2183,1763.527,19020.737,1549.77,9436.006
2024-10-15,50170.93,1616.204,1272.22,79335.6332,51370.4019,1414.965,16088.4868,83996.0611,50967.3727,39.2688,1484.85,3008.4491,1628.9962,2219.8849,85381.4929,50179.0283,1762.5915,19025.491,1543.97,9436.006
2024-10-16,50031.97,1616.204,1271.42,79738.4652,51513.8621,1414.66,16152.7737,83204.6613,51124.4607,39.2838,1487.88,3001.3452,1633.5014,2225.979,85273.5671,50252.5516,1766.9722,19025.491,1543.59,9436.006
2024-10-17,50166.32,1616.204,1275.05,79897.4791,51533.7551,1417.102,16160.5657,83420.2182,51140.5306,39.0447,1488.03,3005.4137,1635.9601,2226.5697,85399.2605,50265.5027,1767.665,19025.597,1550.12,9436.006
2024-10-18,50682.12,1616.204,1287.73,80477.3776,51581.1046,1418.628,16195.8358,84028.3956,51218.4394,39.3137,1489.43,3047.0481,1637.7087,2230.1391,86137.4194,50358.3878,1770.4112,19013.564,1566.87,9436.006
2024-10-21,50938.74,1616.204,1293.33,80752.3824,51493.2256,1416.288,16236.8324,84258.1775,51141.6416,39.4481,1487.57,3063.2171,1634.3629,2225.6451,86579.7668,50319.5231,1768.0066,19073.454,1571.4,9436.006
2024-10-22,51104.49,1616.204,1296.05,81063.6498,51378.0092,1415.067,16314.0453,84577.9473,51039.2362,39.7171,1485.41,3078.2906,1630.318,2220.7226,87069.5363,50263.6789,1765.0685,19043.61,1573.34,9436.006
2024-10-23,51294.17,1568.753,1299.55,80945.281,51267.461,1416.491,16295.6383,84540.9657,50884.5706,40.0458,1479.83,3077.8307,1626.045,2213.558,87485.349,50211.3252,1760.5116,19020.566,1578.92,9436.006
2024-10-24,51468.89,1568.753,1306.92,81111.7781,51275.8091,1413.54,16317.5478,85178.3069,50894.8748,40.2999,1480.18,3090.4068,1626.8,2214.6627,88010.0925,50243.3457,1760.4352,19000.752,1583.74,9436.006
2024-10-25,51596.27,1568.753,1313.62,81313.2038,51308.6492,1415.779,16312.3644,85334.2978,50908.2122,40.3148,1482.87,3101.6882,1627.3036,2217.2453,88354.1143,50270.4508,1761.4597,18994.357,1589.49,9436.006
2024-10-28,51497.14,1568.753,1310.2,81499.7859,51238.8117,1416.593,16334.3048,85151.2661,50826.4913,40.0458,1480.5,3103.6235,1624.8368,2212.8059,88094.3318,50121.3655,1759.8705,19015.269,1586.11,9436.006
2024-10-29,50949.7,1568.753,1298.79,81471.8464,51192.6201,1415.982,16286.8857,84449.7426,50789.4281,39.3286,1480.42,3073.4953,1622.6202,2210.2388,87583.7178,50093.7743,1758.0853,19025.698,1571.72,9436.006
2024-10-30,50202.39,1568.753,1273.98,81185.2609,51222.01,1413.54,16180.4041,83364.4381,50814.1993,38.2826,1481.88,3020.3208,1623.697,2212.1795,86250.2254,50182.0421,1759.5698,19005.322,1546.33,9436.006
2024-10-31,50199.98,1568.753,1273.69,81183.2397,51226.981,1413.54,16179.9484,83358.6628,50819.8204,38.2228,1482.05,3020.0511,1623.8675,2212.4368,86244.3193,50172.525,1759.3621,19005.322,1546.25,9436.006
2024-11-01,50197.48,1568.753,1273.64,81181.1494,51231.9712,1413.54,16179.4754,83352.892,50825.4912,38.2677,1482.22,3019.7767,1624.0386,2212.6946,86238.4112,50166.2123,1759.3233,19005.322,1546.17,9436.006
2024-11-04,50511.73,1568.753,1286.1,81162.2353,51314.3518,1415.474,16192.2764,83917.4039,50899.1798,38.7458,1483.61,3052.6443,1626.6624,2216.2838,86605.9634,50234.0106,1761.4544,19013.008,1567.57,9436.006
2024-11-05,49839.16,1568.753,1268.01,80995.0655,51346.0702,1415.168,16196.3738,83228.3575,50940.4699,38.5068,1484.59,3010.5121,1627.4286,2217.6487,85826.1395,50220.7904,1762.7801,19077.62,1547.18,9436.006
2024-11-06,50150.6,1568.753,1275.49,81074.1765,51332.7479,1413.744,16131.6977,83437.2436,50937.3017,38.4171,1484.37,3017.6257,1626.9307,2215.8017,85539.4149,50197.5016,1762.5137,19077.62,1559.02,9436.006
2024-11-07,49969.85,1568.753,1272.24,80807.3902,51375.4929,1414.253,16129.3168,83293.7646,51006.3352,38.7907,1486.91,3008.5501,1628.7418,2219.7077,86042.3912,50301.076,1764.0307,19080.332,1554.55,9436.006
2024-11-08,49802.84,1568.753,1262.47,80702.6208,51554.0202,1420.765,16067.6152,82909.6543,51244.8144,37.7148,1491.85,2988.2963,1634.0226,2226.9117,85281.6733,50411.9888,1769.6496,19103.913,1547.95,9436.006
2024-11-11,49974.81,1568.753,1267.2,80816.3319,51606.4876,1423.92,16053.4292,82791.1922,51271.3279,37.4608,1493.03,3003.2245,1635.5476,2227.7561,85677.4619,50437.3834,1771.6574,19105.703,1549.39,9436.006
2024-11-12,49696.59,1568.753,1259.99,80707.436,51562.6943,1424.429,15997.449,81998.4767,51209.8817,37.1619,1492.25,2988.9617,1634.2124,2225.0738,85039.5246,50403.2431,1771.3903,19105.703,1542.62,9436.006
2024-11-13,50098.89,1568.753,1269.31,80701.1613,51617.809,1425.344,16245.5499,82447.4746,51272.327,37.5355,1493.49,3009.7738,1635.9724,2227.5564,85664.6257,50427.7589,1772.7863,19148.931,1551.92,9436.006
2024-11-14,49610.41,1568.753,1250.17,80194.8944,51600.6084,1425.344,16185.9757,81832.0967,51261.0078,37.2068,1495.49,2972.5162,1635.4049,2229.7611,84766.4069,50429.6915,1771.5911,19144.772,1536.4,9436.006
2024-11-15,49735.76,1568.753,1259.54,80145.8777,51569.2577,1426.464,16164.4054,82020.8147,51218.3343,37.3114,1494.21,2997.3323,1634.2399,2228.5845,84443.7293,50375.6462,1770.3996,19207.884,1548.04,9436.006
2024-11-18,49916.38,1568.753,1261.37,80164.8077,51628.0149,1425.65,16188.7485,82223.1204,51285.5108,37.9539,1495.79,2998.5704,1635.7841,2231.0042,85111.2934,50406.6762,1775.0188,19152.147,1551.91,9436.006
2024-11-19,50047.78,1568.753,1261.7,79863.268,51656.2907,1424.937,16494.1358,82264.1683,51308.9226,37.9688,1496.18,2992.8687,1636.942,2233.0873,85354.7954,50440.0265,1772.864,19170.369,1552.31,9436.006
2024-11-20,50255.19,1568.753,1266.78,79717.0264,51674.3557,1427.38,16549.3238,82156.702,51341.8414,38.1183,1497.06,3003.6508,1638.0879,2235.1135,85576.1805,50464.3148,1772.8549,19181.087,1557.69,9436.006
2024-11-21,50457.13,1568.753,1271.38,79561.9824,51738.256,1427.685,16549.7688,82438.1388,51385.9067,38.2079,1498.27,3005.9544,1640.4221,2237.8499,85818.8811,50496.3867,1774.4677,19240.04,1559.17,9436.006
2024-11-22,50295.68,1568.753,1264.35,79380.9357,51726.2783,1427.481,16570.9602,82398.0968,51382.0681,37.5654,1498.98,2994.7053,1639.6257,2236.9172,85886.3252,50525.8108,1774.4164,19240.04,1550.41,9436.006
2024-11-25,50279.97,1568.753,1260.34,79036.0425,51821.5577,1427.787,16550.0817,81778.3631,51483.1742,37.6849,1501.33,2988.4967,1642.832,2240.7952,86095.4599,50643.7022,1777.3205,19240.04,1547.53,9436.006
2024-11-26,50360.98,1568.753,1259.79,79029.3365,51864.9208,1427.99,16591.871,81990.6908,51536.7514,37.7148,1502.82,2995.0223,1644.0657,2242.5156,86100.9926,50682.0118,1778.7954,19171.001,1549.57,9436.006
2024-11-27,50642.17,1607.22,1264.43,79061.2052,51911.4047,1426.972,16606.0568,81984.6323,51577.5101,37.9091,1503.71,3005.5209,1645.6588,2245.2199,86197.5479,50715.5788,1780.421,19229.396,1553.5,9436.006
2024-11-28,50770.76,1607.22,1266.54,79356.3222,51882.0238,1427.685,16676.7113,82288.8612,51573.7471,37.9091,1504.16,3010.9578,1645.3396,2242.8368,86571.8646,50726.465,1780.1766,19229.321,1553.34,9436.006
2024-11-29,50772.29,1607.22,1263.44,79286.1286,51937.7442,1428.092,16671.5114,82528.7267,51630.0824,37.8792,1505.98,3005.7534,1646.5513,2245.6207,86597.7995,50749.2276,1781.6151,19245.399,1553.04,9436.006
2024-12-02,51100.01,1607.22,1275.24,79434.3718,51934.6459,1430.738,16589.7014,83094.8696,51631.3489,38.1332,1506.46,3027.2185,1646.3933,2245.8304,86877.7369,50743.3949,1781.3084,19252.527,1564.62,9436.006
2024-12-03,51057.13,1607.22,1271.78,79239.2511,51975.6229,1431.043,16647.243,82964.6059,51668.4136,38.3125,1507.6,3022.9409,1648.0367,2247.9748,87059.1071,50695.2704,1783.3568,19282.915,1559.98,9436.006
2024-12-04,51046.5,1607.22,1271.43,79082.8282,52013.2298,1432.264,16550.3438,82858.2295,51697.5014,38.1631,1508.9,3025.2972,1649.086,2249.4957,86873.7601,50787.6366,1785.1666,19251.027,1563.05,9436.006
2024-12-05,51240.89,1607.22,1277.47,79058.805,52033.3343,1432.976,16541.6032,83150.8252,51709.4084,38.4769,1509.69,3036.1417,1649.9503,2250.397,86925.8323,50776.2438,1785.8464,19252.999,1564.95,9436.006
2024-12-06,51234.26,1607.22,1276.56,78920.8246,52084.1669,1433.18,16453.6317,83209.4253,51756.9403,38.3125,1510.81,3035.2427,1651.6683,2252.446,87004.3777,50799.7741,1787.0636,19231.604,1564.05,9436.006
2024-12-09,51583.13,1607.22,1287.41,78707.9857,52114.2751,1435.011,16566.7109,83774.3432,51790.3418,38.9251,1511.57,3061.4058,1652.487,2253.7031,87640.634,50825.5093,1788.6423,19231.604,1574.52,9436.006
2024-12-10,51643.84,1607.22,1285.81,78615.0863,52123.6591,1434.401,16569.2555,83967.8821,51800.6842,38.701,1511.97,3059.5425,1652.3537,2253.872,87703.0467,50869.7411,1789.0059,19251.831,1580.26,9436.006
2024-12-11,51767.53,1607.22,1286.13,78402.9097,52128.0837,1433.282,16576.3447,84119.9004,51795.2163,38.8056,1511.83,3064.0171,1652.62,2254.0972,88116.3482,50878.7801,1789.116,19250.426,1581.93,9436.006
2024-12-12,52067.06,1607.22,1295.65,78473.8337,52080.0555,1434.91,16643.3725,84651.3822,51752.2499,38.6861,1511.42,3086.9252,1650.7246,2252.9462,88457.5902,50856.7244,1787.7583,19261.928,1593.09,9436.006
2024-12-13,52113.12,1607.22,1296.06,79000.2014,52067.9088,1433.689,16835.0776,84646.8791,51733.4415,38.4918,1511.34,3091.7692,1650.1096,2252.4307,88768.0914,50839.8256,1787.4976,19263.911,1588.46,9436.006
2024-12-16,52137.12,1607.22,1300.86,79159.0281,52054.3168,1434.91,16880.041,84801.4634,51729.3489,38.2378,1511.1,3098.3713,1649.9074,2252.0011,88911.0327,50816.6673,1786.955,19264.286,1595.29,9436.006
2024-12-17,51815.57,1607.22,1288.99,79079.2146,51955.748,1435.622,16877.4097,84064.5444,51657.5594,38.0949,1509.36,3069.3977,1647.1831,2249.4924,88521.3216,50775.7264,1784.3258,19254.135,1583.16,9436.006
2024-12-18,51869.47,1607.22,1291.6,79111.9386,51991.1556,1435.419,16873.798,84204.5915,51692.3695,37.4053,1510.17,3072.0713,1648.879,2251.488,88307.5396,50746.0367,1786.39,19239.075,1581.25,9436.006
2024-12-19,51582.13,1607.22,1286.94,79063.5818,51906.1537,1433.79,16840.4639,84019.4147,51608.8509,37.5402,1507.39,3057.8889,1645.592,2246.8894,87631.0618,50667.0113,1782.9114,19240.04,1577.06,9436.006
2024-12-20,51523.98,1607.22,1285.83,79106.4009,51909.3827,1431.755,16875.4741,83992.5116,51593.8292,37.7501,1507.53,3053.8271,1645.6646,2247.0639,87698.7065,50703.3624,1782.8075,19238.111,1579.81,9436.006
2024-12-23,51274.87,1613.533,1278.91,78622.7131,51830.5871,1434.808,16930.425,83615.7638,51504.0622,37.5552,1505.34,3032.7063,1642.9131,2242.6055,87545.3187,50652.4919,1780.9373,19238.111,1568.58,9436.006
2024-12-24,51370.75,1613.533,1281.04,78549.1779,51798.8246,1433.485,16922.317,83490.4342,51434.5217,37.6751,1504.95,3041.5384,1641.2053,2242.0169,87636.5931,50667.5309,1778.6859,19238.111,1571.62,9436.006
2024-12-25,51368.28,1613.533,1280.91,78547.0807,51805.3772,1433.485,16921.8524,83484.8695,51441.7561,37.6751,1505.16,3041.2715,1641.4238,2242.3339,87630.3703,50674.4618,1779.5221,19238.111,1571.54,9436.006
2024-12-26,51501.1,1613.533,1282.11,78249.7946,51725.2422,1433.892,16992.1127,83382.5845,51358.6539,37.6152,1503.62,3041.3349,1638.9007,2239.1507,88046.9878,50674.5858,1776.8172,19245.046,1573.84,9436.006
2024-12-27,51499.06,1613.533,1284.0,78586.0673,51680.8371,1434.299,17059.5149,83727.6698,51304.8039,37.6901,1502.53,3048.3594,1638.5265,2239.7457,88368.1065,50678.2879,1774.7511,19280.91,1575.61,9436.006
2024-12-30,51549.66,1603.181,1287.02,78545.8192,51757.4635,1434.706,17113.2951,83987.2593,51386.2504,37.5402,1503.77,3052.895,1640.9914,2244.1682,88557.6596,50698.1438,1776.6022,19313.924,1576.31,9436.006
2024-12-31,51547.64,1603.181,1287.06,78543.7457,51765.2969,1434.706,17112.607,83981.1948,51393.2865,37.5402,1504.02,3052.6273,1641.2109,2244.4859,88551.6275,50702.3067,1776.5435,19313.924,1576.22,9436.006
2025-01-01,51545.11,1603.181,1286.95,78541.6722,51771.8509,1434.706,17112.1437,83975.1539,51400.5567,37.5402,1504.23,3052.3131,1641.4305,2244.8039,88545.6356,50708.8459,1776.6837,19313.924,1576.14,9436.006
2025-01-02,51312.51,1611.249,1282.18,78165.9522,51873.5218,1434.808,17096.8759,83812.8738,51490.0811,37.1354,1504.32,3036.9869,1644.6979,2250.2581,88428.9335,50553.432,1777.0827,19311.952,1569.91,9436.006
2025-01-03,51428.81,1611.249,1284.35,77989.941,51923.6972,1437.352,17139.9115,84138.9996,51536.8214,36.8206,1505.59,3041.7205,1645.3691,2250.5263,88386.9991,50539.8997,1780.7382,19121.202,1570.29,9436.006
2025-01-06,51919.95,1611.249,1293.61,77817.0873,51933.6814,1438.166,17085.409,84792.246,51558.3012,37.3453,1506.35,3071.7582,1645.8225,2250.8892,89343.2633,50601.9778,1782.1597,19127.408,1580.91,9436.006
2025-01-07,52061.56,1611.249,1294.06,78008.4359,51886.9779,1440.608,17112.4874,85196.6002,51525.0038,37.6901,1505.15,3082.9592,1644.6983,2248.3209,89976.2824,50650.4856,1781.4637,19291.5,1590.8,9436.006
2025-01-08,51828.28,1611.249,1286.52,78417.6573,51791.9731,1441.829,17164.1889,84956.7588,51442.3737,37.7201,1503.25,3063.5232,1643.0553,2245.0002,89836.0027,50572.5594,1778.0546,19293.633,1583.95,9436.006
2025-01-09,52033.99,1613.619,1289.54,78896.3595,51821.0323,1441.219,17204.0255,85414.5878,51467.1203,37.7201,1503.65,3080.5897,1644.1863,2246.4585,90059.1263,50588.3855,1778.9626,19246.836,1591.77,9436.006
2025-01-10,52085.25,1613.619,1288.91,79137.0677,51769.5628,1444.373,17247.0146,85650.399,51403.3623,37.5852,1502.57,3083.4145,1642.5907,2243.7824,90060.8048,50532.6192,1777.7708,19280.514,1594.82,9436.006
2025-01-13,51831.07,1613.619,1279.35,79673.7746,51748.689,1441.829,17304.6042,85408.503,51384.5722,37.6901,1501.95,3055.4694,1641.7377,2242.1849,90097.9017,50502.7066,1777.0517,19250.759,1582.83,9436.006
2025-01-14,52281.92,1613.619,1289.84,80026.3844,51680.8456,1442.44,17306.9811,86098.7871,51333.7718,38.1249,1500.26,3085.0378,1640.729,2240.2161,90602.891,50494.9647,1775.0582,19267.651,1596.22,9436.006
2025-01-15,52795.81,1613.619,1304.04,80996.772,51746.4948,1444.17,17237.9089,87106.5805,51404.8518,38.4697,1501.65,3120.7165,1643.1178,2244.0785,91419.5862,50642.7185,1777.0277,19417.97,1611.3,9436.006
2025-01-16,53162.94,1614.739,1314.07,81793.8069,51806.6096,1443.966,17326.6845,87871.1935,51466.7738,38.2598,1502.83,3147.2247,1645.1906,2247.118,92174.2705,50698.2595,1778.649,19451.241,1623.64,9436.006
2025-01-17,53217.45,1590.2,1312.48,81649.0335,51864.2103,1445.187,17324.5285,88021.8221,51524.8203,38.6496,1504.22,3142.532,1647.0208,2250.2105,92509.8015,50753.0187,1780.0453,19443.695,1620.8,9436.006
2025-01-20,53522.3,1590.2,1320.76,81793.3834,51911.8563,1446.103,17449.2093,88366.6519,51585.4018,38.6496,1505.41,3161.3078,1648.7814,2253.0726,92901.3568,50798.4453,1782.0474,19454.414,1633.4,9436.006
2025-01-21,53696.29,1621.537,1328.11,82097.8239,52032.1089,1447.223,17489.7578,88330.5996,51733.6585,39.3692,1508.31,3186.6442,1652.8433,2258.5716,93319.3607,50892.3328,1786.0392,19482.282,1641.13,9436.006
2025-01-22,53684.02,1624.111,1329.38,82035.4252,52138.2113,1447.731,17483.3608,88395.1665,51865.878,39.5791,1510.91,3177.5467,1655.3347,2262.4083,93574.9227,50930.8247,1790.2787,19497.932,1637.92,9436.006
2025-01-23,53824.43,1624.111,1333.49,82178.4896,52123.3556,1448.953,17465.0102,88665.133,51859.3819,40.0289,1511.45,3187.521,1654.3324,2262.0091,93599.6945,50900.3568,1789.809,19606.448,1644.5,9436.006
2025-01-24,53941.13,1624.111,1338.04,82909.9458,52121.4492,1448.444,17489.1349,88653.2947,51858.0796,40.3437,1511.62,3204.2796,1654.242,2261.9758,93856.4288,50938.0316,1789.3243,19504.89,1651.72,9436.006
2025-01-27,53654.09,1624.111,1327.58,82589.8844,52167.8922,1448.953,17462.8209,88317.1511,51924.8795,39.909,1513.68,3185.7072,1655.5542,2263.9462,93042.7338,51006.418,1791.4346,19466.533,1642.7,9436.006
2025-01-28,53641.59,1624.111,1330.46,82794.5544,52112.0921,1448.138,17424.8923,88466.9466,51868.5479,39.759,1512.36,3192.6377,1653.9965,2262.1266,93035.5545,50971.7169,1790.1683,19453.578,1646.26,9436.006
2025-01-29,54024.7,1624.111,1343.04,83414.6074,52061.3033,1447.935,17510.9131,88732.045,51826.2499,40.0739,1511.27,3236.3924,1652.1236,2259.6271,93606.1054,50946.6742,1788.3312,19543.84,1657.05,9436.006
2025-01-30,55131.67,1624.111,1368.85,84588.373,52074.3397,1448.545,17664.717,90488.1414,51819.2074,41.3332,1511.9,3311.5408,1652.4649,2260.0722,94781.4456,50989.1684,1788.7232,19466.511,1684.36,9436.006
2025-01-31,55186.79,1623.422,1366.68,85583.5654,52095.4956,1448.444,17898.8258,90833.9364,51816.0913,40.9734,1512.09,3311.2608,1652.6901,2260.1762,95692.7313,51026.1853,1789.1583,19514.849,1681.23,9436.006
2025-02-03,55157.18,1620.826,1366.92,86217.0233,52094.0968,1449.258,17925.7501,90986.7012,51804.4143,40.8235,1511.79,3313.1503,1652.897,2260.2726,94944.5758,51005.5463,1789.3225,19514.892,1683.03,9436.006
2025-02-04,55583.11,1620.826,1375.36,86807.4247,52135.1512,1450.581,17959.7784,91871.9761,51849.8489,41.723,1512.97,3345.5208,1654.6672,2263.0831,95675.288,51085.8574,1790.2736,19518.244,1702.71,9436.006
2025-02-05,55701.87,1627.677,1379.27,87288.2624,52215.0762,1452.209,17991.1724,91895.6423,51933.6889,41.813,1514.69,3351.1366,1658.5628,2266.5772,95617.7884,51172.4123,1792.5993,19528.924,1707.24,9436.006
2025-02-06,55742.1,1629.713,1388.54,87985.9603,52279.648,1454.448,17940.4021,91921.9308,52036.8035,42.3227,1516.47,3366.0874,1660.0754,2268.677,95951.9857,51189.6875,1794.2422,19528.924,1717.27,9436.006
2025-02-07,55688.0,1629.713,1388.9,88118.9217,52293.5953,1455.567,17966.6271,91863.0373,52085.4333,42.3377,1516.88,3360.2735,1659.9658,2269.6853,96179.8289,51198.8578,1795.8314,19529.021,1714.0,9436.006
2025-02-10,55931.63,1629.713,1400.19,88804.6037,52363.0362,1454.956,17929.0232,91907.5529,52173.3452,42.4126,1518.74,3370.8137,1661.7169,2272.4125,96602.5139,51233.2254,1798.0721,19543.032,1715.15,9436.006
2025-02-11,55934.78,1629.713,1398.87,88810.4154,52395.4349,1456.89,17889.4848,92034.8678,52207.9792,42.4426,1521.5,3356.1589,1662.2624,2273.975,96493.112,51282.7253,1798.9612,19533.332,1711.27,9436.006
2025-02-12,55942.07,1629.713,1397.73,88693.2223,52327.1991,1457.093,17908.3551,92058.114,52124.72,42.7874,1520.86,3349.9557,1657.7083,2269.7685,96570.0364,51214.6946,1796.8002,19515.312,1715.02,9436.006
2025-02-13,56135.74,1629.713,1403.42,88831.6015,52305.5206,1457.907,18004.4822,92518.8985,52114.383,43.687,1521.25,3367.6243,1657.4992,2270.0097,96722.9878,51269.8587,1796.0427,19515.344,1725.42,9436.006
2025-02-14,56207.27,1629.713,1408.72,89048.8867,52323.8328,1456.788,18001.3424,92645.2078,52121.753,43.702,1521.92,3384.1353,1659.1322,2271.9018,96971.4621,51344.3292,1796.5812,19526.542,1736.45,9436.006
2025-02-17,55874.96,1629.713,1398.01,88861.4871,52365.8853,1458.925,18017.2051,92194.3905,52169.534,43.702,1522.79,3356.6079,1660.5776,2273.4014,96359.9247,51367.7377,1797.9414,19545.188,1723.76,9436.006
2025-02-18,55823.47,1629.713,1396.59,88718.9383,52360.4199,1459.027,17892.0112,91961.1552,52146.5013,42.6075,1522.31,3357.5418,1660.7642,2272.6101,95940.6561,51349.1724,1796.6392,19545.188,1722.51,9436.006
2025-02-19,55774.67,1629.713,1392.19,88592.8702,52341.8778,1458.213,17849.3483,91971.5085,52130.1596,42.8774,1525.39,3347.2947,1660.8633,2272.1843,95590.8823,51354.2304,1797.1165,19561.354,1718.75,9436.006
2025-02-20,56058.41,1629.713,1397.65,88501.6202,52369.402,1458.925,17870.4649,92509.8445,52134.2434,43.3272,1526.17,3369.4176,1662.0411,2273.4531,96046.4245,51387.2855,1798.0326,19623.918,1726.56,9436.006
2025-02-21,55864.58,1629.713,1393.9,88482.1885,52392.9766,1459.637,17891.4152,92332.1249,52157.2947,42.9823,1527.21,3368.1626,1663.3598,2274.8705,96169.6176,51489.8623,1800.1324,19623.918,1723.64,9436.006
2025-02-24,55930.27,1629.713,1391.61,88353.2684,52415.0461,1460.757,17866.6613,92440.8935,52182.2236,43.2972,1527.88,3359.399,1665.2276,2276.7588,95973.1167,51538.3606,1800.0558,19709.169,1727.29,9436.006
2025-02-25,56006.85,1629.713,1397.94,89161.5668,52468.3932,1457.399,17793.7886,92577.8325,52239.4451,43.3721,1529.37,3369.01,1668.207,2279.6772,96148.5349,51599.6679,1801.4881,19669.13,1729.55,9436.006
2025-02-26,56498.36,1629.713,1409.59,90191.4511,52511.2974,1459.128,17794.2339,92922.0183,52273.9093,43.3122,1530.17,3394.6966,1668.7499,2280.2729,96519.5063,51623.9371,1803.1685,19638.144,1736.43,9436.006
2025-02-27,56746.83,1629.713,1418.22,90406.0324,52544.5543,1460.146,17899.3959,93229.5554,52291.1008,43.0873,1530.78,3409.2667,1669.36,2281.8319,97294.9419,51675.8087,1804.2985,19665.218,1743.91,9436.006
2025-02-28,56440.82,1632.309,1407.93,90406.0324,52578.0431,1460.655,18021.6219,93163.9182,52338.9366,42.9074,1531.94,3389.1779,1670.8344,2284.0176,96804.7847,51747.188,1805.4309,19665.358,1727.64,9436.006
2025-03-03,56496.44,1632.309,1409.38,90406.0324,52651.5425,1463.402,18075.9074,93260.6229,52398.9155,42.5176,1534.05,3391.6899,1673.5819,2287.4097,97032.4723,51830.3051,1808.2169,19723.018,1727.46,9436.006
2025-03-04,56325.34,1632.309,1403.85,90406.0324,52713.0387,1462.487,17990.0811,92914.8552,52448.6524,43.3272,1535.43,3380.1155,1676.6618,2291.8765,96576.3872,51878.6974,1809.7345,19722.727,1719.13,9436.006
2025-03-05,56399.3,1632.309,1408.25,90406.0324,52724.9366,1461.571,17886.8989,92604.4313,52462.9325,44.0618,1535.99,3393.2559,1676.3839,2291.8614,96931.2818,51865.8923,1809.6799,19849.655,1723.63,9436.006
2025-03-06,56608.24,1632.309,1413.82,90406.0324,52697.8741,1462.487,17949.6699,92784.0804,52432.0504,44.5115,1536.58,3410.0315,1675.1707,2289.7691,96967.418,51864.4113,1809.5429,19884.682,1732.04,9436.006
2025-03-07,56649.32,1632.309,1414.42,90406.0324,52763.844,1464.522,18046.9194,93065.2639,52510.7,44.6315,1538.53,3420.5098,1677.4263,2293.3007,97513.0723,51935.8957,1812.401,19764.393,1737.41,9436.006
2025-03-10,56675.52,1632.309,1415.47,90406.0324,52821.5274,1464.623,18107.6974,92858.8465,52571.2568,43.7169,1540.19,3416.4508,1680.2259,2297.7777,97013.2155,52003.9409,1817.3138,19834.124,1730.56,9436.006
2025-03-11,56523.94,1640.948,1412.38,90406.0324,52866.4222,1465.539,18162.1494,92912.8299,52613.867,44.0618,1541.71,3407.1589,1681.7909,2300.1785,96952.3344,52026.6619,1815.954,19877.688,1730.28,9436.006
2025-03-12,56699.4,1640.948,1421.18,90406.0324,52854.142,1464.623,18186.686,93361.8628,52608.976,43.9868,1541.88,3431.7563,1680.2167,2298.2422,97048.8595,51981.129,1816.4129,19877.138,1736.94,9436.006
2025-03-13,57105.32,1640.948,1435.35,90406.0324,52819.9833,1462.792,18248.4703,94498.5456,52573.6299,44.6165,1543.31,3456.1737,1678.5537,2295.6783,97975.6377,52062.4759,1814.7248,19877.138,1748.83,9436.006
2025-03-14,57782.69,1640.948,1445.75,90406.0324,52848.5448,1464.115,18274.7626,94946.5174,52614.5382,45.0662,1544.78,3476.7795,1679.2209,2297.1552,98789.7509,52117.3365,1815.4635,19884.736,1760.03,9436.006
2025-03-17,57889.47,1640.948,1466.97,90406.0324,52865.7748,1463.504,18431.092,95610.2101,52628.9582,46.0407,1545.04,3518.7949,1679.6088,2298.2647,100101.6658,52201.0811,1816.9534,19852.349,1781.71,9436.006
2025-03-18,57810.75,1640.948,1465.86,90406.0324,52860.5935,1465.031,18423.9261,95142.7223,52619.9977,46.3256,1544.88,3504.5233,1678.5353,2297.0932,100347.437,52202.5448,1817.3116,19870.671,1775.66,9436.006
2025-03-19,57905.12,1640.948,1471.12,90406.0324,52871.2666,1461.571,18481.3692,95166.7201,52642.6465,46.3855,1545.58,3523.9972,1678.8551,2297.6196,100355.2488,52238.6212,1817.0901,19873.915,1777.78,9436.006
2025-03-20,57744.04,1640.948,1467.43,90406.0324,52920.1788,1461.978,18452.3291,94484.7209,52695.6493,45.7559,1547.2,3506.5391,1679.7594,2300.3288,100069.1308,52303.2181,1819.3317,19873.905,1778.1,9436.006
2025-03-21,57642.17,1640.948,1464.56,94328.0888,52947.9229,1464.827,18287.5819,94508.9744,52714.9915,45.426,1547.55,3496.0407,1680.9233,2303.06,100214.6699,52333.8735,1818.8984,19878.496,1796.42,9436.006
2025-03-24,58114.8,1640.948,1477.89,94999.2388,52911.2183,1465.031,18418.9617,95209.7992,52665.9629,45.591,1546.78,3524.4632,1679.8252,2301.7065,100924.3116,52332.5577,1819.3049,19818.939,1786.19,9436.006
2025-03-25,57921.23,1640.948,1476.63,95444.244,52929.3952,1463.199,18401.0544,94919.1925,52688.3713,46.1157,1545.72,3518.6083,1680.282,2302.5749,100692.3127,52277.0147,1818.4734,19818.939,1785.46,9436.006
2025-03-26,57931.9,1647.358,1475.15,95562.9962,52963.1515,1465.336,18515.8567,94655.4057,52724.5286,45.3811,1546.55,3518.0956,1681.4013,2303.9662,100621.4613,52291.3286,1819.3041,19896.538,1783.92,9436.006
2025-03-27,58212.35,1647.358,1471.66,95756.1645,52974.1027,1466.15,18593.9909,95110.1619,52736.9243,45.2311,1546.91,3548.053,1681.9249,2304.5704,100953.0451,52262.7065,1818.4532,19896.538,1795.48,9436.006
2025-03-28,58426.16,1647.358,1478.02,95934.2654,52994.9143,1467.167,18742.0373,95941.6217,52763.4712,44.6165,1547.38,3561.2882,1683.0215,2305.8048,101679.1139,52298.2773,1820.6694,19873.905,1803.46,9436.006
2025-03-31,58200.24,1648.812,1465.46,95317.924,53035.5031,1467.982,18820.5985,95903.9027,52785.2687,44.7064,1547.97,3536.8512,1684.4484,2307.5646,101617.7184,52518.4151,1820.3343,19976.874,1795.24,9436.006
2025-04-01,58327.59,1648.812,1473.62,95606.3896,53088.956,1470.831,18822.0646,96205.477,52863.9104,45.2761,1549.24,3559.5139,1686.7461,2311.2584,102092.5253,52567.3553,1824.2086,20177.057,1808.04,9436.006
2025-04-02,58401.6,1648.812,1475.91,95561.4063,53183.7829,1471.747,18841.0801,96264.9482,52974.0887,44.8414,1551.62,3567.0291,1690.1904,2315.5388,102090.6057,52616.6034,1827.3854,20177.057,1807.65,9436.006
2025-04-03,58560.96,1648.812,1478.98,95818.8211,53306.1433,1474.698,18734.3924,96260.4159,53123.0003,45.0812,1553.75,3570.7492,1695.2648,2322.2853,102036.121,52688.1703,1832.9839,20046.346,1820.25,9436.006
2025-04-04,57333.61,1648.812,1437.3,93921.5869,53490.6726,1477.14,18563.0255,93795.2342,53358.6149,42.2627,1557.21,3464.6241,1702.2015,2331.5613,99872.2477,52658.74,1839.1085,20153.001,1766.53,9436.006
2025-04-07,55856.03,1648.812,1388.1,91606.3609,53537.0417,1476.529,18330.5053,90777.0445,53415.0406,40.6136,1557.39,3337.77,1703.8872,2333.8678,96901.991,52476.3473,1840.6698,19938.57,1710.77,9436.006
2025-04-08,55232.98,1648.812,1378.71,91385.9158,53543.4087,1477.852,18281.6425,89455.3483,53447.5594,39.7291,1557.06,3313.5017,1704.6718,2335.4804,96310.6442,52488.4076,1840.4243,19963.423,1700.0,9436.006
2025-04-09,57012.07,1648.812,1434.56,91385.9158,53474.6112,1477.547,18278.4678,91955.833,53365.3327,42.3377,1553.48,3444.9992,1703.1931,2332.823,97023.8291,52466.7517,1834.8948,19981.681,1766.49,9436.006
2025-04-10,56497.7,1648.812,1419.84,91385.9158,53496.6371,1480.294,18341.1177,90699.1301,53390.1468,41.2433,1554.88,3406.0938,1703.5844,2333.7667,97122.169,52517.1176,1835.9297,19989.333,1748.59,9436.006
2025-04-11,56877.27,1648.812,1424.33,91385.9158,53425.9183,1478.361,18424.2912,91548.9084,53286.7004,42.5626,1552.26,3419.934,1701.8723,2330.1844,97733.3967,52466.8873,1832.7706,19982.758,1756.03,9436.006
2025-04-14,57681.78,1660.92,1453.54,91385.9158,53485.4247,1478.056,18499.6365,92684.9882,53347.8179,43.672,1554.79,3482.3297,1703.2967,2333.1091,99449.7663,52623.9553,1834.2104,20090.373,1787.42,9436.006
2025-04-15,58343.94,1648.812,1483.64,91385.9158,53474.8279,1480.091,18497.2583,94327.94,53350.6105,44.0018,1554.84,3545.5326,1703.075,2333.1347,100237.1375,52662.1724,1834.303,20089.452,1813.48,9436.006
2025-04-16,58413.28,1648.812,1488.18,91385.9158,53479.1255,1480.193,18519.7146,94807.1529,53373.0854,44.1217,1555.27,3548.6044,1703.1605,2333.6816,100923.7272,52719.0728,1833.083,20090.308,1816.98,9436.006
2025-04-17,59130.89,1648.812,1510.57,91385.9158,53457.3765,1479.48,18577.2201,95712.8149,53315.279,44.9013,1554.34,3598.4992,1702.1941,2332.7472,102076.3747,52772.0209,1832.6319,20089.452,1836.36,9436.006
2025-04-18,59128.54,1648.812,1510.66,91385.9158,53468.3622,1479.48,18576.6516,95706.1503,53327.127,44.9013,1554.66,3598.1519,1702.5529,2333.2685,102070.7742,52781.3441,1833.2053,20089.452,1836.26,9436.006
2025-04-21,58621.5,1648.812,1502.26,91385.9158,53440.3855,1479.582,18637.852,95372.323,53320.1463,45.0512,1554.47,3572.6453,1701.5033,2332.0194,101669.3477,52731.7369,1831.0895,20089.473,1824.05,9436.006
2025-04-22,58900.85,1648.812,1510.98,91385.9158,53403.4747,1480.498,18774.1367,95757.385,53278.9319,46.3406,1554.0,3592.8971,1700.4653,2330.5806,101830.9199,52742.4323,1830.9438,20094.891,1836.74,9436.006
2025-04-23,59473.95,1648.812,1534.42,91385.9158,53431.3128,1480.091,18829.8955,96539.9129,53298.3135,46.7603,1555.07,3646.9198,1701.2701,2331.6953,102714.4925,52807.1263,1834.4929,20084.565,1869.17,9436.006
2025-04-24,59816.87,1648.812,1547.61,91385.9158,53436.7112,1480.396,18929.7137,97235.0016,53321.2945,47.5249,1556.01,3686.5855,1701.7564,2333.0651,103570.5205,52862.9847,1833.7464,20046.802,1878.61,9436.006
2025-04-25,59745.7,1648.812,1546.08,91385.9158,53457.6305,1480.091,19020.0667,97586.0959,53343.8587,47.48,1556.46,3699.6071,1702.4527,2334.2186,103523.0067,52890.8104,1834.5677,20046.109,1878.81,9436.006
2025-04-28,59806.89,1648.812,1539.7,91385.9158,53499.9386,1480.498,19082.0306,97794.6127,53390.0739,46.8353,1558.14,3695.0611,1704.1273,2336.3848,103350.6715,52942.373,1835.9784,20067.78,1873.55,9436.006
2025-04-29,60371.34,1648.812,1551.56,91385.9158,53529.7746,1482.33,19061.9779,98478.498,53429.2463,47.1351,1558.85,3729.2955,1705.5395,2338.064,104326.2077,53009.0335,1838.1978,20069.416,1883.08,9436.006
2025-04-30,60239.47,1648.812,1552.71,91385.9158,53550.5438,1481.923,19284.4317,98410.2144,53449.4285,46.6704,1559.6,3730.6796,1706.4868,2339.1028,104037.8593,53022.877,1837.9165,20075.907,1893.42,9436.006
2025-05-01,60237.16,1648.812,1552.88,91385.9158,53561.6851,1481.923,19283.8775,98404.0703,53461.3821,46.5804,1559.92,3730.3058,1706.8492,2339.6247,104032.1741,53002.28,1838.7487,20075.907,1893.32,9436.006
2025-05-02,60285.52,1666.78,1554.68,91385.9158,53558.2002,1482.431,19368.1741,98941.9069,53462.7673,47.0002,1559.96,3739.8083,1706.0886,2339.4714,103871.7056,52993.0269,1839.2241,20075.398,1894.27,9436.006
2025-05-05,60131.72,1666.78,1549.81,91385.9158,53560.5023,1484.467,19387.9518,99277.2181,53473.1319,47.345,1559.75,3738.6921,1706.5444,2340.2669,104202.2132,52999.249,1839.0654,20100.244,1893.48,9436.006
2025-05-06,60211.32,1666.78,1557.74,91385.9158,53550.0789,1484.06,19366.5877,99299.1291,53440.9745,47.405,1560.53,3752.9916,1706.0483,2340.6416,103774.2397,53002.3085,1838.4066,20100.721,1909.31,9436.006
2025-05-07,60654.94,1666.78,1573.24,91385.9158,53568.0266,1487.418,19544.3393,100245.5389,53448.6495,47.5999,1561.32,3780.9111,1706.025,2341.0349,105094.4784,53059.7212,1838.7903,20152.136,1933.66,9436.006
2025-05-08,60586.53,1666.78,1573.6,91385.9158,53577.3915,1485.688,19640.0072,99910.5939,53455.596,48.1996,1561.59,3799.898,1706.0159,2341.0114,105245.0945,53050.7443,1839.1323,20092.919,1938.72,9436.006
2025-05-09,60832.41,1666.78,1584.03,91385.9158,53562.9879,1486.807,19720.7463,100433.7134,53442.8312,48.2745,1561.65,3837.709,1705.7336,2340.4428,105304.9852,53014.7878,1838.9359,20083.124,1959.62,9436.006
2025-05-12,61221.37,1666.78,1595.27,91385.9158,53531.2257,1484.975,19878.6701,101286.2354,53392.8189,48.4994,1561.23,3889.0061,1704.2723,2338.7458,106484.3303,53043.204,1837.6827,19891.613,1982.24,9436.006
2025-05-13,61445.01,1665.595,1604.42,91385.9158,53496.4311,1484.467,20031.0909,101315.1557,53346.3862,48.8143,1561.26,3908.8307,1703.1724,2337.1842,106635.3466,53039.0293,1836.6593,20122.75,1994.13,9436.006
2025-05-14,61849.07,1663.203,1623.55,91385.9158,53434.1497,1482.126,20102.7461,102523.0505,53279.8562,49.8337,1560.15,3949.8598,1701.8736,2335.2392,107687.2456,53012.9167,1834.1278,20114.937,2016.22,9436.006
2025-05-15,61527.77,1663.203,1608.45,91385.9158,53457.5793,1483.042,20196.9295,102180.0793,53304.1824,49.5789,1561.06,3929.2333,1703.4498,2336.3685,107600.0234,53101.442,1836.1187,20115.653,2006.42,9436.006
2025-05-16,61527.83,1663.203,1603.54,91385.9158,53489.9005,1486.705,20247.727,103020.7482,53331.7197,48.8892,1561.23,3922.7191,1704.0122,2337.5539,107126.7125,53148.2306,1837.0449,20128.85,2004.15,9436.006
2025-05-19,61481.08,1663.203,1609.39,91385.9158,53486.5669,1485.077,20316.0517,102663.1378,53333.1785,49.4139,1561.48,3928.6106,1704.3586,2337.9453,107050.13,53088.7515,1837.2772,20128.85,2004.34,9436.006
2025-05-20,61723.32,1662.245,1611.24,91385.9158,53466.9804,1483.652,20330.5918,103081.0213,53317.6444,49.0991,1561.27,3950.0341,1703.5806,2337.4934,107624.269,53094.1419,1836.3466,20169.322,2014.09,9436.006
2025-05-21,61720.98,1662.245,1610.68,91385.9158,53473.6154,1483.652,20330.0609,103073.9459,53324.9046,49.0092,1561.49,3949.6034,1703.7947,2337.8181,107618.1548,53072.0595,1837.1354,20169.322,2014.0,9436.006
2025-05-22,61520.47,1662.245,1604.13,91385.9158,53425.1086,1481.617,20335.7256,102717.9126,53259.5227,48.9267,1560.44,3930.5459,1702.9749,2336.3727,107376.3931,53110.5461,1834.2872,20176.278,2005.76,9436.006
2025-05-23,61646.99,1662.245,1595.46,91385.9158,53423.0956,1481.007,20498.7387,103608.9521,53281.071,49.249,1560.68,3952.2934,1703.8919,2341.0204,107121.1296,53134.1383,1834.7957,20181.035,2019.27,9436.006
2025-05-26,61689.23,1662.245,1596.96,91385.9158,53432.5326,1482.228,20572.6458,104271.5935,53284.6726,49.249,1560.63,3950.9656,1703.3969,2340.6802,107392.5087,53126.7633,1835.5181,20208.645,2014.68,9436.006
2025-05-27,61532.0,1662.245,1592.01,91385.9158,53437.5683,1502.274,20500.6442,104244.3071,53300.7149,49.0991,1560.97,3934.7715,1703.6917,2341.1486,107432.5567,53158.0756,1836.333,20149.048,1999.2,9436.006
2025-05-28,60989.39,1662.988,1572.33,91385.9158,53417.9992,1481.414,20453.9789,103053.2363,53300.6257,48.2296,1560.69,3889.0291,1703.1194,2339.9239,106351.3985,53119.6999,1836.1675,20151.324,1977.15,9436.006
2025-05-29,60686.96,1662.988,1562.63,91385.9158,53435.9593,1484.161,20451.129,102988.096,53322.8032,48.0946,1561.68,3869.4587,1704.0985,2340.6405,105979.9435,53149.3523,1836.9426,20155.55,1961.65,9436.006
2025-05-30,60165.73,1662.988,1539.23,91385.9158,53494.6386,1484.06,20531.0937,102001.9022,53393.41,47.2251,1563.78,3823.3917,1706.0308,2343.2097,104603.8464,53185.0479,1839.3307,20165.302,1928.3,9436.006
2025-06-02,60127.72,1665.239,1535.65,91385.9158,53523.5207,1484.874,20426.7389,101420.6631,53429.5758,47.2701,1564.36,3812.4386,1706.7951,2344.9055,103994.7663,53161.9337,1840.0062,20211.267,1933.19,9436.006
2025-06-03,60360.16,1665.239,1546.64,91385.9158,53538.5807,1485.688,20351.0862,101517.9744,53447.0878,47.345,1564.87,3837.6322,1706.922,2345.6455,104443.1382,53196.7126,1840.88,20202.013,1953.21,9436.006
2025-06-04,60589.06,1665.239,1555.77,91385.9158,53562.477,1485.789,20355.7987,102264.0125,53482.7598,47.7948,1560.49,3696.1746,1708.004,2346.2016,105130.0005,53283.4145,1842.1365,20158.356,1970.61,9436.006
2025-06-05,60365.57,1665.239,1549.07,91385.9158,53575.6654,1485.789,20457.9019,102711.0123,53504.3446,48.2296,1566.8,3869.4093,1708.3324,2346.7095,105055.7253,53298.5882,1843.5592,20251.988,1960.73,9436.006
2025-06-06,60498.67,1665.239,1549.54,91385.9158,53583.2194,1486.705,20568.471,102414.4208,53510.2191,47.7348,1567.09,3874.1292,1708.3688,2346.7808,105063.9964,53281.7711,1843.0823,20218.679,1965.44,9436.006
2025-06-09,60359.06,1665.239,1548.85,91385.9158,53661.4807,1487.621,20528.0098,102258.217,53614.9153,47.5999,1570.46,3875.8099,1710.8939,2352.3553,104943.8139,53379.4004,1845.4998,20377.541,1968.53,9436.006
2025-06-10,60455.03,1665.239,1561.42,91385.9158,53639.0335,1489.555,20472.2933,102595.765,53584.4895,47.7048,1569.62,3904.8363,1710.088,2351.4862,104913.0063,53393.1826,1845.2622,20251.988,1987.08,9436.006
2025-06-11,60950.55,1665.239,1580.39,91385.9158,53656.5635,1489.046,20555.3086,103213.7512,53600.836,48.7843,1570.04,3935.8345,1710.5704,2352.016,105903.0957,53444.9892,1846.7083,20273.919,2012.79,9436.006
2025-06-12,60707.96,1670.162,1569.92,91385.9158,53680.0049,1488.74,20618.6847,103168.8603,53624.2622,48.7393,1570.34,3918.1121,1711.2036,2352.5749,105653.9697,53457.7443,1847.5419,20273.659,1997.56,9436.006
2025-06-13,60247.31,1670.162,1559.46,91385.9158,53678.2196,1486.807,20555.9142,102827.5326,53621.5109,47.7198,1569.97,3883.564,1710.7998,2352.4162,104464.1409,53398.6068,1847.8991,20257.059,1984.83,9436.006
2025-06-16,60105.63,1670.162,1554.26,91385.9158,52428.8735,1487.926,20643.6813,102220.8639,53629.7798,47.6484,1569.66,3872.7303,1711.0015,2352.6701,104297.3969,53397.2099,1848.2466,20262.824,1975.17,9436.006
2025-06-17,59619.82,1670.162,1540.95,91385.9158,53714.9503,1488.028,20575.4478,101123.8139,53675.5479,46.6375,1571.0,3845.4482,1712.1938,2354.4845,103215.6938,53405.524,1849.1429,20284.495,1963.26,9436.006
2025-06-18,59447.34,1672.48,1535.17,91385.9158,53736.8534,1488.74,20551.7326,100592.1242,53695.7336,46.4691,1571.72,3851.3707,1712.9712,2355.6828,102188.1362,53370.7835,1825.2962,20290.4,1963.09,9436.006
2025-06-19,59244.44,1672.48,1526.96,91385.9158,53751.2553,1489.571,20476.54,100023.0548,53692.1488,46.4691,1572.43,3834.6154,1712.881,2355.9518,102020.6567,53403.5328,1848.8784,20284.495,1961.25,9436.006
2025-06-20,59242.05,1672.48,1526.44,91385.9158,53758.1705,1489.571,20476.0076,100015.7515,53699.4543,46.1015,1572.65,3834.2998,1713.0948,2356.2754,102001.6699,53406.7521,1850.3347,20284.495,1961.16,9436.006
2025-06-23,58990.08,1673.346,1516.08,91385.9158,53775.6929,1489.261,20445.4706,99799.2643,53724.0204,45.9943,1574.09,3814.765,1713.4218,2358.4951,101461.1399,53448.3881,1850.3377,20300.272,1947.6,9436.006
2025-06-24,59562.7,1673.346,1538.69,91385.9158,53774.5916,1488.746,20396.2145,101014.3662,53734.9808,47.4187,1574.14,3866.6082,1713.4976,2358.508,103380.1365,53551.4505,1850.4295,20357.094,1973.2,9436.006
2025-06-25,59483.67,1673.346,1540.07,91385.9158,53774.5742,1489.055,20318.107,100542.7599,53737.0552,47.2655,1574.09,3865.384,1713.4317,2358.5173,103459.0918,53567.8142,1850.9143,20376.599,1968.51,9436.006
2025-06-26,59727.1,1673.346,1546.36,91385.9158,53769.6562,1489.364,20438.2424,101199.3123,53729.0035,47.8781,1573.99,3881.252,1713.4711,2358.1604,104081.6956,53596.8572,1849.2355,20347.342,1975.06,9436.006
2025-06-27,59896.73,1673.346,1554.18,91385.9158,53756.9998,1489.777,20536.637,101426.0069,53716.2861,47.5565,1574.11,3896.5134,1712.6495,2357.8052,104205.082,53616.5128,1850.7381,20371.181,1983.31,9436.006
2025-06-30,59951.44,1673.346,1561.26,91385.9158,53779.8015,1488.334,20445.7749,101808.6221,53741.2246,48.1692,1574.88,3917.479,1713.0384,2358.5916,104445.6765,53648.8804,1851.2012,20395.16,1995.82,9436.006
2025-07-01,59854.16,1673.346,1554.4,91385.9158,53773.5622,1487.716,20472.6662,101588.0629,53737.6264,48.2611,1575.79,3900.2038,1713.1466,2359.8215,104349.8962,53626.8493,1852.3536,20987.344,1982.74,9436.006
2025-07-02,60183.78,1673.346,1565.39,91385.9158,53778.2539,1488.334,20495.8844,102194.3556,53738.2452,48.7818,1576.05,3931.6664,1713.3018,2359.4256,104902.8776,53625.7305,1856.7496,20486.69,1994.39,9436.006
2025-07-03,60429.98,1646.263,1571.6,91385.9158,53747.6806,1488.437,20459.67,102342.5094,53705.6344,48.7358,1575.38,3939.9548,1711.9459,2357.6127,104813.7755,53587.7021,1856.1387,20698.734,2002.18,9436.006
2025-07-04,60411.06,1646.263,1571.9,91385.9158,53752.9029,1488.025,20575.3103,102443.9431,53718.7515,48.7358,1575.59,3936.4339,1712.2496,2358.02,104829.9179,53614.4609,1856.5669,20460.034,2001.09,9436.006
2025-07-07,60149.44,1646.263,1563.21,91385.9158,53726.8457,1489.055,20550.5337,101784.8495,53702.1218,47.5106,1575.62,3920.7114,1711.2991,2357.4792,104494.3573,53602.5155,1856.9169,20519.858,1994.22,9436.006
2025-07-08,60492.63,1646.263,1576.91,91385.9158,53750.162,1487.613,20701.1447,101983.2088,53727.1365,48.1079,1576.83,3956.757,1711.6257,2359.7928,105220.0525,53601.4277,1857.436,20474.12,2007.25,9436.006
2025-07-09,60471.4,1646.263,1578.72,91385.9158,53717.7695,1489.055,20691.7294,101707.0607,53724.5455,47.5412,1576.89,3962.4795,1711.134,2358.9074,104887.904,53588.0807,1857.8352,20471.14,2010.85,9436.006
2025-07-10,60692.93,1646.263,1580.46,91385.9158,53696.6561,1487.201,20672.7393,101897.5862,53709.8932,47.6331,1576.84,3963.9926,1710.5746,2358.2971,105371.7615,53595.6265,1857.8304,20481.044,2013.8,9436.006
2025-07-11,60124.81,1646.263,1560.13,91385.9158,53672.5473,1486.273,20564.1213,100909.5878,53678.5983,46.7294,1576.63,3924.6229,1709.8997,2357.5087,104154.8709,53554.4367,1857.7192,20487.47,1988.71,9436.006
2025-07-14,59941.61,1646.263,1557.77,91385.9158,53671.5206,1486.273,20485.3842,100622.3325,53649.4183,46.27,1576.68,3921.9791,1709.1264,2357.0801,104041.5318,53563.9537,1856.089,20511.785,1986.45,9436.006
2025-07-15,59466.48,1646.263,1541.11,91385.9158,53669.6177,1485.552,20404.4055,99726.1759,53652.0189,45.7798,1576.71,3883.2882,1709.0534,2357.1308,103088.9113,53497.2262,1857.0958,20512.284,1968.3,9436.006
2025-07-16,59464.16,1646.263,1540.89,91385.9158,53667.6045,1485.552,20403.8564,99718.7551,53650.5164,45.596,1576.72,3882.9804,1708.9792,2357.0673,103083.1925,53502.3589,1856.8513,20512.284,1968.21,9436.006
2025-07-17,59693.43,1666.704,1545.69,91385.9158,53672.7568,1485.964,20531.781,100520.5391,53682.3564,46.3006,1577.28,3914.4344,1709.7261,2357.1656,103011.918,53508.176,1858.0808,20518.785,1977.96,9436.006
2025-07-18,59481.4,1666.704,1539.07,91385.9158,53679.2548,1484.728,20513.2528,100661.7793,53706.2935,46.1934,1577.68,3897.7753,1710.35,2357.4105,103222.9026,53535.2877,1858.7596,20513.14,1975.61,9436.006
2025-07-21,59254.08,1666.704,1533.56,91385.9158,53724.495,1485.861,20512.5385,99990.029,53756.5597,46.4078,1579.1,3887.7658,1712.1627,2359.5839,102914.4392,53595.8426,1861.396,20533.728,1961.63,9436.006
2025-07-22,59265.63,1666.704,1535.58,91385.9158,53836.3451,1488.746,20531.425,100149.9105,53851.4971,46.5456,1581.06,3899.2501,1715.3026,2363.3069,103024.9729,53654.3895,1864.3521,20521.745,1954.87,9436.006
2025-07-23,59377.82,1675.209,1542.39,91385.9158,53850.7912,1488.643,20515.1225,100205.7009,53865.1714,46.5763,1581.14,3902.7789,1715.6091,2363.6706,102814.8483,53658.7751,1864.8198,20534.414,1965.71,9436.006
2025-07-24,59515.81,1676.667,1541.42,91385.9158,53881.9523,1490.395,20488.5005,100343.4083,53904.4696,46.6988,1582.18,3909.5288,1716.5506,2364.8462,103226.5631,53695.5302,1865.5026,20549.131,1963.46,9436.006
2025-07-25,59929.15,1676.667,1553.53,91385.9158,53900.5958,1492.971,20609.7119,101154.719,53926.4719,46.4691,1582.72,3944.8211,1717.2246,2366.4951,103687.1018,53741.2178,1867.1094,20553.869,1978.55,9436.006
2025-07-28,59185.57,1677.117,1520.64,91385.9158,53946.0052,1492.455,20575.0634,99752.1771,53988.2338,45.6114,1583.98,3878.0401,1718.7311,2368.5636,102894.2,53758.2555,1868.8075,20588.183,1942.19,9436.006
2025-07-29,59457.24,1677.117,1524.77,91385.9158,54018.203,1496.165,20618.4693,99523.3084,54044.8137,45.6879,1586.06,3890.7263,1720.8636,2370.5797,102302.3033,53784.4831,1871.207,20560.46,1951.22,9436.006
2025-07-30,59426.48,1677.117,1530.83,91385.9158,54085.3179,1495.443,20569.406,100227.9099,54099.8285,45.1519,1587.43,3899.0742,1722.8304,2373.1539,102900.7814,53817.8464,1872.9853,20591.451,1953.61,9436.006
2025-07-31,59605.19,1681.117,1537.55,91385.9158,54121.9026,1496.783,20628.5421,100854.9,54109.1936,45.6879,1587.84,3916.597,1723.3979,2373.4394,103319.9242,53864.0249,1872.3788,20620.514,1973.68,9436.006
2025-08-01,59502.66,1681.117,1533.75,91385.9158,54169.959,1496.989,20688.9616,100749.1382,54176.5647,45.9177,1589.06,3909.9529,1725.8972,2376.0793,103135.512,53906.2505,1874.7797,20511.952,1969.61,9436.006
2025-08-04,59718.16,1681.117,1541.72,91385.9158,54230.1426,1498.638,20655.1979,100875.648,54227.5457,46.3159,1590.26,3922.9405,1727.7917,2377.7765,103252.5118,53936.9204,1876.9323,20594.512,1979.42,9436.006
2025-08-05,59680.56,1681.117,1539.28,91385.9158,54292.9288,1499.256,20585.5873,100705.9014,54278.7703,46.3465,1591.42,3917.0722,1729.0157,2379.2329,103230.7445,53952.4133,1877.9045,20626.309,1977.55,9436.006
2025-08-06,60021.09,1681.117,1547.89,91385.9158,54322.7994,1499.359,20808.9268,101515.4043,54327.5266,46.0862,1592.87,3936.4905,1729.7956,2382.0328,104044.2562,53993.1999,1879.5111,20620.873,1989.11,9436.006
2025-08-07,60466.1,1693.349,1573.26,91385.9158,54387.7488,1499.359,20884.7221,103011.266,54422.2079,47.0817,1595.36,3995.8422,1731.633,2384.371,105064.7125,54059.74,1881.8183,20618.727,2013.82,9436.006
2025-08-08,61113.05,1693.349,1605.55,91385.9158,54438.5462,1501.42,21022.0194,104222.3883,54416.7604,48.1079,1596.41,4070.4414,1732.2966,2387.3714,106542.0773,54100.8897,1882.5033,20648.096,2045.76,9436.006
2025-08-11,61489.1,1698.884,1623.49,91385.9158,54548.4811,1504.923,21224.3266,105171.5643,54526.3008,48.1998,1598.92,4132.8217,1735.2082,2391.4723,108026.2203,54202.6989,1885.2964,20656.266,2060.72,9436.006
2025-08-12,61473.8,1698.972,1621.13,91385.9158,54566.428,1506.056,21217.324,105289.3681,54541.9225,48.9656,1599.74,4129.7999,1735.5524,2392.2713,107663.3757,54227.5761,1886.2577,20680.775,2058.19,9436.006
2025-08-13,62247.15,1698.972,1646.34,91385.9158,54584.1943,1507.189,21240.5202,106960.2717,54566.3271,49.8386,1600.81,4202.3679,1736.6314,2393.3569,109350.6972,54336.4092,1887.8163,20688.662,2092.65,9436.006
2025-08-14,62119.09,1698.972,1653.49,91385.9158,54553.0273,1506.88,21335.4548,106881.9674,54548.5318,49.4251,1600.39,4210.0263,1735.7616,2392.1079,109311.1418,54333.516,1886.8505,20718.902,2096.67,9436.006
2025-08-15,62116.72,1698.972,1654.08,91385.9158,54570.2458,1506.88,21334.8971,106874.7224,54566.2774,49.6242,1600.86,4209.5868,1736.3133,2392.8919,109412.6958,54345.7881,1887.3118,20718.902,2096.57,9436.006
2025-08-18,62480.32,1698.972,1671.34,91385.9158,54548.8895,1508.632,21366.7027,107689.7496,54542.7061,49.8539,1601.32,4249.5044,1735.4849,2392.9167,110249.6824,54388.6688,1886.7916,20722.137,2112.82,9436.006
2025-08-19,62012.89,1698.972,1654.54,91385.9158,54495.121,1505.85,21382.2249,106833.0227,54480.998,49.3025,1600.57,4216.9177,1733.9708,2390.982,109842.8719,54370.2136,1885.1651,20721.08,2093.97,9436.006
2025-08-20,61850.81,1698.972,1648.47,91385.9158,54417.1989,1506.159,21414.0348,106476.4431,54374.3568,49.0728,1599.05,4197.215,1731.136,2387.1225,108869.1728,54336.8667,1882.8687,20720.742,2083.58,9436.006
2025-08-21,62072.53,1698.972,1659.34,91385.9158,54399.3008,1507.499,21477.8552,106711.2659,54345.5145,48.8584,1598.01,4216.0856,1730.3685,2386.3498,109544.0196,54317.7142,1881.6445,20740.742,2091.73,9436.006
2025-08-22,62613.09,1698.972,1687.27,91385.9158,54473.9111,1505.953,21507.6388,108188.8827,54424.6502,50.2368,1600.03,4265.126,1733.2758,2389.7484,110770.8488,54411.9384,1884.6901,20737.115,2123.68,9436.006
2025-08-25,62735.52,1696.78,1696.08,91385.9158,54539.9126,1507.086,21583.4092,108491.1246,54495.5873,50.099,1601.52,4287.3294,1735.0096,2392.6281,111253.4234,54461.8496,1886.5954,20739.076,2131.23,9436.006
2025-08-26,62450.19,1696.78,1684.06,91385.9158,54526.9107,1508.735,21567.6196,107662.3097,54485.4294,49.6854,1601.35,4263.2391,1734.8761,2392.5687,110168.4255,54439.5878,1886.0119,20760.949,2123.87,9436.006
2025-08-27,62796.17,1696.78,1699.22,91385.9158,54571.5973,1505.747,21602.0796,109037.1898,54532.0704,49.8539,1602.32,4300.6376,1736.3885,2394.1745,110867.4341,54474.0119,1886.9788,20764.326,2138.0,9436.006
2025-08-28,62796.17,1696.867,1707.05,91385.9158,54572.1452,1507.086,21602.0796,109037.1898,54532.0704,49.8999,1602.32,4300.6376,1736.168,2394.1745,110867.4341,54510.1821,1886.9788,20751.581,2150.1,9436.006
2025-08-29,62796.17,1696.867,1707.05,91385.9158,54572.1452,1505.85,21602.0796,109037.1898,54532.0704,50.0683,1602.32,4300.6376,1736.168,2394.1745,110867.4341,54510.1821,1886.9788,20779.512,2150.1,9436.006
2025-09-02,,,,,,,,,,,,,,,,,,,,
2025-09-03,,,,,,,,,,,,,,,,,,,,
2025-09-04,,,,,,,,,,,,,,,,,,,,
2025-09-05,,,,,,,,,,,,,,,,,,,,
2025-09-08,,,,,,,,,,,,,,,,,,,,
2025-09-09,,,,,,,,,,,,,,,,,,,,
2025-09-10,,,,,,,,,,,,,,,,,,,,
